Settlement;Date;ContractName
47,35;03.01.2011;Q2-2011
47,09;04.01.2011;Q2-2011
47,24;05.01.2011;Q2-2011
48,48;06.01.2011;Q2-2011
49,28;07.01.2011;Q2-2011
49,15;10.01.2011;Q2-2011
49,55;11.01.2011;Q2-2011
49,54;12.01.2011;Q2-2011
49,01;13.01.2011;Q2-2011
48,58;14.01.2011;Q2-2011
48,41;17.01.2011;Q2-2011
47,97;18.01.2011;Q2-2011
47,86;19.01.2011;Q2-2011
47,39;20.01.2011;Q2-2011
47,15;21.01.2011;Q2-2011
47,08;24.01.2011;Q2-2011
46,54;25.01.2011;Q2-2011
46,75;26.01.2011;Q2-2011
46,74;27.01.2011;Q2-2011
46,58;28.01.2011;Q2-2011
46,74;31.01.2011;Q2-2011
46,7;01.02.2011;Q2-2011
47,12;02.02.2011;Q2-2011
47,53;03.02.2011;Q2-2011
47,13;04.02.2011;Q2-2011
46,3;07.02.2011;Q2-2011
46,11;08.02.2011;Q2-2011
46;09.02.2011;Q2-2011
46,46;10.02.2011;Q2-2011
46,8;11.02.2011;Q2-2011
46,54;14.02.2011;Q2-2011
46,5;15.02.2011;Q2-2011
46,62;16.02.2011;Q2-2011
46,86;17.02.2011;Q2-2011
47,12;18.02.2011;Q2-2011
48,05;21.02.2011;Q2-2011
48,41;22.02.2011;Q2-2011
48,73;23.02.2011;Q2-2011
48,65;24.02.2011;Q2-2011
48,58;25.02.2011;Q2-2011
48,61;28.02.2011;Q2-2011
48,55;01.03.2011;Q2-2011
48,44;02.03.2011;Q2-2011
49,1;03.03.2011;Q2-2011
50,36;04.03.2011;Q2-2011
50,3;07.03.2011;Q2-2011
49,75;08.03.2011;Q2-2011
49,99;09.03.2011;Q2-2011
50,03;10.03.2011;Q2-2011
50,22;11.03.2011;Q2-2011
52,7;14.03.2011;Q2-2011
61;15.03.2011;Q2-2011
61,24;16.03.2011;Q2-2011
60,32;17.03.2011;Q2-2011
58,65;18.03.2011;Q2-2011
56,43;21.03.2011;Q2-2011
56,13;22.03.2011;Q2-2011
57,02;23.03.2011;Q2-2011
56,9;24.03.2011;Q2-2011
56,55;25.03.2011;Q2-2011
56,16;28.03.2011;Q2-2011
57,18;29.03.2011;Q3-2011
56,53;30.03.2011;Q3-2011
57,32;31.03.2011;Q3-2011
58,09;01.04.2011;Q3-2011
58,97;04.04.2011;Q3-2011
58,36;05.04.2011;Q3-2011
58,42;06.04.2011;Q3-2011
57,99;07.04.2011;Q3-2011
58,11;08.04.2011;Q3-2011
57,68;11.04.2011;Q3-2011
57,32;12.04.2011;Q3-2011
56,66;13.04.2011;Q3-2011
56,78;14.04.2011;Q3-2011
56,95;15.04.2011;Q3-2011
56,85;18.04.2011;Q3-2011
56,41;19.04.2011;Q3-2011
57,07;20.04.2011;Q3-2011
57,45;21.04.2011;Q3-2011
56,82;26.04.2011;Q3-2011
57,17;27.04.2011;Q3-2011
57,46;28.04.2011;Q3-2011
57,7;29.04.2011;Q3-2011
58,88;02.05.2011;Q3-2011
58,18;03.05.2011;Q3-2011
58,35;04.05.2011;Q3-2011
57,85;05.05.2011;Q3-2011
57,77;06.05.2011;Q3-2011
58,28;09.05.2011;Q3-2011
58,43;10.05.2011;Q3-2011
58,65;11.05.2011;Q3-2011
59,48;12.05.2011;Q3-2011
60,2;13.05.2011;Q3-2011
60,02;16.05.2011;Q3-2011
59,66;17.05.2011;Q3-2011
59,41;18.05.2011;Q3-2011
59,92;19.05.2011;Q3-2011
59,77;20.05.2011;Q3-2011
59,19;23.05.2011;Q3-2011
59,05;24.05.2011;Q3-2011
58,32;25.05.2011;Q3-2011
58,35;26.05.2011;Q3-2011
58,72;27.05.2011;Q3-2011
58,31;30.05.2011;Q3-2011
57,79;31.05.2011;Q3-2011
57,95;01.06.2011;Q3-2011
57,95;02.06.2011;Q3-2011
57,85;03.06.2011;Q3-2011
57,11;06.06.2011;Q3-2011
57,08;07.06.2011;Q3-2011
56,84;08.06.2011;Q3-2011
56,86;09.06.2011;Q3-2011
56,89;10.06.2011;Q3-2011
57,17;14.06.2011;Q3-2011
57,06;15.06.2011;Q3-2011
56,82;16.06.2011;Q3-2011
56,53;17.06.2011;Q3-2011
55,8;20.06.2011;Q3-2011
55,45;21.06.2011;Q3-2011
55,7;22.06.2011;Q3-2011
54,5;23.06.2011;Q3-2011
55,07;24.06.2011;Q3-2011
53,58;27.06.2011;Q3-2011
62,78;28.06.2011;Q4-2011
62,27;29.06.2011;Q4-2011
61,75;30.06.2011;Q4-2011
61,42;01.07.2011;Q4-2011
61,57;04.07.2011;Q4-2011
62,07;05.07.2011;Q4-2011
62,17;06.07.2011;Q4-2011
63,13;07.07.2011;Q4-2011
62,79;08.07.2011;Q4-2011
62,09;11.07.2011;Q4-2011
62,48;12.07.2011;Q4-2011
62,38;13.07.2011;Q4-2011
62,58;14.07.2011;Q4-2011
62,75;15.07.2011;Q4-2011
62,14;18.07.2011;Q4-2011
62,43;19.07.2011;Q4-2011
62,39;20.07.2011;Q4-2011
62,65;21.07.2011;Q4-2011
62,58;22.07.2011;Q4-2011
61,99;25.07.2011;Q4-2011
61,67;26.07.2011;Q4-2011
60,97;27.07.2011;Q4-2011
60,82;28.07.2011;Q4-2011
60,58;29.07.2011;Q4-2011
60,75;01.08.2011;Q4-2011
60,5;02.08.2011;Q4-2011
60,29;03.08.2011;Q4-2011
60,11;04.08.2011;Q4-2011
59,72;05.08.2011;Q4-2011
59,9;08.08.2011;Q4-2011
60,32;09.08.2011;Q4-2011
61,04;10.08.2011;Q4-2011
61,5;11.08.2011;Q4-2011
61,62;12.08.2011;Q4-2011
61,62;15.08.2011;Q4-2011
61,27;16.08.2011;Q4-2011
61,49;17.08.2011;Q4-2011
61,43;18.08.2011;Q4-2011
61,6;19.08.2011;Q4-2011
61,88;22.08.2011;Q4-2011
62,42;23.08.2011;Q4-2011
63,74;24.08.2011;Q4-2011
63,06;25.08.2011;Q4-2011
63,52;26.08.2011;Q4-2011
65,22;29.08.2011;Q4-2011
65,36;30.08.2011;Q4-2011
65,38;31.08.2011;Q4-2011
65,39;01.09.2011;Q4-2011
65,17;02.09.2011;Q4-2011
64,57;05.09.2011;Q4-2011
64,84;06.09.2011;Q4-2011
64,82;07.09.2011;Q4-2011
65,42;08.09.2011;Q4-2011
65,05;09.09.2011;Q4-2011
64,84;12.09.2011;Q4-2011
64,88;13.09.2011;Q4-2011
64,28;14.09.2011;Q4-2011
64,1;15.09.2011;Q4-2011
63,57;16.09.2011;Q4-2011
62,89;19.09.2011;Q4-2011
62,22;20.09.2011;Q4-2011
62,28;21.09.2011;Q4-2011
62,03;22.09.2011;Q4-2011
61,78;23.09.2011;Q4-2011
60,73;26.09.2011;Q4-2011
60,48;27.09.2011;Q4-2011
61,54;28.09.2011;Q1-2012
62,22;29.09.2011;Q1-2012
61,65;30.09.2011;Q1-2012
61,65;03.10.2011;Q1-2012
60,17;04.10.2011;Q1-2012
60,53;05.10.2011;Q1-2012
60,18;06.10.2011;Q1-2012
60,27;07.10.2011;Q1-2012
60,77;10.10.2011;Q1-2012
60,65;11.10.2011;Q1-2012
61,3;12.10.2011;Q1-2012
60,54;13.10.2011;Q1-2012
60,41;14.10.2011;Q1-2012
60,23;17.10.2011;Q1-2012
59,65;18.10.2011;Q1-2012
59,36;19.10.2011;Q1-2012
58,9;20.10.2011;Q1-2012
59,17;21.10.2011;Q1-2012
58,91;24.10.2011;Q1-2012
58,86;25.10.2011;Q1-2012
58,76;26.10.2011;Q1-2012
59,35;27.10.2011;Q1-2012
59,26;28.10.2011;Q1-2012
58,86;31.10.2011;Q1-2012
58,41;01.11.2011;Q1-2012
58,15;02.11.2011;Q1-2012
58,47;03.11.2011;Q1-2012
58,64;04.11.2011;Q1-2012
60,21;07.11.2011;Q1-2012
60,01;08.11.2011;Q1-2012
59,15;09.11.2011;Q1-2012
59,36;10.11.2011;Q1-2012
59,38;11.11.2011;Q1-2012
58,83;14.11.2011;Q1-2012
58,75;15.11.2011;Q1-2012
58,82;16.11.2011;Q1-2012
58,49;17.11.2011;Q1-2012
57,6;18.11.2011;Q1-2012
56,83;21.11.2011;Q1-2012
57;22.11.2011;Q1-2012
56,17;23.11.2011;Q1-2012
55,94;24.11.2011;Q1-2012
55,36;25.11.2011;Q1-2012
55,23;28.11.2011;Q1-2012
54,25;29.11.2011;Q1-2012
54,79;30.11.2011;Q1-2012
54,06;01.12.2011;Q1-2012
53,97;02.12.2011;Q1-2012
53,14;05.12.2011;Q1-2012
52,91;06.12.2011;Q1-2012
53,03;07.12.2011;Q1-2012
53,65;08.12.2011;Q1-2012
53,9;09.12.2011;Q1-2012
53,46;12.12.2011;Q1-2012
53,59;13.12.2011;Q1-2012
52,81;14.12.2011;Q1-2012
52,54;15.12.2011;Q1-2012
52,2;16.12.2011;Q1-2012
51,43;19.12.2011;Q1-2012
52,4;20.12.2011;Q1-2012
52,25;21.12.2011;Q1-2012
52,73;22.12.2011;Q1-2012
52,61;23.12.2011;Q1-2012
52,47;27.12.2011;Q1-2012
48,86;28.12.2011;Q2-2012
48,6;29.12.2011;Q2-2012
48,37;30.12.2011;Q2-2012
47,05;02.01.2012;Q2-2012
46,28;03.01.2012;Q2-2012
45,93;04.01.2012;Q2-2012
46;05.01.2012;Q2-2012
45,92;06.01.2012;Q2-2012
45,97;09.01.2012;Q2-2012
45,57;10.01.2012;Q2-2012
45,32;11.01.2012;Q2-2012
45,07;12.01.2012;Q2-2012
44,45;13.01.2012;Q2-2012
43,24;16.01.2012;Q2-2012
43,28;17.01.2012;Q2-2012
43,48;18.01.2012;Q2-2012
43,43;19.01.2012;Q2-2012
43,8;20.01.2012;Q2-2012
43,21;23.01.2012;Q2-2012
43,18;24.01.2012;Q2-2012
43,6;25.01.2012;Q2-2012
44,13;26.01.2012;Q2-2012
45,19;27.01.2012;Q2-2012
46,15;30.01.2012;Q2-2012
44,95;31.01.2012;Q2-2012
44,8;01.02.2012;Q2-2012
45,25;02.02.2012;Q2-2012
45,43;03.02.2012;Q2-2012
44,9;06.02.2012;Q2-2012
45,49;07.02.2012;Q2-2012
44,85;08.02.2012;Q2-2012
44,18;09.02.2012;Q2-2012
43,75;10.02.2012;Q2-2012
43;13.02.2012;Q2-2012
43,13;14.02.2012;Q2-2012
43,9;15.02.2012;Q2-2012
43,77;16.02.2012;Q2-2012
44,14;17.02.2012;Q2-2012
43,67;20.02.2012;Q2-2012
43,79;21.02.2012;Q2-2012
45,07;22.02.2012;Q2-2012
45,92;23.02.2012;Q2-2012
46,32;24.02.2012;Q2-2012
46,75;27.02.2012;Q2-2012
45,33;28.02.2012;Q2-2012
44,7;29.02.2012;Q2-2012
44,45;01.03.2012;Q2-2012
44,43;02.03.2012;Q2-2012
43,82;05.03.2012;Q2-2012
43,51;06.03.2012;Q2-2012
43,7;07.03.2012;Q2-2012
44,27;08.03.2012;Q2-2012
44,08;09.03.2012;Q2-2012
43,4;12.03.2012;Q2-2012
43,3;13.03.2012;Q2-2012
43,85;14.03.2012;Q2-2012
43,89;15.03.2012;Q2-2012
43,8;16.03.2012;Q2-2012
43,95;19.03.2012;Q2-2012
43,67;20.03.2012;Q2-2012
43,29;21.03.2012;Q2-2012
42,6;22.03.2012;Q2-2012
42,2;23.03.2012;Q2-2012
41,23;26.03.2012;Q2-2012
41,33;27.03.2012;Q2-2012
44,9;28.03.2012;Q3-2012
45,17;29.03.2012;Q3-2012
44,75;30.03.2012;Q3-2012
44,5;02.04.2012;Q3-2012
44,33;03.04.2012;Q3-2012
44,25;04.04.2012;Q3-2012
44,48;05.04.2012;Q3-2012
44,95;10.04.2012;Q3-2012
44,78;11.04.2012;Q3-2012
44,93;12.04.2012;Q3-2012
45,05;13.04.2012;Q3-2012
44,3;16.04.2012;Q3-2012
44,25;17.04.2012;Q3-2012
44,25;18.04.2012;Q3-2012
44,05;19.04.2012;Q3-2012
44,15;20.04.2012;Q3-2012
44;23.04.2012;Q3-2012
43,8;24.04.2012;Q3-2012
43,35;25.04.2012;Q3-2012
43,45;26.04.2012;Q3-2012
43,7;27.04.2012;Q3-2012
43,6;30.04.2012;Q3-2012
43,39;02.05.2012;Q3-2012
43,17;03.05.2012;Q3-2012
42,9;04.05.2012;Q3-2012
42,34;07.05.2012;Q3-2012
42,2;08.05.2012;Q3-2012
42,48;09.05.2012;Q3-2012
42,55;10.05.2012;Q3-2012
42,22;11.05.2012;Q3-2012
42,03;14.05.2012;Q3-2012
41,8;15.05.2012;Q3-2012
41,83;16.05.2012;Q3-2012
41,83;17.05.2012;Q3-2012
41,33;18.05.2012;Q3-2012
41,25;21.05.2012;Q3-2012
41,02;22.05.2012;Q3-2012
41,28;23.05.2012;Q3-2012
41,4;24.05.2012;Q3-2012
41,5;25.05.2012;Q3-2012
41,5;28.05.2012;Q3-2012
41,82;29.05.2012;Q3-2012
41,8;30.05.2012;Q3-2012
41,42;31.05.2012;Q3-2012
41,23;01.06.2012;Q3-2012
40,95;04.06.2012;Q3-2012
41,12;05.06.2012;Q3-2012
40,93;06.06.2012;Q3-2012
40,91;07.06.2012;Q3-2012
40,42;08.06.2012;Q3-2012
40,33;11.06.2012;Q3-2012
40,1;12.06.2012;Q3-2012
40,1;13.06.2012;Q3-2012
39,5;14.06.2012;Q3-2012
39,4;15.06.2012;Q3-2012
38,98;18.06.2012;Q3-2012
39,05;19.06.2012;Q3-2012
38,98;20.06.2012;Q3-2012
39,3;21.06.2012;Q3-2012
40,48;22.06.2012;Q3-2012
40,29;25.06.2012;Q3-2012
41,18;26.06.2012;Q3-2012
49,61;27.06.2012;Q4-2012
49,33;28.06.2012;Q4-2012
49,58;29.06.2012;Q4-2012
48,98;02.07.2012;Q4-2012
49,53;03.07.2012;Q4-2012
49,31;04.07.2012;Q4-2012
49,5;05.07.2012;Q4-2012
49,48;06.07.2012;Q4-2012
49,39;09.07.2012;Q4-2012
49,28;10.07.2012;Q4-2012
49,33;11.07.2012;Q4-2012
49,13;12.07.2012;Q4-2012
49,18;13.07.2012;Q4-2012
49,01;16.07.2012;Q4-2012
49,13;17.07.2012;Q4-2012
49;18.07.2012;Q4-2012
48,98;19.07.2012;Q4-2012
48,93;20.07.2012;Q4-2012
48,5;23.07.2012;Q4-2012
48,73;24.07.2012;Q4-2012
48,58;25.07.2012;Q4-2012
48,93;26.07.2012;Q4-2012
49,14;27.07.2012;Q4-2012
48,98;30.07.2012;Q4-2012
49,55;31.07.2012;Q4-2012
49,93;01.08.2012;Q4-2012
50,07;02.08.2012;Q4-2012
50,53;03.08.2012;Q4-2012
50,5;06.08.2012;Q4-2012
50,57;07.08.2012;Q4-2012
50,48;08.08.2012;Q4-2012
50,28;09.08.2012;Q4-2012
50,75;10.08.2012;Q4-2012
51,66;13.08.2012;Q4-2012
52,25;14.08.2012;Q4-2012
51,62;15.08.2012;Q4-2012
51,2;16.08.2012;Q4-2012
50,87;17.08.2012;Q4-2012
50,99;20.08.2012;Q4-2012
51,16;21.08.2012;Q4-2012
51,24;22.08.2012;Q4-2012
51,49;23.08.2012;Q4-2012
51,3;24.08.2012;Q4-2012
51,07;27.08.2012;Q4-2012
51,08;28.08.2012;Q4-2012
50,67;29.08.2012;Q4-2012
50,45;30.08.2012;Q4-2012
50,69;31.08.2012;Q4-2012
50,95;03.09.2012;Q4-2012
50,99;04.09.2012;Q4-2012
50,75;05.09.2012;Q4-2012
50,93;06.09.2012;Q4-2012
50,95;07.09.2012;Q4-2012
51,02;10.09.2012;Q4-2012
50,63;11.09.2012;Q4-2012
50,35;12.09.2012;Q4-2012
50,48;13.09.2012;Q4-2012
50,4;14.09.2012;Q4-2012
50,05;17.09.2012;Q4-2012
49,75;18.09.2012;Q4-2012
49,27;19.09.2012;Q4-2012
49,23;20.09.2012;Q4-2012
49,05;21.09.2012;Q4-2012
48,11;24.09.2012;Q4-2012
48,26;25.09.2012;Q4-2012
50,28;26.09.2012;Q1-2013
50,5;27.09.2012;Q1-2013
49,68;28.09.2012;Q1-2013
49,55;01.10.2012;Q1-2013
49,36;02.10.2012;Q1-2013
49,36;03.10.2012;Q1-2013
49,85;04.10.2012;Q1-2013
50,46;05.10.2012;Q1-2013
49,93;08.10.2012;Q1-2013
49,86;09.10.2012;Q1-2013
49,79;10.10.2012;Q1-2013
49,51;11.10.2012;Q1-2013
49,3;12.10.2012;Q1-2013
48,66;15.10.2012;Q1-2013
49,1;16.10.2012;Q1-2013
49,16;17.10.2012;Q1-2013
49,45;18.10.2012;Q1-2013
49,96;19.10.2012;Q1-2013
49,84;22.10.2012;Q1-2013
49,46;23.10.2012;Q1-2013
49,31;24.10.2012;Q1-2013
49,48;25.10.2012;Q1-2013
49,6;26.10.2012;Q1-2013
49,36;29.10.2012;Q1-2013
49,23;30.10.2012;Q1-2013
48,97;31.10.2012;Q1-2013
48,7;01.11.2012;Q1-2013
48,94;02.11.2012;Q1-2013
48,33;05.11.2012;Q1-2013
48,83;06.11.2012;Q1-2013
48,54;07.11.2012;Q1-2013
48,74;08.11.2012;Q1-2013
48,62;09.11.2012;Q1-2013
49,25;12.11.2012;Q1-2013
48,8;13.11.2012;Q1-2013
49,01;14.11.2012;Q1-2013
48,97;15.11.2012;Q1-2013
48,82;16.11.2012;Q1-2013
48,47;19.11.2012;Q1-2013
48,29;20.11.2012;Q1-2013
48,22;21.11.2012;Q1-2013
48,04;22.11.2012;Q1-2013
48,55;23.11.2012;Q1-2013
48,08;26.11.2012;Q1-2013
48,03;27.11.2012;Q1-2013
48,05;28.11.2012;Q1-2013
48;29.11.2012;Q1-2013
48,14;30.11.2012;Q1-2013
48,62;03.12.2012;Q1-2013
48,76;04.12.2012;Q1-2013
48,79;05.12.2012;Q1-2013
48,52;06.12.2012;Q1-2013
48,42;07.12.2012;Q1-2013
48,22;10.12.2012;Q1-2013
47,92;11.12.2012;Q1-2013
47,79;12.12.2012;Q1-2013
47,53;13.12.2012;Q1-2013
47,52;14.12.2012;Q1-2013
47,04;17.12.2012;Q1-2013
47,23;18.12.2012;Q1-2013
47,25;19.12.2012;Q1-2013
47,13;20.12.2012;Q1-2013
41,64;21.12.2012;Q2-2013
40,75;27.12.2012;Q2-2013
40,73;28.12.2012;Q2-2013
40,63;02.01.2013;Q2-2013
40,55;03.01.2013;Q2-2013
40,4;04.01.2013;Q2-2013
40,33;07.01.2013;Q2-2013
40,45;08.01.2013;Q2-2013
40,4;09.01.2013;Q2-2013
39,96;10.01.2013;Q2-2013
39,75;11.01.2013;Q2-2013
39,5;14.01.2013;Q2-2013
39,49;15.01.2013;Q2-2013
39,28;16.01.2013;Q2-2013
39,26;17.01.2013;Q2-2013
39;18.01.2013;Q2-2013
38,69;21.01.2013;Q2-2013
38,94;22.01.2013;Q2-2013
38,9;23.01.2013;Q2-2013
38,41;24.01.2013;Q2-2013
38,19;25.01.2013;Q2-2013
38,59;28.01.2013;Q2-2013
38;29.01.2013;Q2-2013
37,55;30.01.2013;Q2-2013
37,08;31.01.2013;Q2-2013
37,75;01.02.2013;Q2-2013
37,8;04.02.2013;Q2-2013
37,26;05.02.2013;Q2-2013
37,33;06.02.2013;Q2-2013
36,98;07.02.2013;Q2-2013
37,55;08.02.2013;Q2-2013
37,31;11.02.2013;Q2-2013
37,75;12.02.2013;Q2-2013
37,78;13.02.2013;Q2-2013
37,76;14.02.2013;Q2-2013
37,58;15.02.2013;Q2-2013
37,87;18.02.2013;Q2-2013
37,17;19.02.2013;Q2-2013
37,25;20.02.2013;Q2-2013
37,47;21.02.2013;Q2-2013
37,6;22.02.2013;Q2-2013
37,28;25.02.2013;Q2-2013
37,17;26.02.2013;Q2-2013
37,21;27.02.2013;Q2-2013
37,68;28.02.2013;Q2-2013
37,55;01.03.2013;Q2-2013
37,21;04.03.2013;Q2-2013
37,33;05.03.2013;Q2-2013
37,07;06.03.2013;Q2-2013
37,01;07.03.2013;Q2-2013
36,65;08.03.2013;Q2-2013
36,21;11.03.2013;Q2-2013
36,33;12.03.2013;Q2-2013
36,26;13.03.2013;Q2-2013
36,23;14.03.2013;Q2-2013
35,83;15.03.2013;Q2-2013
35,43;18.03.2013;Q2-2013
35,36;19.03.2013;Q2-2013
35,53;20.03.2013;Q2-2013
35,67;21.03.2013;Q2-2013
35,79;22.03.2013;Q2-2013
36,1;25.03.2013;Q2-2013
38,33;26.03.2013;Q3-2013
38,47;27.03.2013;Q3-2013
38,63;28.03.2013;Q3-2013
37,58;02.04.2013;Q3-2013
37,98;03.04.2013;Q3-2013
38,24;04.04.2013;Q3-2013
38,57;05.04.2013;Q3-2013
38,43;08.04.2013;Q3-2013
37,97;09.04.2013;Q3-2013
38,13;10.04.2013;Q3-2013
38,03;11.04.2013;Q3-2013
38,28;12.04.2013;Q3-2013
38,4;15.04.2013;Q3-2013
37,68;16.04.2013;Q3-2013
36,69;17.04.2013;Q3-2013
36,64;18.04.2013;Q3-2013
36,9;19.04.2013;Q3-2013
36,4;22.04.2013;Q3-2013
36,41;23.04.2013;Q3-2013
36,41;24.04.2013;Q3-2013
36,52;25.04.2013;Q3-2013
36,15;26.04.2013;Q3-2013
36,23;29.04.2013;Q3-2013
35,58;30.04.2013;Q3-2013
35,02;02.05.2013;Q3-2013
35,29;03.05.2013;Q3-2013
35,31;06.05.2013;Q3-2013
35,13;07.05.2013;Q3-2013
35,03;08.05.2013;Q3-2013
35,03;09.05.2013;Q3-2013
34,6;10.05.2013;Q3-2013
34,34;13.05.2013;Q3-2013
34,45;14.05.2013;Q3-2013
34,62;15.05.2013;Q3-2013
34,52;16.05.2013;Q3-2013
33,95;17.05.2013;Q3-2013
33,95;20.05.2013;Q3-2013
34,59;21.05.2013;Q3-2013
34,51;22.05.2013;Q3-2013
34,31;23.05.2013;Q3-2013
34,33;24.05.2013;Q3-2013
34,28;27.05.2013;Q3-2013
34,48;28.05.2013;Q3-2013
34,24;29.05.2013;Q3-2013
34,2;30.05.2013;Q3-2013
34,2;31.05.2013;Q3-2013
33,63;03.06.2013;Q3-2013
33,62;04.06.2013;Q3-2013
33,6;05.06.2013;Q3-2013
33,43;06.06.2013;Q3-2013
33,53;07.06.2013;Q3-2013
32,92;10.06.2013;Q3-2013
32,45;11.06.2013;Q3-2013
32,89;12.06.2013;Q3-2013
32,75;13.06.2013;Q3-2013
32,66;14.06.2013;Q3-2013
32,69;17.06.2013;Q3-2013
32,46;18.06.2013;Q3-2013
32,77;19.06.2013;Q3-2013
32,62;20.06.2013;Q3-2013
32,55;21.06.2013;Q3-2013
33;24.06.2013;Q3-2013
33,51;25.06.2013;Q3-2013
39,36;26.06.2013;Q4-2013
39,11;27.06.2013;Q4-2013
39,15;28.06.2013;Q4-2013
39,27;01.07.2013;Q4-2013
39,83;02.07.2013;Q4-2013
40,15;03.07.2013;Q4-2013
39,7;04.07.2013;Q4-2013
39,77;05.07.2013;Q4-2013
39,64;08.07.2013;Q4-2013
39,4;09.07.2013;Q4-2013
39,11;10.07.2013;Q4-2013
39,27;11.07.2013;Q4-2013
39,3;12.07.2013;Q4-2013
39,4;15.07.2013;Q4-2013
39,96;16.07.2013;Q4-2013
39,59;17.07.2013;Q4-2013
39,33;18.07.2013;Q4-2013
39,33;19.07.2013;Q4-2013
39,53;22.07.2013;Q4-2013
39,51;23.07.2013;Q4-2013
39,77;24.07.2013;Q4-2013
39,65;25.07.2013;Q4-2013
39,28;26.07.2013;Q4-2013
39,22;29.07.2013;Q4-2013
38,98;30.07.2013;Q4-2013
38,59;31.07.2013;Q4-2013
38,21;01.08.2013;Q4-2013
38,21;02.08.2013;Q4-2013
37,78;05.08.2013;Q4-2013
37,91;06.08.2013;Q4-2013
38,1;07.08.2013;Q4-2013
38,15;08.08.2013;Q4-2013
38,4;09.08.2013;Q4-2013
38,58;12.08.2013;Q4-2013
38,13;13.08.2013;Q4-2013
38,33;14.08.2013;Q4-2013
38,73;15.08.2013;Q4-2013
38,48;16.08.2013;Q4-2013
38,31;19.08.2013;Q4-2013
38,4;20.08.2013;Q4-2013
38,6;21.08.2013;Q4-2013
38,59;22.08.2013;Q4-2013
38,58;23.08.2013;Q4-2013
38,4;26.08.2013;Q4-2013
38,31;27.08.2013;Q4-2013
38,45;28.08.2013;Q4-2013
38,79;29.08.2013;Q4-2013
38,9;30.08.2013;Q4-2013
39,65;02.09.2013;Q4-2013
39,73;03.09.2013;Q4-2013
39,83;04.09.2013;Q4-2013
40,19;05.09.2013;Q4-2013
40,74;06.09.2013;Q4-2013
40,41;09.09.2013;Q4-2013
40,22;10.09.2013;Q4-2013
40,1;11.09.2013;Q4-2013
40,72;12.09.2013;Q4-2013
40,55;13.09.2013;Q4-2013
41,01;16.09.2013;Q4-2013
41,38;17.09.2013;Q4-2013
41,86;18.09.2013;Q4-2013
41,41;19.09.2013;Q4-2013
40,99;20.09.2013;Q4-2013
41,46;23.09.2013;Q4-2013
41,21;24.09.2013;Q4-2013
41,43;25.09.2013;Q4-2013
42,6;26.09.2013;Q1-2014
42,28;27.09.2013;Q1-2014
41,65;30.09.2013;Q1-2014
41,45;01.10.2013;Q1-2014
41,64;02.10.2013;Q1-2014
41,64;03.10.2013;Q1-2014
41,69;04.10.2013;Q1-2014
42,12;07.10.2013;Q1-2014
41,97;08.10.2013;Q1-2014
41,66;09.10.2013;Q1-2014
41,38;10.10.2013;Q1-2014
41,06;11.10.2013;Q1-2014
40,72;14.10.2013;Q1-2014
41,12;15.10.2013;Q1-2014
41,34;16.10.2013;Q1-2014
41,78;17.10.2013;Q1-2014
41,59;18.10.2013;Q1-2014
41,29;21.10.2013;Q1-2014
41,36;22.10.2013;Q1-2014
41,39;23.10.2013;Q1-2014
41,32;24.10.2013;Q1-2014
41,4;25.10.2013;Q1-2014
40,81;28.10.2013;Q1-2014
40,99;29.10.2013;Q1-2014
41,25;30.10.2013;Q1-2014
41;31.10.2013;Q1-2014
40,72;01.11.2013;Q1-2014
40,9;04.11.2013;Q1-2014
41,18;05.11.2013;Q1-2014
41,15;06.11.2013;Q1-2014
41,34;07.11.2013;Q1-2014
41,4;08.11.2013;Q1-2014
41,53;11.11.2013;Q1-2014
41,44;12.11.2013;Q1-2014
41,39;13.11.2013;Q1-2014
41,44;14.11.2013;Q1-2014
41,48;15.11.2013;Q1-2014
41,45;18.11.2013;Q1-2014
41,54;19.11.2013;Q1-2014
41,55;20.11.2013;Q1-2014
41,09;21.11.2013;Q1-2014
40,9;22.11.2013;Q1-2014
40,68;25.11.2013;Q1-2014
40,67;26.11.2013;Q1-2014
40,72;27.11.2013;Q1-2014
40,35;28.11.2013;Q1-2014
40,01;29.11.2013;Q1-2014
40,28;02.12.2013;Q1-2014
40,65;03.12.2013;Q1-2014
40,41;04.12.2013;Q1-2014
40,99;05.12.2013;Q1-2014
41,09;06.12.2013;Q1-2014
40,68;09.12.2013;Q1-2014
40,56;10.12.2013;Q1-2014
40,6;11.12.2013;Q1-2014
40,31;12.12.2013;Q1-2014
40,46;13.12.2013;Q1-2014
40,5;16.12.2013;Q1-2014
40,47;17.12.2013;Q1-2014
40,68;18.12.2013;Q1-2014
40,78;19.12.2013;Q1-2014
40,52;20.12.2013;Q1-2014
40,42;23.12.2013;Q1-2014
33,33;27.12.2013;Q2-2014
33,15;30.12.2013;Q2-2014
32,75;02.01.2014;Q2-2014
32,9;03.01.2014;Q2-2014
32,85;06.01.2014;Q2-2014
32,68;07.01.2014;Q2-2014
32,83;08.01.2014;Q2-2014
32,84;09.01.2014;Q2-2014
32,68;10.01.2014;Q2-2014
32,65;13.01.2014;Q2-2014
32,73;14.01.2014;Q2-2014
32,6;15.01.2014;Q2-2014
33,03;16.01.2014;Q2-2014
33,14;17.01.2014;Q2-2014
32,93;20.01.2014;Q2-2014
32,92;21.01.2014;Q2-2014
32,85;22.01.2014;Q2-2014
32,84;23.01.2014;Q2-2014
32,95;24.01.2014;Q2-2014
32,8;27.01.2014;Q2-2014
32,87;28.01.2014;Q2-2014
32,66;29.01.2014;Q2-2014
32,51;30.01.2014;Q2-2014
32,44;31.01.2014;Q2-2014
32,29;03.02.2014;Q2-2014
32,45;04.02.2014;Q2-2014
32,39;05.02.2014;Q2-2014
32,7;06.02.2014;Q2-2014
32,49;07.02.2014;Q2-2014
32,36;10.02.2014;Q2-2014
32,34;11.02.2014;Q2-2014
32,42;12.02.2014;Q2-2014
32,2;13.02.2014;Q2-2014
32,11;14.02.2014;Q2-2014
31,94;17.02.2014;Q2-2014
31,99;18.02.2014;Q2-2014
31,82;19.02.2014;Q2-2014
31,51;20.02.2014;Q2-2014
31,55;21.02.2014;Q2-2014
31,25;24.02.2014;Q2-2014
30,93;25.02.2014;Q2-2014
30,68;26.02.2014;Q2-2014
31,2;27.02.2014;Q2-2014
31,4;28.02.2014;Q2-2014
32,2;03.03.2014;Q2-2014
31,71;04.03.2014;Q2-2014
31,33;05.03.2014;Q2-2014
31,45;06.03.2014;Q2-2014
31,5;07.03.2014;Q2-2014
31,2;10.03.2014;Q2-2014
30,99;11.03.2014;Q2-2014
30,86;12.03.2014;Q2-2014
30,88;13.03.2014;Q2-2014
30,9;14.03.2014;Q2-2014
30,88;17.03.2014;Q2-2014
30,7;18.03.2014;Q2-2014
30,63;19.03.2014;Q2-2014
30,78;20.03.2014;Q2-2014
30,86;21.03.2014;Q2-2014
30,53;24.03.2014;Q2-2014
30,37;25.03.2014;Q2-2014
30,31;26.03.2014;Q2-2014
33;27.03.2014;Q3-2014
32,55;28.03.2014;Q3-2014
32,59;31.03.2014;Q3-2014
32,65;01.04.2014;Q3-2014
32,19;02.04.2014;Q3-2014
32,12;03.04.2014;Q3-2014
32,04;04.04.2014;Q3-2014
32,6;07.04.2014;Q3-2014
32,41;08.04.2014;Q3-2014
32,38;09.04.2014;Q3-2014
32,3;10.04.2014;Q3-2014
32,46;11.04.2014;Q3-2014
32,46;14.04.2014;Q3-2014
32,5;15.04.2014;Q3-2014
32,9;16.04.2014;Q3-2014
32,68;17.04.2014;Q3-2014
32,83;22.04.2014;Q3-2014
32,7;23.04.2014;Q3-2014
32,99;24.04.2014;Q3-2014
33,06;25.04.2014;Q3-2014
33,8;28.04.2014;Q3-2014
33,6;29.04.2014;Q3-2014
33,35;30.04.2014;Q3-2014
33,48;02.05.2014;Q3-2014
33,18;05.05.2014;Q3-2014
33,21;06.05.2014;Q3-2014
32,84;07.05.2014;Q3-2014
32,86;08.05.2014;Q3-2014
32,9;09.05.2014;Q3-2014
32,89;12.05.2014;Q3-2014
32,86;13.05.2014;Q3-2014
32,8;14.05.2014;Q3-2014
32,7;15.05.2014;Q3-2014
32,55;16.05.2014;Q3-2014
32,68;19.05.2014;Q3-2014
32,61;20.05.2014;Q3-2014
32,75;21.05.2014;Q3-2014
32,73;22.05.2014;Q3-2014
32,82;23.05.2014;Q3-2014
32,78;26.05.2014;Q3-2014
32,8;27.05.2014;Q3-2014
32,91;28.05.2014;Q3-2014
32,83;29.05.2014;Q3-2014
32,69;30.05.2014;Q3-2014
32,56;02.06.2014;Q3-2014
32,36;03.06.2014;Q3-2014
32,39;04.06.2014;Q3-2014
32,11;05.06.2014;Q3-2014
31,99;06.06.2014;Q3-2014
32;09.06.2014;Q3-2014
32,26;10.06.2014;Q3-2014
32,39;11.06.2014;Q3-2014
32,5;12.06.2014;Q3-2014
32,72;13.06.2014;Q3-2014
32,87;16.06.2014;Q3-2014
32,61;17.06.2014;Q3-2014
32,67;18.06.2014;Q3-2014
32,76;19.06.2014;Q3-2014
33,08;20.06.2014;Q3-2014
33,23;23.06.2014;Q3-2014
32,97;24.06.2014;Q3-2014
32,7;25.06.2014;Q3-2014
36,33;26.06.2014;Q4-2014
36,4;27.06.2014;Q4-2014
36,4;30.06.2014;Q4-2014
36,37;01.07.2014;Q4-2014
36,35;02.07.2014;Q4-2014
36,24;03.07.2014;Q4-2014
36,01;04.07.2014;Q4-2014
35,92;07.07.2014;Q4-2014
35,86;08.07.2014;Q4-2014
35,8;09.07.2014;Q4-2014
35,74;10.07.2014;Q4-2014
35,81;11.07.2014;Q4-2014
36;14.07.2014;Q4-2014
36,06;15.07.2014;Q4-2014
36,11;16.07.2014;Q4-2014
36,29;17.07.2014;Q4-2014
36,33;18.07.2014;Q4-2014
36,13;21.07.2014;Q4-2014
36,38;22.07.2014;Q4-2014
36,7;23.07.2014;Q4-2014
36,77;24.07.2014;Q4-2014
37,25;25.07.2014;Q4-2014
37,58;28.07.2014;Q4-2014
37,31;29.07.2014;Q4-2014
37,14;30.07.2014;Q4-2014
37,21;31.07.2014;Q4-2014
37,5;01.08.2014;Q4-2014
37;04.08.2014;Q4-2014
36,95;05.08.2014;Q4-2014
37,37;06.08.2014;Q4-2014
37,46;07.08.2014;Q4-2014
37,4;08.08.2014;Q4-2014
37,31;11.08.2014;Q4-2014
37,31;12.08.2014;Q4-2014
37,59;13.08.2014;Q4-2014
37,69;14.08.2014;Q4-2014
37,69;15.08.2014;Q4-2014
37,43;18.08.2014;Q4-2014
37,31;19.08.2014;Q4-2014
37,14;20.08.2014;Q4-2014
37,18;21.08.2014;Q4-2014
37,36;22.08.2014;Q4-2014
37,55;25.08.2014;Q4-2014
37,55;26.08.2014;Q4-2014
37,47;27.08.2014;Q4-2014
37,78;28.08.2014;Q4-2014
37,74;29.08.2014;Q4-2014
37,82;01.09.2014;Q4-2014
37,29;02.09.2014;Q4-2014
36,71;03.09.2014;Q4-2014
36,52;04.09.2014;Q4-2014
36,39;05.09.2014;Q4-2014
36,46;08.09.2014;Q4-2014
35,99;09.09.2014;Q4-2014
35,92;10.09.2014;Q4-2014
36,13;11.09.2014;Q4-2014
36,06;12.09.2014;Q4-2014
35,88;15.09.2014;Q4-2014
35,72;16.09.2014;Q4-2014
35,69;17.09.2014;Q4-2014
35,61;18.09.2014;Q4-2014
35,65;19.09.2014;Q4-2014
35,84;22.09.2014;Q4-2014
35,71;23.09.2014;Q4-2014
35,73;24.09.2014;Q4-2014
35,78;25.09.2014;Q4-2014
37,25;26.09.2014;Q1-2015
36,98;29.09.2014;Q1-2015
37,08;30.09.2014;Q1-2015
37,07;01.10.2014;Q1-2015
37,11;02.10.2014;Q1-2015
37,11;03.10.2014;Q1-2015
36,64;06.10.2014;Q1-2015
36,55;07.10.2014;Q1-2015
36,55;08.10.2014;Q1-2015
36,52;09.10.2014;Q1-2015
36,27;10.10.2014;Q1-2015
35,76;13.10.2014;Q1-2015
35,55;14.10.2014;Q1-2015
35,45;15.10.2014;Q1-2015
35,55;16.10.2014;Q1-2015
35,73;17.10.2014;Q1-2015
35,55;20.10.2014;Q1-2015
35,35;21.10.2014;Q1-2015
35,88;22.10.2014;Q1-2015
35,81;23.10.2014;Q1-2015
35,76;24.10.2014;Q1-2015
35,6;27.10.2014;Q1-2015
35,9;28.10.2014;Q1-2015
36,2;29.10.2014;Q1-2015
36,31;30.10.2014;Q1-2015
36,13;31.10.2014;Q1-2015
36,1;03.11.2014;Q1-2015
35,75;04.11.2014;Q1-2015
35,83;05.11.2014;Q1-2015
35,85;06.11.2014;Q1-2015
36;07.11.2014;Q1-2015
36,32;10.11.2014;Q1-2015
36,31;11.11.2014;Q1-2015
36,23;12.11.2014;Q1-2015
35,9;13.11.2014;Q1-2015
35,79;14.11.2014;Q1-2015
36,25;17.11.2014;Q1-2015
36,8;18.11.2014;Q1-2015
36,8;19.11.2014;Q1-2015
36,75;20.11.2014;Q1-2015
36,73;21.11.2014;Q1-2015
37,59;24.11.2014;Q1-2015
37,85;25.11.2014;Q1-2015
38,05;26.11.2014;Q1-2015
37,64;27.11.2014;Q1-2015
37,33;28.11.2014;Q1-2015
37,5;01.12.2014;Q1-2015
36,9;02.12.2014;Q1-2015
36,78;03.12.2014;Q1-2015
36,53;04.12.2014;Q1-2015
36,38;05.12.2014;Q1-2015
36,05;08.12.2014;Q1-2015
36,25;09.12.2014;Q1-2015
36,47;10.12.2014;Q1-2015
36,34;11.12.2014;Q1-2015
36,38;12.12.2014;Q1-2015
36,2;15.12.2014;Q1-2015
36,36;16.12.2014;Q1-2015
36,51;17.12.2014;Q1-2015
36,79;18.12.2014;Q1-2015
36,65;19.12.2014;Q1-2015
36,19;22.12.2014;Q1-2015
36,36;23.12.2014;Q1-2015
31,35;29.12.2014;Q2-2015
30,75;30.12.2014;Q2-2015
30,38;02.01.2015;Q2-2015
30,14;05.01.2015;Q2-2015
29,85;06.01.2015;Q2-2015
30,05;07.01.2015;Q2-2015
29,97;08.01.2015;Q2-2015
30,07;09.01.2015;Q2-2015
29,9;12.01.2015;Q2-2015
30,14;13.01.2015;Q2-2015
30,15;14.01.2015;Q2-2015
30;15.01.2015;Q2-2015
29,73;16.01.2015;Q2-2015
29,59;19.01.2015;Q2-2015
29,61;20.01.2015;Q2-2015
29,85;21.01.2015;Q2-2015
29,8;22.01.2015;Q2-2015
29,74;23.01.2015;Q2-2015
29,5;26.01.2015;Q2-2015
29,55;27.01.2015;Q2-2015
29,83;28.01.2015;Q2-2015
30,2;29.01.2015;Q2-2015
30,08;30.01.2015;Q2-2015
30,23;02.02.2015;Q2-2015
30,2;03.02.2015;Q2-2015
30;04.02.2015;Q2-2015
30,43;05.02.2015;Q2-2015
30,45;06.02.2015;Q2-2015
30,4;09.02.2015;Q2-2015
30,87;10.02.2015;Q2-2015
30,9;11.02.2015;Q2-2015
31,33;12.02.2015;Q2-2015
32,19;13.02.2015;Q2-2015
32,23;16.02.2015;Q2-2015
31,6;17.02.2015;Q2-2015
31,46;18.02.2015;Q2-2015
30,91;19.02.2015;Q2-2015
31,14;20.02.2015;Q2-2015
31,01;23.02.2015;Q2-2015
31,39;24.02.2015;Q2-2015
31,62;25.02.2015;Q2-2015
31,64;26.02.2015;Q2-2015
31,54;27.02.2015;Q2-2015
31,05;02.03.2015;Q2-2015
30,78;03.03.2015;Q2-2015
30,71;04.03.2015;Q2-2015
30,5;05.03.2015;Q2-2015
30,4;06.03.2015;Q2-2015
30,71;09.03.2015;Q2-2015
30,65;10.03.2015;Q2-2015
30,79;11.03.2015;Q2-2015
30,65;12.03.2015;Q2-2015
30,53;13.03.2015;Q2-2015
30,32;16.03.2015;Q2-2015
30,39;17.03.2015;Q2-2015
30,43;18.03.2015;Q2-2015
30,19;19.03.2015;Q2-2015
30,2;20.03.2015;Q2-2015
30,01;23.03.2015;Q2-2015
30,03;24.03.2015;Q2-2015
30,16;25.03.2015;Q2-2015
30,38;26.03.2015;Q2-2015
31,79;27.03.2015;Q3-2015
31,83;30.03.2015;Q3-2015
31,65;31.03.2015;Q3-2015
31,6;01.04.2015;Q3-2015
31,46;02.04.2015;Q3-2015
31,19;07.04.2015;Q3-2015
31,21;08.04.2015;Q3-2015
31,26;09.04.2015;Q3-2015
31,18;10.04.2015;Q3-2015
31,05;13.04.2015;Q3-2015
30,98;14.04.2015;Q3-2015
30,9;15.04.2015;Q3-2015
31;16.04.2015;Q3-2015
30,73;17.04.2015;Q3-2015
30,79;20.04.2015;Q3-2015
30,74;21.04.2015;Q3-2015
30,7;22.04.2015;Q3-2015
30,65;23.04.2015;Q3-2015
30,8;24.04.2015;Q3-2015
30,67;27.04.2015;Q3-2015
30,55;28.04.2015;Q3-2015
30,5;29.04.2015;Q3-2015
30,58;30.04.2015;Q3-2015
30,35;04.05.2015;Q3-2015
30,22;05.05.2015;Q3-2015
30,12;06.05.2015;Q3-2015
29,82;07.05.2015;Q3-2015
29,9;08.05.2015;Q3-2015
29,92;11.05.2015;Q3-2015
29,85;12.05.2015;Q3-2015
30,01;13.05.2015;Q3-2015
30,08;14.05.2015;Q3-2015
30,19;15.05.2015;Q3-2015
30,04;18.05.2015;Q3-2015
30,05;19.05.2015;Q3-2015
29,73;20.05.2015;Q3-2015
29,31;21.05.2015;Q3-2015
29,29;22.05.2015;Q3-2015
29,44;26.05.2015;Q3-2015
29,38;27.05.2015;Q3-2015
29,46;28.05.2015;Q3-2015
29,76;29.05.2015;Q3-2015
29,68;01.06.2015;Q3-2015
29,87;02.06.2015;Q3-2015
29,59;03.06.2015;Q3-2015
29,48;04.06.2015;Q3-2015
29,25;05.06.2015;Q3-2015
29,02;08.06.2015;Q3-2015
28,92;09.06.2015;Q3-2015
28,93;10.06.2015;Q3-2015
29,08;11.06.2015;Q3-2015
29,63;12.06.2015;Q3-2015
29,7;15.06.2015;Q3-2015
29,36;16.06.2015;Q3-2015
29,5;17.06.2015;Q3-2015
29,7;18.06.2015;Q3-2015
29,94;19.06.2015;Q3-2015
30,36;22.06.2015;Q3-2015
30,45;23.06.2015;Q3-2015
30,44;24.06.2015;Q3-2015
31,13;25.06.2015;Q3-2015
34,62;26.06.2015;Q4-2015
34,45;29.06.2015;Q4-2015
34,24;30.06.2015;Q4-2015
34,3;01.07.2015;Q4-2015
34,15;02.07.2015;Q4-2015
33,97;03.07.2015;Q4-2015
33,67;06.07.2015;Q4-2015
33,7;07.07.2015;Q4-2015
33,63;08.07.2015;Q4-2015
33,9;09.07.2015;Q4-2015
33,89;10.07.2015;Q4-2015
34,37;13.07.2015;Q4-2015
34,3;14.07.2015;Q4-2015
34,2;15.07.2015;Q4-2015
34,29;16.07.2015;Q4-2015
34,45;17.07.2015;Q4-2015
34,61;20.07.2015;Q4-2015
34,64;21.07.2015;Q4-2015
34,63;22.07.2015;Q4-2015
34,5;23.07.2015;Q4-2015
34,51;24.07.2015;Q4-2015
34,35;27.07.2015;Q4-2015
34,05;28.07.2015;Q4-2015
34,08;29.07.2015;Q4-2015
34,2;30.07.2015;Q4-2015
33,7;31.07.2015;Q4-2015
33,7;03.08.2015;Q4-2015
33,86;04.08.2015;Q4-2015
33,93;05.08.2015;Q4-2015
33,81;06.08.2015;Q4-2015
33,49;07.08.2015;Q4-2015
33,43;10.08.2015;Q4-2015
33,35;11.08.2015;Q4-2015
33,3;12.08.2015;Q4-2015
33,3;13.08.2015;Q4-2015
33,6;14.08.2015;Q4-2015
33,46;17.08.2015;Q4-2015
33,36;18.08.2015;Q4-2015
33,23;19.08.2015;Q4-2015
33,1;20.08.2015;Q4-2015
32,79;21.08.2015;Q4-2015
32,36;24.08.2015;Q4-2015
32,52;25.08.2015;Q4-2015
32,36;26.08.2015;Q4-2015
32,71;27.08.2015;Q4-2015
32,75;28.08.2015;Q4-2015
32,71;31.08.2015;Q4-2015
32,33;01.09.2015;Q4-2015
32,39;02.09.2015;Q4-2015
32,45;03.09.2015;Q4-2015
32,21;04.09.2015;Q4-2015
31,75;07.09.2015;Q4-2015
31,91;08.09.2015;Q4-2015
32;09.09.2015;Q4-2015
32,02;10.09.2015;Q4-2015
32,13;11.09.2015;Q4-2015
32,3;14.09.2015;Q4-2015
32,14;15.09.2015;Q4-2015
32,01;16.09.2015;Q4-2015
32,18;17.09.2015;Q4-2015
31,76;18.09.2015;Q4-2015
31,45;21.09.2015;Q4-2015
31,66;22.09.2015;Q4-2015
31,78;23.09.2015;Q4-2015
31,6;24.09.2015;Q4-2015
31,54;25.09.2015;Q4-2015
30,31;28.09.2015;Q1-2016
30,34;29.09.2015;Q1-2016
30,5;30.09.2015;Q1-2016
30,67;01.10.2015;Q1-2016
30,19;02.10.2015;Q1-2016
30,65;05.10.2015;Q1-2016
30,9;06.10.2015;Q1-2016
30,95;07.10.2015;Q1-2016
30,71;08.10.2015;Q1-2016
30,74;09.10.2015;Q1-2016
30,35;12.10.2015;Q1-2016
30,02;13.10.2015;Q1-2016
29,94;14.10.2015;Q1-2016
30,03;15.10.2015;Q1-2016
30,01;16.10.2015;Q1-2016
29,98;19.10.2015;Q1-2016
29,75;20.10.2015;Q1-2016
29,71;21.10.2015;Q1-2016
29,83;22.10.2015;Q1-2016
30,14;23.10.2015;Q1-2016
30,47;26.10.2015;Q1-2016
30,61;27.10.2015;Q1-2016
30,73;28.10.2015;Q1-2016
31,27;29.10.2015;Q1-2016
31,23;30.10.2015;Q1-2016
30,68;02.11.2015;Q1-2016
30,64;03.11.2015;Q1-2016
30,64;04.11.2015;Q1-2016
30,51;05.11.2015;Q1-2016
30,5;06.11.2015;Q1-2016
30,12;09.11.2015;Q1-2016
30,09;10.11.2015;Q1-2016
30,07;11.11.2015;Q1-2016
29,9;12.11.2015;Q1-2016
29,84;13.11.2015;Q1-2016
30,15;16.11.2015;Q1-2016
30,09;17.11.2015;Q1-2016
29,95;18.11.2015;Q1-2016
30,16;19.11.2015;Q1-2016
29,89;20.11.2015;Q1-2016
29,91;23.11.2015;Q1-2016
30,22;24.11.2015;Q1-2016
30,25;25.11.2015;Q1-2016
30,42;26.11.2015;Q1-2016
30,37;27.11.2015;Q1-2016
30,53;30.11.2015;Q1-2016
30,54;01.12.2015;Q1-2016
30,25;02.12.2015;Q1-2016
30,17;03.12.2015;Q1-2016
30,08;04.12.2015;Q1-2016
30;07.12.2015;Q1-2016
29,57;08.12.2015;Q1-2016
29,61;09.12.2015;Q1-2016
29,49;10.12.2015;Q1-2016
28,78;11.12.2015;Q1-2016
28,45;14.12.2015;Q1-2016
28,72;15.12.2015;Q1-2016
28,99;16.12.2015;Q1-2016
28,77;17.12.2015;Q1-2016
28,41;18.12.2015;Q1-2016
28,35;21.12.2015;Q1-2016
28,34;22.12.2015;Q1-2016
27,93;23.12.2015;Q1-2016
28,45;28.12.2015;Q1-2016
27,04;29.12.2015;Q2-2016
26,83;30.12.2015;Q2-2016
26,69;04.01.2016;Q2-2016
26,41;05.01.2016;Q2-2016
26,54;06.01.2016;Q2-2016
26,54;07.01.2016;Q2-2016
26,31;08.01.2016;Q2-2016
26,24;11.01.2016;Q2-2016
25,75;12.01.2016;Q2-2016
25,58;13.01.2016;Q2-2016
25,31;14.01.2016;Q2-2016
24,83;15.01.2016;Q2-2016
24,63;18.01.2016;Q2-2016
24,9;19.01.2016;Q2-2016
24,71;20.01.2016;Q2-2016
24,2;21.01.2016;Q2-2016
25,07;22.01.2016;Q2-2016
24,69;25.01.2016;Q2-2016
24,61;26.01.2016;Q2-2016
24,61;27.01.2016;Q2-2016
24,65;28.01.2016;Q2-2016
24,31;29.01.2016;Q2-2016
23,63;01.02.2016;Q2-2016
23,35;02.02.2016;Q2-2016
23,74;03.02.2016;Q2-2016
23,5;04.02.2016;Q2-2016
23,01;05.02.2016;Q2-2016
22,56;08.02.2016;Q2-2016
22,36;09.02.2016;Q2-2016
21,88;10.02.2016;Q2-2016
21,81;11.02.2016;Q2-2016
21,95;12.02.2016;Q2-2016
21,98;15.02.2016;Q2-2016
21,91;16.02.2016;Q2-2016
21,88;17.02.2016;Q2-2016
22,36;18.02.2016;Q2-2016
22,26;19.02.2016;Q2-2016
22,7;22.02.2016;Q2-2016
22,46;23.02.2016;Q2-2016
22,16;24.02.2016;Q2-2016
22;25.02.2016;Q2-2016
22,08;26.02.2016;Q2-2016
21,94;29.02.2016;Q2-2016
21,99;01.03.2016;Q2-2016
22,16;02.03.2016;Q2-2016
22,12;03.03.2016;Q2-2016
22,17;04.03.2016;Q2-2016
22,58;07.03.2016;Q2-2016
22,76;08.03.2016;Q2-2016
22,68;09.03.2016;Q2-2016
22,37;10.03.2016;Q2-2016
22,6;11.03.2016;Q2-2016
22,57;14.03.2016;Q2-2016
22,41;15.03.2016;Q2-2016
22,41;16.03.2016;Q2-2016
22,55;17.03.2016;Q2-2016
22,75;18.03.2016;Q2-2016
22,68;21.03.2016;Q2-2016
22,76;22.03.2016;Q2-2016
22,62;23.03.2016;Q2-2016
22,63;24.03.2016;Q2-2016
22,65;29.03.2016;Q3-2016
22,75;30.03.2016;Q3-2016
22,91;31.03.2016;Q3-2016
22,95;01.04.2016;Q3-2016
22,91;04.04.2016;Q3-2016
22,58;05.04.2016;Q3-2016
22,68;06.04.2016;Q3-2016
22,48;07.04.2016;Q3-2016
22,49;08.04.2016;Q3-2016
22,66;11.04.2016;Q3-2016
22,81;12.04.2016;Q3-2016
22,7;13.04.2016;Q3-2016
23,04;14.04.2016;Q3-2016
23,35;15.04.2016;Q3-2016
23,57;18.04.2016;Q3-2016
23,68;19.04.2016;Q3-2016
23,57;20.04.2016;Q3-2016
24,12;21.04.2016;Q3-2016
24,6;22.04.2016;Q3-2016
24,74;25.04.2016;Q3-2016
25,49;26.04.2016;Q3-2016
25,8;27.04.2016;Q3-2016
24,77;28.04.2016;Q3-2016
24,73;29.04.2016;Q3-2016
23,97;02.05.2016;Q3-2016
24,01;03.05.2016;Q3-2016
24,38;04.05.2016;Q3-2016
24,63;05.05.2016;Q3-2016
24,31;06.05.2016;Q3-2016
24,28;09.05.2016;Q3-2016
24,3;10.05.2016;Q3-2016
24,4;11.05.2016;Q3-2016
24,66;12.05.2016;Q3-2016
24,58;13.05.2016;Q3-2016
25,4;16.05.2016;Q3-2016
25,34;17.05.2016;Q3-2016
25,49;18.05.2016;Q3-2016
25,44;19.05.2016;Q3-2016
25,44;20.05.2016;Q3-2016
25,14;23.05.2016;Q3-2016
25,17;24.05.2016;Q3-2016
25,57;25.05.2016;Q3-2016
26,12;26.05.2016;Q3-2016
26,28;27.05.2016;Q3-2016
26,4;30.05.2016;Q3-2016
26,54;31.05.2016;Q3-2016
26,08;01.06.2016;Q3-2016
26,39;02.06.2016;Q3-2016
26,77;03.06.2016;Q3-2016
27,67;06.06.2016;Q3-2016
27,56;07.06.2016;Q3-2016
27,3;08.06.2016;Q3-2016
26,67;09.06.2016;Q3-2016
26,64;10.06.2016;Q3-2016
26,66;13.06.2016;Q3-2016
26,72;14.06.2016;Q3-2016
27,02;15.06.2016;Q3-2016
27,41;16.06.2016;Q3-2016
27,78;17.06.2016;Q3-2016
28,56;20.06.2016;Q3-2016
27,94;21.06.2016;Q3-2016
28,23;22.06.2016;Q3-2016
28,26;23.06.2016;Q3-2016
27,99;24.06.2016;Q3-2016
27,37;27.06.2016;Q3-2016
29,8;28.06.2016;Q4-2016
29,36;29.06.2016;Q4-2016
29,59;30.06.2016;Q4-2016
30,38;01.07.2016;Q4-2016
30,91;04.07.2016;Q4-2016
30,73;05.07.2016;Q4-2016
30,45;06.07.2016;Q4-2016
30,78;07.07.2016;Q4-2016
30,31;08.07.2016;Q4-2016
30,08;11.07.2016;Q4-2016
30,35;12.07.2016;Q4-2016
30,72;13.07.2016;Q4-2016
30,64;14.07.2016;Q4-2016
30,58;15.07.2016;Q4-2016
31,24;18.07.2016;Q4-2016
30,81;19.07.2016;Q4-2016
31,01;20.07.2016;Q4-2016
31,2;21.07.2016;Q4-2016
31,12;22.07.2016;Q4-2016
30,81;25.07.2016;Q4-2016
31,15;26.07.2016;Q4-2016
31,44;27.07.2016;Q4-2016
31,56;28.07.2016;Q4-2016
31,41;29.07.2016;Q4-2016
31,42;01.08.2016;Q4-2016
31,21;02.08.2016;Q4-2016
30,89;03.08.2016;Q4-2016
30,72;04.08.2016;Q4-2016
30,4;05.08.2016;Q4-2016
30,59;08.08.2016;Q4-2016
30,7;09.08.2016;Q4-2016
30,69;10.08.2016;Q4-2016
30,54;11.08.2016;Q4-2016
30,8;12.08.2016;Q4-2016
30,75;15.08.2016;Q4-2016
30,55;16.08.2016;Q4-2016
30,51;17.08.2016;Q4-2016
30,33;18.08.2016;Q4-2016
29,62;19.08.2016;Q4-2016
29,08;22.08.2016;Q4-2016
29,07;23.08.2016;Q4-2016
29,1;24.08.2016;Q4-2016
29,05;25.08.2016;Q4-2016
29,2;26.08.2016;Q4-2016
29,25;29.08.2016;Q4-2016
29,53;30.08.2016;Q4-2016
29,21;31.08.2016;Q4-2016
28,88;01.09.2016;Q4-2016
28,89;02.09.2016;Q4-2016
28,93;05.09.2016;Q4-2016
28,71;06.09.2016;Q4-2016
28,46;07.09.2016;Q4-2016
28,35;08.09.2016;Q4-2016
28,55;09.09.2016;Q4-2016
28,23;12.09.2016;Q4-2016
28,64;13.09.2016;Q4-2016
28,55;14.09.2016;Q4-2016
28,95;15.09.2016;Q4-2016
29,61;16.09.2016;Q4-2016
29,67;19.09.2016;Q4-2016
29,65;20.09.2016;Q4-2016
29,83;21.09.2016;Q4-2016
30,12;22.09.2016;Q4-2016
30,66;23.09.2016;Q4-2016
31,33;26.09.2016;Q4-2016
31,34;27.09.2016;Q4-2016
32,63;28.09.2016;Q1-2017
32,9;29.09.2016;Q1-2017
33,03;30.09.2016;Q1-2017
33,99;03.10.2016;Q1-2017
34,05;04.10.2016;Q1-2017
34,75;05.10.2016;Q1-2017
37,17;06.10.2016;Q1-2017
36,35;07.10.2016;Q1-2017
35,63;10.10.2016;Q1-2017
35,26;11.10.2016;Q1-2017
34,81;12.10.2016;Q1-2017
35,41;13.10.2016;Q1-2017
35,97;14.10.2016;Q1-2017
37,1;17.10.2016;Q1-2017
38,35;18.10.2016;Q1-2017
37,65;19.10.2016;Q1-2017
37,67;20.10.2016;Q1-2017
38,1;21.10.2016;Q1-2017
39,15;24.10.2016;Q1-2017
39,93;25.10.2016;Q1-2017
41,27;26.10.2016;Q1-2017
40,9;27.10.2016;Q1-2017
40,96;28.10.2016;Q1-2017
41,89;31.10.2016;Q1-2017
43,31;01.11.2016;Q1-2017
44,39;02.11.2016;Q1-2017
45,11;03.11.2016;Q1-2017
43,07;04.11.2016;Q1-2017
41,88;07.11.2016;Q1-2017
40,69;08.11.2016;Q1-2017
41,36;09.11.2016;Q1-2017
40,95;10.11.2016;Q1-2017
40,12;11.11.2016;Q1-2017
39,17;14.11.2016;Q1-2017
39,35;15.11.2016;Q1-2017
38,75;16.11.2016;Q1-2017
36,98;17.11.2016;Q1-2017
36,89;18.11.2016;Q1-2017
35,34;21.11.2016;Q1-2017
36,29;22.11.2016;Q1-2017
36,38;23.11.2016;Q1-2017
36,05;24.11.2016;Q1-2017
36,2;25.11.2016;Q1-2017
35,71;28.11.2016;Q1-2017
36,02;29.11.2016;Q1-2017
35,83;30.11.2016;Q1-2017
35,55;01.12.2016;Q1-2017
34,13;02.12.2016;Q1-2017
33,14;05.12.2016;Q1-2017
31,9;06.12.2016;Q1-2017
31,5;07.12.2016;Q1-2017
31,4;08.12.2016;Q1-2017
32,27;09.12.2016;Q1-2017
33,95;12.12.2016;Q1-2017
33,74;13.12.2016;Q1-2017
33,95;14.12.2016;Q1-2017
35,39;15.12.2016;Q1-2017
36,81;16.12.2016;Q1-2017
36,36;19.12.2016;Q1-2017
36,69;20.12.2016;Q1-2017
36,31;21.12.2016;Q1-2017
36,98;22.12.2016;Q1-2017
37,44;23.12.2016;Q1-2017
38,36;27.12.2016;Q1-2017
32,8;28.12.2016;Q2-2017
32,62;29.12.2016;Q2-2017
32,99;30.12.2016;Q2-2017
31;02.01.2017;Q2-2017
30,34;03.01.2017;Q2-2017
30,41;04.01.2017;Q2-2017
30,45;05.01.2017;Q2-2017
29,84;06.01.2017;Q2-2017
29,8;09.01.2017;Q2-2017
30,66;10.01.2017;Q2-2017
31,56;11.01.2017;Q2-2017
31,53;12.01.2017;Q2-2017
31,33;13.01.2017;Q2-2017
30,63;16.01.2017;Q2-2017
31,8;17.01.2017;Q2-2017
32,1;18.01.2017;Q2-2017
32,05;19.01.2017;Q2-2017
32,7;20.01.2017;Q2-2017
33,84;23.01.2017;Q2-2017
33,25;24.01.2017;Q2-2017
32,42;25.01.2017;Q2-2017
32,01;26.01.2017;Q2-2017
31,35;27.01.2017;Q2-2017
32,14;30.01.2017;Q2-2017
32,89;31.01.2017;Q2-2017
33,05;01.02.2017;Q2-2017
33,11;02.02.2017;Q2-2017
32,96;03.02.2017;Q2-2017
32,51;06.02.2017;Q2-2017
32,2;07.02.2017;Q2-2017
32,11;08.02.2017;Q2-2017
32,38;09.02.2017;Q2-2017
31,91;10.02.2017;Q2-2017
31,41;13.02.2017;Q2-2017
31,16;14.02.2017;Q2-2017
31,7;15.02.2017;Q2-2017
31,62;16.02.2017;Q2-2017
31,59;17.02.2017;Q2-2017
32,83;20.02.2017;Q2-2017
32,41;21.02.2017;Q2-2017
32,35;22.02.2017;Q2-2017
32,54;23.02.2017;Q2-2017
32,36;24.02.2017;Q2-2017
31,41;27.02.2017;Q2-2017
31;28.02.2017;Q2-2017
31,12;01.03.2017;Q2-2017
31;02.03.2017;Q2-2017
30,89;03.03.2017;Q2-2017
30,51;06.03.2017;Q2-2017
30,48;07.03.2017;Q2-2017
29,85;08.03.2017;Q2-2017
29,68;09.03.2017;Q2-2017
29,72;10.03.2017;Q2-2017
29,24;13.03.2017;Q2-2017
29,16;14.03.2017;Q2-2017
29,44;15.03.2017;Q2-2017
29,7;16.03.2017;Q2-2017
29,85;17.03.2017;Q2-2017
29,84;20.03.2017;Q2-2017
29,29;21.03.2017;Q2-2017
28,76;22.03.2017;Q2-2017
28,53;23.03.2017;Q2-2017
28,61;24.03.2017;Q2-2017
28,23;27.03.2017;Q2-2017
28,55;28.03.2017;Q2-2017
30,5;29.03.2017;Q3-2017
31;30.03.2017;Q3-2017
31,59;31.03.2017;Q3-2017
32,29;03.04.2017;Q3-2017
32,38;04.04.2017;Q3-2017
32,67;05.04.2017;Q3-2017
33,41;06.04.2017;Q3-2017
32,92;07.04.2017;Q3-2017
32,48;10.04.2017;Q3-2017
31,73;11.04.2017;Q3-2017
32,28;12.04.2017;Q3-2017
32,6;13.04.2017;Q3-2017
32,42;18.04.2017;Q3-2017
32,77;19.04.2017;Q3-2017
32,4;20.04.2017;Q3-2017
32,34;21.04.2017;Q3-2017
31,84;24.04.2017;Q3-2017
31,49;25.04.2017;Q3-2017
31,85;26.04.2017;Q3-2017
32;27.04.2017;Q3-2017
32,28;28.04.2017;Q3-2017
31,9;02.05.2017;Q3-2017
31,83;03.05.2017;Q3-2017
31,41;04.05.2017;Q3-2017
31,39;05.05.2017;Q3-2017
31,07;08.05.2017;Q3-2017
30,96;09.05.2017;Q3-2017
31,15;10.05.2017;Q3-2017
31,1;11.05.2017;Q3-2017
31,15;12.05.2017;Q3-2017
30,78;15.05.2017;Q3-2017
30,88;16.05.2017;Q3-2017
31,39;17.05.2017;Q3-2017
31,71;18.05.2017;Q3-2017
31,85;19.05.2017;Q3-2017
32,59;22.05.2017;Q3-2017
33,12;23.05.2017;Q3-2017
33,13;24.05.2017;Q3-2017
32,88;25.05.2017;Q3-2017
32,73;26.05.2017;Q3-2017
33,1;29.05.2017;Q3-2017
33,58;30.05.2017;Q3-2017
33,07;31.05.2017;Q3-2017
32,7;01.06.2017;Q3-2017
32,91;02.06.2017;Q3-2017
33,1;05.06.2017;Q3-2017
32,57;06.06.2017;Q3-2017
32,67;07.06.2017;Q3-2017
33;08.06.2017;Q3-2017
33,3;09.06.2017;Q3-2017
32,76;12.06.2017;Q3-2017
32,72;13.06.2017;Q3-2017
32,45;14.06.2017;Q3-2017
32,61;15.06.2017;Q3-2017
32,45;16.06.2017;Q3-2017
32,65;19.06.2017;Q3-2017
32,82;20.06.2017;Q3-2017
32,72;21.06.2017;Q3-2017
32,48;22.06.2017;Q3-2017
31,95;23.06.2017;Q3-2017
31,94;26.06.2017;Q3-2017
31,91;27.06.2017;Q3-2017
35,16;28.06.2017;Q4-2017
35,15;29.06.2017;Q4-2017
35,19;30.06.2017;Q4-2017
35,7;03.07.2017;Q4-2017
36,04;04.07.2017;Q4-2017
36;05.07.2017;Q4-2017
36,25;06.07.2017;Q4-2017
36,48;07.07.2017;Q4-2017
36,55;10.07.2017;Q4-2017
36,14;11.07.2017;Q4-2017
36,05;12.07.2017;Q4-2017
36,2;13.07.2017;Q4-2017
35,85;14.07.2017;Q4-2017
35,9;17.07.2017;Q4-2017
35,79;18.07.2017;Q4-2017
35,79;19.07.2017;Q4-2017
35,91;20.07.2017;Q4-2017
35,6;21.07.2017;Q4-2017
35,01;24.07.2017;Q4-2017
34,62;25.07.2017;Q4-2017
34,69;26.07.2017;Q4-2017
34,71;27.07.2017;Q4-2017
34,69;28.07.2017;Q4-2017
34,72;31.07.2017;Q4-2017
34,65;01.08.2017;Q4-2017
34,79;02.08.2017;Q4-2017
34,8;03.08.2017;Q4-2017
34,97;04.08.2017;Q4-2017
35,35;07.08.2017;Q4-2017
35,06;08.08.2017;Q4-2017
35,57;09.08.2017;Q4-2017
35,85;10.08.2017;Q4-2017
36,1;11.08.2017;Q4-2017
36,64;14.08.2017;Q4-2017
36,46;15.08.2017;Q4-2017
36,84;16.08.2017;Q4-2017
37,54;17.08.2017;Q4-2017
37,5;18.08.2017;Q4-2017
37,15;21.08.2017;Q4-2017
37,08;22.08.2017;Q4-2017
37,69;23.08.2017;Q4-2017
37,94;24.08.2017;Q4-2017
38,12;25.08.2017;Q4-2017
38,35;28.08.2017;Q4-2017
37,85;29.08.2017;Q4-2017
38,16;30.08.2017;Q4-2017
37,77;31.08.2017;Q4-2017
37,84;01.09.2017;Q4-2017
37,77;04.09.2017;Q4-2017
38,35;05.09.2017;Q4-2017
38,4;06.09.2017;Q4-2017
38,21;07.09.2017;Q4-2017
38,8;08.09.2017;Q4-2017
38,87;11.09.2017;Q4-2017
38,64;12.09.2017;Q4-2017
39,52;13.09.2017;Q4-2017
40,27;14.09.2017;Q4-2017
39,85;15.09.2017;Q4-2017
39,84;18.09.2017;Q4-2017
40,14;19.09.2017;Q4-2017
39,7;20.09.2017;Q4-2017
39,04;21.09.2017;Q4-2017
38,86;22.09.2017;Q4-2017
39,38;25.09.2017;Q4-2017
38,8;26.09.2017;Q4-2017
38,34;27.09.2017;Q4-2017
41,15;28.09.2017;Q1-2018
39,8;29.09.2017;Q1-2018
39,15;02.10.2017;Q1-2018
39,55;03.10.2017;Q1-2018
40,05;04.10.2017;Q1-2018
40,39;05.10.2017;Q1-2018
40,4;06.10.2017;Q1-2018
40,31;09.10.2017;Q1-2018
40,51;10.10.2017;Q1-2018
41,3;11.10.2017;Q1-2018
41,21;12.10.2017;Q1-2018
41,7;13.10.2017;Q1-2018
41,81;16.10.2017;Q1-2018
41,9;17.10.2017;Q1-2018
42,41;18.10.2017;Q1-2018
41,98;19.10.2017;Q1-2018
40,93;20.10.2017;Q1-2018
40,73;23.10.2017;Q1-2018
40,8;24.10.2017;Q1-2018
41,1;25.10.2017;Q1-2018
41,09;26.10.2017;Q1-2018
41,7;27.10.2017;Q1-2018
41,4;30.10.2017;Q1-2018
41,6;31.10.2017;Q1-2018
42,05;01.11.2017;Q1-2018
41,93;02.11.2017;Q1-2018
41,15;03.11.2017;Q1-2018
41,98;06.11.2017;Q1-2018
41,97;07.11.2017;Q1-2018
42,1;08.11.2017;Q1-2018
42,2;09.11.2017;Q1-2018
42,3;10.11.2017;Q1-2018
42,25;13.11.2017;Q1-2018
41,5;14.11.2017;Q1-2018
40,9;15.11.2017;Q1-2018
40,91;16.11.2017;Q1-2018
40,28;17.11.2017;Q1-2018
40,41;20.11.2017;Q1-2018
40,75;21.11.2017;Q1-2018
40,48;22.11.2017;Q1-2018
41;23.11.2017;Q1-2018
41,87;24.11.2017;Q1-2018
42,06;27.11.2017;Q1-2018
41,75;28.11.2017;Q1-2018
42,04;29.11.2017;Q1-2018
41,86;30.11.2017;Q1-2018
42,1;01.12.2017;Q1-2018
42,8;04.12.2017;Q1-2018
42,6;05.12.2017;Q1-2018
42,05;06.12.2017;Q1-2018
41,87;07.12.2017;Q1-2018
41,94;08.12.2017;Q1-2018
41,72;11.12.2017;Q1-2018
42,98;12.12.2017;Q1-2018
42,45;13.12.2017;Q1-2018
42,11;14.12.2017;Q1-2018
42,63;15.12.2017;Q1-2018
42,1;18.12.2017;Q1-2018
41,52;19.12.2017;Q1-2018
41,7;20.12.2017;Q1-2018
41,58;21.12.2017;Q1-2018
41,44;22.12.2017;Q1-2018
40,75;27.12.2017;Q1-2018
34,96;28.12.2017;Q2-2018
34,99;29.12.2017;Q2-2018
34,36;02.01.2018;Q2-2018
34,39;03.01.2018;Q2-2018
34,11;04.01.2018;Q2-2018
34,12;05.01.2018;Q2-2018
34,29;08.01.2018;Q2-2018
34,46;09.01.2018;Q2-2018
34,35;10.01.2018;Q2-2018
34,4;11.01.2018;Q2-2018
34,44;12.01.2018;Q2-2018
33,95;15.01.2018;Q2-2018
33,9;16.01.2018;Q2-2018
33,55;17.01.2018;Q2-2018
33,47;18.01.2018;Q2-2018
33,5;19.01.2018;Q2-2018
33,7;22.01.2018;Q2-2018
33,25;23.01.2018;Q2-2018
32,91;24.01.2018;Q2-2018
32,85;25.01.2018;Q2-2018
32,89;26.01.2018;Q2-2018
32,5;29.01.2018;Q2-2018
32,06;30.01.2018;Q2-2018
32,41;31.01.2018;Q2-2018
32,61;01.02.2018;Q2-2018
32,41;02.02.2018;Q2-2018
31,97;05.02.2018;Q2-2018
31,91;06.02.2018;Q2-2018
32,24;07.02.2018;Q2-2018
31,47;08.02.2018;Q2-2018
31,33;09.02.2018;Q2-2018
31,33;12.02.2018;Q2-2018
32;13.02.2018;Q2-2018
32,1;14.02.2018;Q2-2018
31,8;15.02.2018;Q2-2018
31,85;16.02.2018;Q2-2018
32,63;19.02.2018;Q2-2018
32,75;20.02.2018;Q2-2018
32,55;21.02.2018;Q2-2018
32,45;22.02.2018;Q2-2018
32,7;23.02.2018;Q2-2018
31,71;26.02.2018;Q2-2018
31,73;27.02.2018;Q2-2018
31,6;28.02.2018;Q2-2018
31,36;01.03.2018;Q2-2018
31,17;02.03.2018;Q2-2018
30,95;05.03.2018;Q2-2018
31,43;06.03.2018;Q2-2018
31,31;07.03.2018;Q2-2018
31,93;08.03.2018;Q2-2018
32,7;09.03.2018;Q2-2018
33,06;12.03.2018;Q2-2018
32,7;13.03.2018;Q2-2018
31,94;14.03.2018;Q2-2018
32,18;15.03.2018;Q2-2018
32,08;16.03.2018;Q2-2018
31,65;19.03.2018;Q2-2018
32,03;20.03.2018;Q2-2018
33,18;21.03.2018;Q2-2018
33,29;22.03.2018;Q2-2018
33,25;23.03.2018;Q2-2018
32,51;26.03.2018;Q2-2018
32,8;27.03.2018;Q2-2018
35,75;28.03.2018;Q3-2018
36,02;29.03.2018;Q3-2018
36;03.04.2018;Q3-2018
35,76;04.04.2018;Q3-2018
35,91;05.04.2018;Q3-2018
36,02;06.04.2018;Q3-2018
36,67;09.04.2018;Q3-2018
36,69;10.04.2018;Q3-2018
36,85;11.04.2018;Q3-2018
37,11;12.04.2018;Q3-2018
37,72;13.04.2018;Q3-2018
38,05;16.04.2018;Q3-2018
37,24;17.04.2018;Q3-2018
37,02;18.04.2018;Q3-2018
37,8;19.04.2018;Q3-2018
37,07;20.04.2018;Q3-2018
37,24;23.04.2018;Q3-2018
37,13;24.04.2018;Q3-2018
37,06;25.04.2018;Q3-2018
37,58;26.04.2018;Q3-2018
37,61;27.04.2018;Q3-2018
38,04;30.04.2018;Q3-2018
37,37;02.05.2018;Q3-2018
37,22;03.05.2018;Q3-2018
37,45;04.05.2018;Q3-2018
38,03;07.05.2018;Q3-2018
38,31;08.05.2018;Q3-2018
38,69;09.05.2018;Q3-2018
38,91;10.05.2018;Q3-2018
39,29;11.05.2018;Q3-2018
39,9;14.05.2018;Q3-2018
40,29;15.05.2018;Q3-2018
40,55;16.05.2018;Q3-2018
41,11;17.05.2018;Q3-2018
41,1;18.05.2018;Q3-2018
41,28;21.05.2018;Q3-2018
42,47;22.05.2018;Q3-2018
42,64;23.05.2018;Q3-2018
42,64;24.05.2018;Q3-2018
42,3;25.05.2018;Q3-2018
43,34;28.05.2018;Q3-2018
44;29.05.2018;Q3-2018
44,15;30.05.2018;Q3-2018
45,07;31.05.2018;Q3-2018
43,46;01.06.2018;Q3-2018
45,75;04.06.2018;Q3-2018
45,1;05.06.2018;Q3-2018
44,47;06.06.2018;Q3-2018
44,53;07.06.2018;Q3-2018
44,79;08.06.2018;Q3-2018
43,87;11.06.2018;Q3-2018
44,76;12.06.2018;Q3-2018
44,69;13.06.2018;Q3-2018
45,04;14.06.2018;Q3-2018
44,75;15.06.2018;Q3-2018
45,2;18.06.2018;Q3-2018
45,78;19.06.2018;Q3-2018
45,06;20.06.2018;Q3-2018
44,67;21.06.2018;Q3-2018
45,14;22.06.2018;Q3-2018
45,01;25.06.2018;Q3-2018
44,67;26.06.2018;Q3-2018
45,28;27.06.2018;Q3-2018
49,23;28.06.2018;Q4-2018
49,53;29.06.2018;Q4-2018
49,95;02.07.2018;Q4-2018
50,17;03.07.2018;Q4-2018
50,15;04.07.2018;Q4-2018
50,73;05.07.2018;Q4-2018
50,64;06.07.2018;Q4-2018
51,43;09.07.2018;Q4-2018
52;10.07.2018;Q4-2018
51,95;11.07.2018;Q4-2018
50,97;12.07.2018;Q4-2018
50,42;13.07.2018;Q4-2018
50,8;16.07.2018;Q4-2018
50,22;17.07.2018;Q4-2018
50,92;18.07.2018;Q4-2018
51,7;19.07.2018;Q4-2018
51;20.07.2018;Q4-2018
51,69;23.07.2018;Q4-2018
51,96;24.07.2018;Q4-2018
52,4;25.07.2018;Q4-2018
51,4;26.07.2018;Q4-2018
50,9;27.07.2018;Q4-2018
50,95;30.07.2018;Q4-2018
50,64;31.07.2018;Q4-2018
50,88;01.08.2018;Q4-2018
50,43;02.08.2018;Q4-2018
50,91;03.08.2018;Q4-2018
51,17;06.08.2018;Q4-2018
51,4;07.08.2018;Q4-2018
50,81;08.08.2018;Q4-2018
51,11;09.08.2018;Q4-2018
51,19;10.08.2018;Q4-2018
52,26;13.08.2018;Q4-2018
52,8;14.08.2018;Q4-2018
52,91;15.08.2018;Q4-2018
53,33;16.08.2018;Q4-2018
54,35;17.08.2018;Q4-2018
54,36;20.08.2018;Q4-2018
55,17;21.08.2018;Q4-2018
55,56;22.08.2018;Q4-2018
56,25;23.08.2018;Q4-2018
56,44;24.08.2018;Q4-2018
57,72;27.08.2018;Q4-2018
57,41;28.08.2018;Q4-2018
58,06;29.08.2018;Q4-2018
59,89;30.08.2018;Q4-2018
59,1;31.08.2018;Q4-2018
57,03;03.09.2018;Q4-2018
58,18;04.09.2018;Q4-2018
58,21;05.09.2018;Q4-2018
59,39;06.09.2018;Q4-2018
60,71;07.09.2018;Q4-2018
62,21;10.09.2018;Q4-2018
62,58;11.09.2018;Q4-2018
61,84;12.09.2018;Q4-2018
58,45;13.09.2018;Q4-2018
58,1;14.09.2018;Q4-2018
60,46;17.09.2018;Q4-2018
60,21;18.09.2018;Q4-2018
60,73;19.09.2018;Q4-2018
62,75;20.09.2018;Q4-2018
62,45;21.09.2018;Q4-2018
64,39;24.09.2018;Q4-2018
63,27;25.09.2018;Q4-2018
60,13;26.09.2018;Q4-2018
61,05;27.09.2018;Q1-2019
60,83;28.09.2018;Q1-2019
60,53;01.10.2018;Q1-2019
61,4;02.10.2018;Q1-2019
61,08;03.10.2018;Q1-2019
61,68;04.10.2018;Q1-2019
61,95;05.10.2018;Q1-2019
61,85;08.10.2018;Q1-2019
60,46;09.10.2018;Q1-2019
59;10.10.2018;Q1-2019
57,84;11.10.2018;Q1-2019
59,26;12.10.2018;Q1-2019
58,23;15.10.2018;Q1-2019
58,54;16.10.2018;Q1-2019
57,71;17.10.2018;Q1-2019
57,73;18.10.2018;Q1-2019
59,65;19.10.2018;Q1-2019
58,17;22.10.2018;Q1-2019
57,75;23.10.2018;Q1-2019
58,65;24.10.2018;Q1-2019
57,63;25.10.2018;Q1-2019
56,29;26.10.2018;Q1-2019
55,45;29.10.2018;Q1-2019
54,18;30.10.2018;Q1-2019
54,13;31.10.2018;Q1-2019
52,81;01.11.2018;Q1-2019
53,95;02.11.2018;Q1-2019
53,7;05.11.2018;Q1-2019
53,75;06.11.2018;Q1-2019
55,12;07.11.2018;Q1-2019
56;08.11.2018;Q1-2019
55,56;09.11.2018;Q1-2019
58,98;12.11.2018;Q1-2019
60,09;13.11.2018;Q1-2019
59,44;14.11.2018;Q1-2019
59,67;15.11.2018;Q1-2019
59,52;16.11.2018;Q1-2019
56,1;19.11.2018;Q1-2019
56,57;20.11.2018;Q1-2019
57,83;21.11.2018;Q1-2019
58,37;22.11.2018;Q1-2019
58,47;23.11.2018;Q1-2019
56,89;26.11.2018;Q1-2019
58,39;27.11.2018;Q1-2019
57,43;28.11.2018;Q1-2019
57,59;29.11.2018;Q1-2019
57,12;30.11.2018;Q1-2019
57,25;03.12.2018;Q1-2019
56,28;04.12.2018;Q1-2019
55,51;05.12.2018;Q1-2019
55,02;06.12.2018;Q1-2019
54,94;07.12.2018;Q1-2019
55,23;10.12.2018;Q1-2019
55,8;11.12.2018;Q1-2019
56,81;12.12.2018;Q1-2019
58,31;13.12.2018;Q1-2019
59,74;14.12.2018;Q1-2019
60,5;17.12.2018;Q1-2019
59,2;18.12.2018;Q1-2019
59,72;19.12.2018;Q1-2019
59,25;20.12.2018;Q1-2019
60,3;21.12.2018;Q1-2019
57,93;27.12.2018;Q1-2019
50,96;28.12.2018;Q2-2019
49,91;02.01.2019;Q2-2019
48,8;03.01.2019;Q2-2019
49,13;04.01.2019;Q2-2019
47,22;07.01.2019;Q2-2019
48,14;08.01.2019;Q2-2019
47,51;09.01.2019;Q2-2019
47,48;10.01.2019;Q2-2019
48,17;11.01.2019;Q2-2019
47,24;14.01.2019;Q2-2019
47,12;15.01.2019;Q2-2019
47,6;16.01.2019;Q2-2019
49,47;17.01.2019;Q2-2019
49,82;18.01.2019;Q2-2019
48,59;21.01.2019;Q2-2019
49,49;22.01.2019;Q2-2019
50,05;23.01.2019;Q2-2019
49,17;24.01.2019;Q2-2019
48,22;25.01.2019;Q2-2019
47,25;28.01.2019;Q2-2019
47,34;29.01.2019;Q2-2019
47,18;30.01.2019;Q2-2019
46,05;31.01.2019;Q2-2019
45,73;01.02.2019;Q2-2019
44,6;04.02.2019;Q2-2019
44,94;05.02.2019;Q2-2019
45,57;06.02.2019;Q2-2019
45,18;07.02.2019;Q2-2019
44,4;08.02.2019;Q2-2019
42,97;11.02.2019;Q2-2019
42,61;12.02.2019;Q2-2019
41,88;13.02.2019;Q2-2019
41,75;14.02.2019;Q2-2019
42,05;15.02.2019;Q2-2019
41,43;18.02.2019;Q2-2019
41,52;19.02.2019;Q2-2019
42,15;20.02.2019;Q2-2019
41,78;21.02.2019;Q2-2019
41,06;22.02.2019;Q2-2019
40,75;25.02.2019;Q2-2019
41,12;26.02.2019;Q2-2019
42,02;27.02.2019;Q2-2019
42,96;28.02.2019;Q2-2019
43,17;01.03.2019;Q2-2019
43,59;04.03.2019;Q2-2019
43,25;05.03.2019;Q2-2019
42,67;06.03.2019;Q2-2019
42,36;07.03.2019;Q2-2019
42,65;08.03.2019;Q2-2019
41,95;11.03.2019;Q2-2019
41,75;12.03.2019;Q2-2019
40,11;13.03.2019;Q2-2019
40,34;14.03.2019;Q2-2019
39,53;15.03.2019;Q2-2019
38,58;18.03.2019;Q2-2019
38,78;19.03.2019;Q2-2019
38,29;20.03.2019;Q2-2019
37,93;21.03.2019;Q2-2019
37,4;22.03.2019;Q2-2019
37,31;25.03.2019;Q2-2019
37,81;26.03.2019;Q2-2019
38,15;27.03.2019;Q2-2019
42,01;28.03.2019;Q3-2019
40,8;29.03.2019;Q3-2019
40,34;01.04.2019;Q3-2019
40,01;02.04.2019;Q3-2019
40,51;03.04.2019;Q3-2019
43,08;04.04.2019;Q3-2019
45,17;05.04.2019;Q3-2019
46,66;08.04.2019;Q3-2019
46,33;09.04.2019;Q3-2019
48,21;10.04.2019;Q3-2019
47,4;11.04.2019;Q3-2019
47,29;12.04.2019;Q3-2019
46,75;15.04.2019;Q3-2019
45,98;16.04.2019;Q3-2019
46,8;17.04.2019;Q3-2019
46,18;18.04.2019;Q3-2019
45,59;23.04.2019;Q3-2019
45,35;24.04.2019;Q3-2019
45,46;25.04.2019;Q3-2019
44,95;26.04.2019;Q3-2019
44,75;29.04.2019;Q3-2019
44,38;30.04.2019;Q3-2019
43,4;02.05.2019;Q3-2019
43,31;03.05.2019;Q3-2019
43,57;06.05.2019;Q3-2019
44;07.05.2019;Q3-2019
44,5;08.05.2019;Q3-2019
44,78;09.05.2019;Q3-2019
43,74;10.05.2019;Q3-2019
43,34;13.05.2019;Q3-2019
42,65;14.05.2019;Q3-2019
42,68;15.05.2019;Q3-2019
42,7;16.05.2019;Q3-2019
41,3;17.05.2019;Q3-2019
40,83;20.05.2019;Q3-2019
40,75;21.05.2019;Q3-2019
41,7;22.05.2019;Q3-2019
41,01;23.05.2019;Q3-2019
40,9;24.05.2019;Q3-2019
41,1;27.05.2019;Q3-2019
40,99;28.05.2019;Q3-2019
41,15;29.05.2019;Q3-2019
40,59;30.05.2019;Q3-2019
39,59;31.05.2019;Q3-2019
38,72;03.06.2019;Q3-2019
38,95;04.06.2019;Q3-2019
39,59;05.06.2019;Q3-2019
38,98;06.06.2019;Q3-2019
39,25;07.06.2019;Q3-2019
40,05;10.06.2019;Q3-2019
39,91;11.06.2019;Q3-2019
39,02;12.06.2019;Q3-2019
39,33;13.06.2019;Q3-2019
38,91;14.06.2019;Q3-2019
38,79;17.06.2019;Q3-2019
38,71;18.06.2019;Q3-2019
38,21;19.06.2019;Q3-2019
37,79;20.06.2019;Q3-2019
38,25;21.06.2019;Q3-2019
39,13;24.06.2019;Q3-2019
38,32;25.06.2019;Q3-2019
38,4;26.06.2019;Q3-2019
47,42;27.06.2019;Q4-2019
46,93;28.06.2019;Q4-2019
47,29;01.07.2019;Q4-2019
47,38;02.07.2019;Q4-2019
46,36;03.07.2019;Q4-2019
46,27;04.07.2019;Q4-2019
47,4;05.07.2019;Q4-2019
48,85;08.07.2019;Q4-2019
49,06;09.07.2019;Q4-2019
49,6;10.07.2019;Q4-2019
50,64;11.07.2019;Q4-2019
51,1;12.07.2019;Q4-2019
52,59;15.07.2019;Q4-2019
50,93;16.07.2019;Q4-2019
50,36;17.07.2019;Q4-2019
49,82;18.07.2019;Q4-2019
50,81;19.07.2019;Q4-2019
51,09;22.07.2019;Q4-2019
51,57;23.07.2019;Q4-2019
51,06;24.07.2019;Q4-2019
50,82;25.07.2019;Q4-2019
49,5;26.07.2019;Q4-2019
49;29.07.2019;Q4-2019
48,18;30.07.2019;Q4-2019
48,21;31.07.2019;Q4-2019
48,88;01.08.2019;Q4-2019
49,41;02.08.2019;Q4-2019
47,8;05.08.2019;Q4-2019
46,91;06.08.2019;Q4-2019
46,66;07.08.2019;Q4-2019
47,14;08.08.2019;Q4-2019
46,89;09.08.2019;Q4-2019
46,05;12.08.2019;Q4-2019
46,04;13.08.2019;Q4-2019
45,43;14.08.2019;Q4-2019
45;15.08.2019;Q4-2019
44,73;16.08.2019;Q4-2019
44,75;19.08.2019;Q4-2019
44,73;20.08.2019;Q4-2019
44,5;21.08.2019;Q4-2019
44,32;22.08.2019;Q4-2019
43,3;23.08.2019;Q4-2019
43,47;26.08.2019;Q4-2019
42,91;27.08.2019;Q4-2019
43,22;28.08.2019;Q4-2019
43,51;29.08.2019;Q4-2019
45,7;30.08.2019;Q4-2019
43,52;02.09.2019;Q4-2019
43,6;03.09.2019;Q4-2019
44,34;04.09.2019;Q4-2019
44,13;05.09.2019;Q4-2019
44,08;06.09.2019;Q4-2019
44,25;09.09.2019;Q4-2019
47,51;10.09.2019;Q4-2019
48,88;11.09.2019;Q4-2019
48,14;12.09.2019;Q4-2019
48,35;13.09.2019;Q4-2019
49,31;16.09.2019;Q4-2019
48,35;17.09.2019;Q4-2019
46,22;18.09.2019;Q4-2019
46,59;19.09.2019;Q4-2019
46,38;20.09.2019;Q4-2019
45,33;23.09.2019;Q4-2019
45,12;24.09.2019;Q4-2019
44;25.09.2019;Q4-2019
44,24;26.09.2019;Q4-2019
49,54;27.09.2019;Q1-2020
49,48;30.09.2019;Q1-2020
49,27;01.10.2019;Q1-2020
48,69;02.10.2019;Q1-2020
47,81;03.10.2019;Q1-2020
48,17;04.10.2019;Q1-2020
47,95;07.10.2019;Q1-2020
47,93;08.10.2019;Q1-2020
48,27;09.10.2019;Q1-2020
48,49;10.10.2019;Q1-2020
49,65;11.10.2019;Q1-2020
49,65;14.10.2019;Q1-2020
50,08;15.10.2019;Q1-2020
50,5;16.10.2019;Q1-2020
49,9;17.10.2019;Q1-2020
50;18.10.2019;Q1-2020
50,29;21.10.2019;Q1-2020
49,25;22.10.2019;Q1-2020
48,54;23.10.2019;Q1-2020
48,25;24.10.2019;Q1-2020
47,8;25.10.2019;Q1-2020
46,99;28.10.2019;Q1-2020
47,32;29.10.2019;Q1-2020
47,52;30.10.2019;Q1-2020
47,06;31.10.2019;Q1-2020
47,39;01.11.2019;Q1-2020
47,13;04.11.2019;Q1-2020
47,53;05.11.2019;Q1-2020
47,15;06.11.2019;Q1-2020
46,55;07.11.2019;Q1-2020
46,19;08.11.2019;Q1-2020
46,13;11.11.2019;Q1-2020
45,35;12.11.2019;Q1-2020
45,7;13.11.2019;Q1-2020
45,7;14.11.2019;Q1-2020
45,79;15.11.2019;Q1-2020
45;18.11.2019;Q1-2020
44,77;19.11.2019;Q1-2020
44,98;20.11.2019;Q1-2020
45,39;21.11.2019;Q1-2020
46,49;22.11.2019;Q1-2020
46,36;25.11.2019;Q1-2020
45,5;26.11.2019;Q1-2020
46,39;27.11.2019;Q1-2020
46,37;28.11.2019;Q1-2020
46,14;29.11.2019;Q1-2020
44,86;02.12.2019;Q1-2020
44,34;03.12.2019;Q1-2020
44,41;04.12.2019;Q1-2020
43,88;05.12.2019;Q1-2020
43,64;06.12.2019;Q1-2020
42,77;09.12.2019;Q1-2020
42,28;10.12.2019;Q1-2020
42,37;11.12.2019;Q1-2020
42,5;12.12.2019;Q1-2020
42,5;13.12.2019;Q1-2020
41,85;16.12.2019;Q1-2020
42,65;17.12.2019;Q1-2020
42,84;18.12.2019;Q1-2020
43,09;19.12.2019;Q1-2020
42,19;20.12.2019;Q1-2020
40,4;23.12.2019;Q1-2020
39,57;27.12.2019;Q1-2020
36,53;30.12.2019;Q2-2020
35,5;02.01.2020;Q2-2020
36,55;03.01.2020;Q2-2020
36;06.01.2020;Q2-2020
35,81;07.01.2020;Q2-2020
35,81;08.01.2020;Q2-2020
36,09;09.01.2020;Q2-2020
35,8;10.01.2020;Q2-2020
35,69;13.01.2020;Q2-2020
34,73;14.01.2020;Q2-2020
34,52;15.01.2020;Q2-2020
34,33;16.01.2020;Q2-2020
34,71;17.01.2020;Q2-2020
34,24;20.01.2020;Q2-2020
34,51;21.01.2020;Q2-2020
34,77;22.01.2020;Q2-2020
34,33;23.01.2020;Q2-2020
34,45;24.01.2020;Q2-2020
34,68;27.01.2020;Q2-2020
35,01;28.01.2020;Q2-2020
34,47;29.01.2020;Q2-2020
33,51;30.01.2020;Q2-2020
33,47;31.01.2020;Q2-2020
32,55;03.02.2020;Q2-2020
32,67;04.02.2020;Q2-2020
32,99;05.02.2020;Q2-2020
32,62;06.02.2020;Q2-2020
32,48;07.02.2020;Q2-2020
31,42;10.02.2020;Q2-2020
31,93;11.02.2020;Q2-2020
32,36;12.02.2020;Q2-2020
32,51;13.02.2020;Q2-2020
32,86;14.02.2020;Q2-2020
32,92;17.02.2020;Q2-2020
33,21;18.02.2020;Q2-2020
33,06;19.02.2020;Q2-2020
33,12;20.02.2020;Q2-2020
32,92;21.02.2020;Q2-2020
31,81;24.02.2020;Q2-2020
31,45;25.02.2020;Q2-2020
30,87;26.02.2020;Q2-2020
30,5;27.02.2020;Q2-2020
30,12;28.02.2020;Q2-2020
29,9;02.03.2020;Q2-2020
30,43;03.03.2020;Q2-2020
30,32;04.03.2020;Q2-2020
30,24;05.03.2020;Q2-2020
30,21;06.03.2020;Q2-2020
29,71;09.03.2020;Q2-2020
30,77;10.03.2020;Q2-2020
31,35;11.03.2020;Q2-2020
31,03;12.03.2020;Q2-2020
30,58;13.03.2020;Q2-2020
27,71;16.03.2020;Q2-2020
26,11;17.03.2020;Q2-2020
23,86;18.03.2020;Q2-2020
23,22;19.03.2020;Q2-2020
22,73;20.03.2020;Q2-2020
21,01;23.03.2020;Q2-2020
21,8;24.03.2020;Q2-2020
21,33;25.03.2020;Q2-2020
20,92;26.03.2020;Q2-2020
26,91;27.03.2020;Q3-2020
26,84;30.03.2020;Q3-2020
27,63;31.03.2020;Q3-2020
26,74;01.04.2020;Q3-2020
26,86;02.04.2020;Q3-2020
27,22;03.04.2020;Q3-2020
29,29;06.04.2020;Q3-2020
31,3;07.04.2020;Q3-2020
30,5;08.04.2020;Q3-2020
30,86;09.04.2020;Q3-2020
29,69;14.04.2020;Q3-2020
28,37;15.04.2020;Q3-2020
31,9;16.04.2020;Q3-2020
33,46;17.04.2020;Q3-2020
33,01;20.04.2020;Q3-2020
31,27;21.04.2020;Q3-2020
33,01;22.04.2020;Q3-2020
32,57;23.04.2020;Q3-2020
32,5;24.04.2020;Q3-2020
31,56;27.04.2020;Q3-2020
31,68;28.04.2020;Q3-2020
31,26;29.04.2020;Q3-2020
30,36;30.04.2020;Q3-2020
29,15;04.05.2020;Q3-2020
29,32;05.05.2020;Q3-2020
29,37;06.05.2020;Q3-2020
29,64;07.05.2020;Q3-2020
30,32;08.05.2020;Q3-2020
29,99;11.05.2020;Q3-2020
29,4;12.05.2020;Q3-2020
28,31;13.05.2020;Q3-2020
28,65;14.05.2020;Q3-2020
29,45;15.05.2020;Q3-2020
29,59;18.05.2020;Q3-2020
29,29;19.05.2020;Q3-2020
29,3;20.05.2020;Q3-2020
29,05;21.05.2020;Q3-2020
28,52;22.05.2020;Q3-2020
29,3;25.05.2020;Q3-2020
29,52;26.05.2020;Q3-2020
28,53;27.05.2020;Q3-2020
27,92;28.05.2020;Q3-2020
27,92;29.05.2020;Q3-2020
27,18;01.06.2020;Q3-2020
28,65;02.06.2020;Q3-2020
30,54;03.06.2020;Q3-2020
30,84;04.06.2020;Q3-2020
32,18;05.06.2020;Q3-2020
32,84;08.06.2020;Q3-2020
31,45;09.06.2020;Q3-2020
31,3;10.06.2020;Q3-2020
30,8;11.06.2020;Q3-2020
30,68;12.06.2020;Q3-2020
30,55;15.06.2020;Q3-2020
31,96;16.06.2020;Q3-2020
31,29;17.06.2020;Q3-2020
32;18.06.2020;Q3-2020
32,48;19.06.2020;Q3-2020
32,21;22.06.2020;Q3-2020
33,39;23.06.2020;Q3-2020
33,78;24.06.2020;Q3-2020
33,06;25.06.2020;Q3-2020
38,73;26.06.2020;Q4-2020
38,9;29.06.2020;Q4-2020
39,96;30.06.2020;Q4-2020
40,14;01.07.2020;Q4-2020
40,1;02.07.2020;Q4-2020
39,96;03.07.2020;Q4-2020
41,58;06.07.2020;Q4-2020
42,12;07.07.2020;Q4-2020
41,35;08.07.2020;Q4-2020
41,19;09.07.2020;Q4-2020
40,11;10.07.2020;Q4-2020
41,45;13.07.2020;Q4-2020
40,29;14.07.2020;Q4-2020
40,85;15.07.2020;Q4-2020
40,05;16.07.2020;Q4-2020
39;17.07.2020;Q4-2020
37,37;20.07.2020;Q4-2020
37,2;21.07.2020;Q4-2020
37,26;22.07.2020;Q4-2020
37,81;23.07.2020;Q4-2020
36,9;24.07.2020;Q4-2020
35,78;27.07.2020;Q4-2020
35,78;28.07.2020;Q4-2020
36,76;29.07.2020;Q4-2020
36,49;30.07.2020;Q4-2020
37,33;31.07.2020;Q4-2020
37,26;03.08.2020;Q4-2020
38,12;04.08.2020;Q4-2020
38,42;05.08.2020;Q4-2020
39,1;06.08.2020;Q4-2020
38,52;07.08.2020;Q4-2020
38,23;10.08.2020;Q4-2020
37,74;11.08.2020;Q4-2020
36,69;12.08.2020;Q4-2020
36,79;13.08.2020;Q4-2020
36,36;14.08.2020;Q4-2020
37,46;17.08.2020;Q4-2020
38,23;18.08.2020;Q4-2020
38,03;19.08.2020;Q4-2020
37,76;20.08.2020;Q4-2020
37,17;21.08.2020;Q4-2020
38,71;24.08.2020;Q4-2020
39,91;25.08.2020;Q4-2020
41;26.08.2020;Q4-2020
40,63;27.08.2020;Q4-2020
42,52;28.08.2020;Q4-2020
41,52;31.08.2020;Q4-2020
41,68;01.09.2020;Q4-2020
