"";"Date";"Spread0BQIV"
"1";2011-03-29;5,58
"2";2011-03-30;5,38
"3";2011-03-31;5,21999999999999
"4";2011-04-01;5,27
"5";2011-04-04;5,38999999999999
"6";2011-04-05;5,49
"7";2011-04-06;5,52
"8";2011-04-07;5,88999999999999
"9";2011-04-08;5,96000000000001
"10";2011-04-11;6,12
"11";2011-04-12;6,25
"12";2011-04-13;6,14
"13";2011-04-14;5,91
"14";2011-04-15;6,00000000000001
"15";2011-04-18;6,15000000000001
"16";2011-04-19;6,39
"17";2011-04-20;6,3
"18";2011-04-21;6,26
"19";2011-04-26;6,33
"20";2011-04-27;6,26000000000001
"21";2011-04-28;6,03
"22";2011-04-29;6,08
"23";2011-05-02;6,88
"24";2011-05-03;6,95
"25";2011-05-04;6,88
"26";2011-05-05;6,98
"27";2011-05-06;6,92
"28";2011-05-09;6,88
"29";2011-05-10;6,5
"30";2011-05-11;6,47
"31";2011-05-12;6,60999999999999
"32";2011-05-13;6,7
"33";2011-05-16;6,74999999999999
"34";2011-05-17;6,77999999999999
"35";2011-05-18;6,86
"36";2011-05-19;6,56000000000001
"37";2011-05-20;6,63
"38";2011-05-23;6,91
"39";2011-05-24;6,61000000000001
"40";2011-05-25;6,52
"41";2011-05-26;6,27
"42";2011-05-27;6,63999999999999
"43";2011-05-30;5,81999999999999
"44";2011-05-31;6,04
"45";2011-06-01;5,92
"46";2011-06-02;5,92
"47";2011-06-03;6,24
"48";2011-06-06;5,84
"49";2011-06-07;5,63
"50";2011-06-08;5,74000000000001
"51";2011-06-09;5,78999999999999
"52";2011-06-10;5,68000000000001
"53";2011-06-14;5,74000000000001
"54";2011-06-15;5,85999999999999
"55";2011-06-16;6,11
"56";2011-06-17;6,05
"57";2011-06-20;6,14000000000001
"58";2011-06-21;6,09
"59";2011-06-22;6
"60";2011-06-23;6
"61";2011-06-24;6,06999999999999
"62";2011-06-27;6,22
"63";2012-03-28;2,99
"64";2012-03-29;3,08
"65";2012-03-30;2,78
"66";2012-04-02;2,73
"67";2012-04-03;2,73999999999999
"68";2012-04-04;2,95
"69";2012-04-05;2,79
"70";2012-04-10;3,08
"71";2012-04-11;2,93
"72";2012-04-12;3,06
"73";2012-04-13;2,97
"74";2012-04-16;3,16
"75";2012-04-17;2,97
"76";2012-04-18;2,98999999999999
"77";2012-04-19;2,88999999999999
"78";2012-04-20;2,7
"79";2012-04-23;2,87
"80";2012-04-24;2,81
"81";2012-04-25;2,95
"82";2012-04-26;2,78
"83";2012-04-27;2,6
"84";2012-04-30;2,72
"85";2012-05-02;2,69
"86";2012-05-03;2,67
"87";2012-05-04;2,31
"88";2012-05-07;2,40000000000001
"89";2012-05-08;2,26
"90";2012-05-09;2,27
"91";2012-05-10;2,16
"92";2012-05-11;2,23999999999999
"93";2012-05-14;2,23999999999999
"94";2012-05-15;2,18
"95";2012-05-16;1,92
"96";2012-05-17;1,92
"97";2012-05-18;1,88
"98";2012-05-21;1,89
"99";2012-05-22;1,83
"100";2012-05-23;1,86000000000001
"101";2012-05-24;1,99
"102";2012-05-25;1,8
"103";2012-05-28;1,8
"104";2012-05-29;1,5
"105";2012-05-30;1,93
"106";2012-05-31;1,97000000000001
"107";2012-06-01;1,67
"108";2012-06-04;1,75
"109";2012-06-05;1,62
"110";2012-06-06;1,58
"111";2012-06-07;1,46
"112";2012-06-08;1,4
"113";2012-06-11;1,25
"114";2012-06-12;1,05
"115";2012-06-13;0,880000000000003
"116";2012-06-14;0,699999999999996
"117";2012-06-15;0,550000000000004
"118";2012-06-18;0,340000000000003
"119";2012-06-19;0,409999999999997
"120";2012-06-20;0,510000000000005
"121";2012-06-21;0,589999999999996
"122";2012-06-22;0,840000000000003
"123";2012-06-25;0,619999999999997
"124";2012-06-26;0,93
"125";2013-03-26;1,84
"126";2013-03-27;1,88
"127";2013-03-28;2,04
"128";2013-04-02;1,87
"129";2013-04-03;1,89
"130";2013-04-04;1,98
"131";2013-04-05;2,06
"132";2013-04-08;2,06
"133";2013-04-09;2,14
"134";2013-04-10;2,31
"135";2013-04-11;2,63
"136";2013-04-12;2,56
"137";2013-04-15;2,64
"138";2013-04-16;3,06
"139";2013-04-17;2,56
"140";2013-04-18;2,47
"141";2013-04-19;2,43
"142";2013-04-22;2,45
"143";2013-04-23;2,37
"144";2013-04-24;2,37
"145";2013-04-25;2,27
"146";2013-04-26;2,24
"147";2013-04-29;2,27
"148";2013-04-30;2,29
"149";2013-05-02;2,23999999999999
"150";2013-05-03;2,25
"151";2013-05-06;2,17
"152";2013-05-07;2,06
"153";2013-05-08;2,06
"154";2013-05-09;2,06
"155";2013-05-10;2
"156";2013-05-13;1,95999999999999
"157";2013-05-14;1,91
"158";2013-05-15;1,98
"159";2013-05-16;2,06
"160";2013-05-17;2
"161";2013-05-20;2
"162";2013-05-21;1,98999999999999
"163";2013-05-22;2
"164";2013-05-23;2,08000000000001
"165";2013-05-24;2,07
"166";2013-05-27;1,91
"167";2013-05-28;1,93
"168";2013-05-29;1,96
"169";2013-05-30;2,02
"170";2013-05-31;1,91
"171";2013-06-03;1,89
"172";2013-06-04;1,89
"173";2013-06-05;1,79000000000001
"174";2013-06-06;1,79000000000001
"175";2013-06-07;1,78
"176";2013-06-10;1,79
"177";2013-06-11;1,79000000000001
"178";2013-06-12;1,85
"179";2013-06-13;1,97
"180";2013-06-14;1,77999999999999
"181";2013-06-17;2,03
"182";2013-06-18;1,86
"183";2013-06-19;1,93
"184";2013-06-20;1,85
"185";2013-06-21;1,8
"186";2013-06-24;1,66
"187";2013-06-25;1,81
"188";2014-03-27;2,28
"189";2014-03-28;2,24
"190";2014-03-31;2,20999999999999
"191";2014-04-01;2,27
"192";2014-04-02;2,19
"193";2014-04-03;2,04
"194";2014-04-04;2,06
"195";2014-04-07;2,38
"196";2014-04-08;2,34
"197";2014-04-09;2,26
"198";2014-04-10;2,17
"199";2014-04-11;2,15000000000001
"200";2014-04-14;2,21
"201";2014-04-15;2,12
"202";2014-04-16;2,12
"203";2014-04-17;2,13
"204";2014-04-22;2,09999999999999
"205";2014-04-23;2,11
"206";2014-04-24;2,12
"207";2014-04-25;2,14
"208";2014-04-28;2,35
"209";2014-04-29;2,39
"210";2014-04-30;2,29
"211";2014-05-02;2,37
"212";2014-05-05;2,28
"213";2014-05-06;2,25
"214";2014-05-07;2,28
"215";2014-05-08;2,25
"216";2014-05-09;2,28
"217";2014-05-12;2,18
"218";2014-05-13;2,17
"219";2014-05-14;2,19
"220";2014-05-15;2,33
"221";2014-05-16;2,26
"222";2014-05-19;2,31
"223";2014-05-20;2,26
"224";2014-05-21;2,31
"225";2014-05-22;2,25
"226";2014-05-23;2,29
"227";2014-05-26;2,3
"228";2014-05-27;2,31
"229";2014-05-28;2,26000000000001
"230";2014-05-29;2,3
"231";2014-05-30;2,19
"232";2014-06-02;2,17
"233";2014-06-03;2,1
"234";2014-06-04;2,1
"235";2014-06-05;1,99
"236";2014-06-06;2,02
"237";2014-06-09;1,99
"238";2014-06-10;1,92
"239";2014-06-11;1,93
"240";2014-06-12;1,91999999999999
"241";2014-06-13;1,99
"242";2014-06-16;1,98
"243";2014-06-17;1,98
"244";2014-06-18;2,07
"245";2014-06-19;2,11
"246";2014-06-20;2,20999999999999
"247";2014-06-23;2,11000000000001
"248";2014-06-24;2
"249";2014-06-25;1,96
"250";2015-03-27;2,71
"251";2015-03-30;2,71
"252";2015-03-31;2,7
"253";2015-04-01;2,67
"254";2015-04-02;2,71
"255";2015-04-07;2,76000000000001
"256";2015-04-08;2,79
"257";2015-04-09;2,74
"258";2015-04-10;2,71
"259";2015-04-13;2,77
"260";2015-04-14;2,79
"261";2015-04-15;2,77
"262";2015-04-16;2,68
"263";2015-04-17;2,67
"264";2015-04-20;2,62
"265";2015-04-21;2,57
"266";2015-04-22;2,56
"267";2015-04-23;2,59999999999999
"268";2015-04-24;2,65
"269";2015-04-27;2,52999999999999
"270";2015-04-28;2,48999999999999
"271";2015-04-29;2,55
"272";2015-04-30;2,56
"273";2015-05-04;2,53
"274";2015-05-05;2,52
"275";2015-05-06;2,48
"276";2015-05-07;2,36
"277";2015-05-08;2,33
"278";2015-05-11;2,45
"279";2015-05-12;2,47
"280";2015-05-13;2,51
"281";2015-05-14;2,47
"282";2015-05-15;2,51
"283";2015-05-18;2,52
"284";2015-05-19;2,48
"285";2015-05-20;2,52
"286";2015-05-21;2,48
"287";2015-05-22;2,47
"288";2015-05-26;2,46
"289";2015-05-27;2,45
"290";2015-05-28;2,46
"291";2015-05-29;2,53
"292";2015-06-01;2,49
"293";2015-06-02;2,53
"294";2015-06-03;2,48
"295";2015-06-04;2,47
"296";2015-06-05;2,4
"297";2015-06-08;2,37
"298";2015-06-09;2,3
"299";2015-06-10;2,26
"300";2015-06-11;2,28
"301";2015-06-12;2,24
"302";2015-06-15;2,19
"303";2015-06-16;2,07
"304";2015-06-17;2,11
"305";2015-06-18;2,14
"306";2015-06-19;2,26
"307";2015-06-22;2,46
"308";2015-06-23;2,44
"309";2015-06-24;2,34
"310";2015-06-25;2,39
"311";2016-03-29;2,58
"312";2016-03-30;2,49
"313";2016-03-31;2,45
"314";2016-04-01;2,42
"315";2016-04-04;2,46
"316";2016-04-05;2,41
"317";2016-04-06;2,3
"318";2016-04-07;2,24
"319";2016-04-08;2,21
"320";2016-04-11;2,17
"321";2016-04-12;2,31
"322";2016-04-13;2,28
"323";2016-04-14;2,16
"324";2016-04-15;2,08
"325";2016-04-18;2,18
"326";2016-04-19;1,98
"327";2016-04-20;2,03
"328";2016-04-21;2,13
"329";2016-04-22;1,9
"330";2016-04-25;2
"331";2016-04-26;1,83
"332";2016-04-27;1,91
"333";2016-04-28;1,89
"334";2016-04-29;1,93
"335";2016-05-02;2,02
"336";2016-05-03;1,86
"337";2016-05-04;1,89
"338";2016-05-05;1,72
"339";2016-05-06;1,92
"340";2016-05-09;2,16
"341";2016-05-10;2,2
"342";2016-05-11;2,22
"343";2016-05-12;2,17
"344";2016-05-13;2,23
"345";2016-05-16;2,32
"346";2016-05-17;2,13
"347";2016-05-18;2,17
"348";2016-05-19;2,38
"349";2016-05-20;2,34
"350";2016-05-23;2,19
"351";2016-05-24;2,29
"352";2016-05-25;2,2
"353";2016-05-26;2,23
"354";2016-05-27;2,27
"355";2016-05-30;2,2
"356";2016-05-31;2,11
"357";2016-06-01;2,14
"358";2016-06-02;2,07
"359";2016-06-03;2,05
"360";2016-06-06;2,04
"361";2016-06-07;2,09
"362";2016-06-08;2,23
"363";2016-06-09;2,1
"364";2016-06-10;2,13
"365";2016-06-13;2,24
"366";2016-06-14;2,29
"367";2016-06-15;2,31
"368";2016-06-16;2,43
"369";2016-06-17;2,55
"370";2016-06-20;2,7
"371";2016-06-21;2,86
"372";2016-06-22;3,06
"373";2016-06-23;3,3
"374";2016-06-24;3,58
"375";2016-06-27;3,78
"376";2017-03-29;4,07
"377";2017-03-30;4,12
"378";2017-03-31;4,25
"379";2017-04-03;4,31
"380";2017-04-04;4,5
"381";2017-04-05;4,35
"382";2017-04-06;4,67
"383";2017-04-07;4,55
"384";2017-04-10;4,59
"385";2017-04-11;4,49
"386";2017-04-12;4,42
"387";2017-04-13;4,49
"388";2017-04-18;4,62
"389";2017-04-19;4,42
"390";2017-04-20;4,23
"391";2017-04-21;4,22
"392";2017-04-25;4,6
"393";2017-04-26;4,56
"394";2017-04-27;4,69
"395";2017-04-28;4,52
"396";2017-05-02;4,42
"397";2017-05-03;4,59
"398";2017-05-04;4,5
"399";2017-05-05;4,39
"400";2017-05-08;4,34
"401";2017-05-09;4,53
"402";2017-05-10;4,44
"403";2017-05-11;4,53
"404";2017-05-12;4,64
"405";2017-05-15;4,44
"406";2017-05-16;4,33
"407";2017-05-17;4,44
"408";2017-05-18;4,44
"409";2017-05-19;4,47
"410";2017-05-22;4,4
"411";2017-05-23;4,63
"412";2017-05-24;4,69
"413";2017-05-25;4,94
"414";2017-05-26;4,8
"415";2017-05-29;4,73
"416";2017-05-30;4,64
"417";2017-05-31;4,63
"418";2017-06-01;4,53
"419";2017-06-02;4,59
"420";2017-06-05;4,49
"421";2017-06-06;4,38
"422";2017-06-07;4,43
"423";2017-06-08;4,47
"424";2017-06-09;4,64
"425";2017-06-12;4,45
"426";2017-06-13;4,45
"427";2017-06-14;4,35
"428";2017-06-15;4,38
"429";2017-06-16;4,63
"430";2017-06-19;4,37
"431";2017-06-20;4,46
"432";2017-06-21;4,41
"433";2017-06-22;4,33
"434";2017-06-23;4,26
"435";2017-06-26;4,31
"436";2017-06-27;4,35
"437";2018-03-28;4,98
"438";2018-03-29;5,03
"439";2018-04-03;4,78
"440";2018-04-04;4,92
"441";2018-04-05;4,79
"442";2018-04-06;4,75
"443";2018-04-09;4,68
"444";2018-04-10;4,5
"445";2018-04-11;4,45
"446";2018-04-12;4,46
"447";2018-04-13;4,43
"448";2018-04-16;4,44
"449";2018-04-17;4,43
"450";2018-04-18;4,3
"451";2018-04-19;4,4
"452";2018-04-20;4,35
"453";2018-04-23;4,37
"454";2018-04-24;4,25
"455";2018-04-25;4,2
"456";2018-04-26;4,33
"457";2018-04-27;4,23999999999999
"458";2018-04-30;4,24
"459";2018-05-02;4,19
"460";2018-05-03;4,1
"461";2018-05-04;4,18
"462";2018-05-07;4,24
"463";2018-05-08;4,44
"464";2018-05-09;4,47
"465";2018-05-10;4,44
"466";2018-05-11;4,5
"467";2018-05-14;4,66999999999999
"468";2018-05-15;4,90000000000001
"469";2018-05-16;4,86
"470";2018-05-17;4,91
"471";2018-05-18;4,95
"472";2018-05-21;4,98
"473";2018-05-22;5,07
"474";2018-05-23;5,16
"475";2018-05-24;5,09
"476";2018-05-25;5,25
"477";2018-05-28;5,26
"478";2018-05-29;5,72
"479";2018-05-30;5,68
"480";2018-05-31;6,33
"481";2018-06-01;6,14
"482";2018-06-04;6,15
"483";2018-06-05;5,88
"484";2018-06-06;6,01
"485";2018-06-07;6,01
"486";2018-06-08;5,95999999999999
"487";2018-06-11;6,06
"488";2018-06-12;6,53
"489";2018-06-13;6,6
"490";2018-06-14;7,1
"491";2018-06-15;7
"492";2018-06-18;7,46
"493";2018-06-19;7,42
"494";2018-06-20;7,17
"495";2018-06-21;7,13
"496";2018-06-22;7,04000000000001
"497";2018-06-25;6,9
"498";2018-06-26;6,64
"499";2018-06-27;6,34
"500";2019-03-28;1,95
"501";2019-03-29;1,88
"502";2019-04-01;1,97
"503";2019-04-02;1,95
"504";2019-04-03;1,61
"505";2019-04-04;1,78
"506";2019-04-05;2,58000000000001
"507";2019-04-08;3,33000000000001
"508";2019-04-09;3,36
"509";2019-04-10;3,55
"510";2019-04-11;3,2
"511";2019-04-12;3,16999999999999
"512";2019-04-15;2,95
"513";2019-04-16;2,8
"514";2019-04-17;2,8
"515";2019-04-18;2,92
"516";2019-04-23;2,69
"517";2019-04-24;3,02999999999999
"518";2019-04-25;3,01
"519";2019-04-26;3,14
"520";2019-04-29;2,82
"521";2019-04-30;2,51000000000001
"522";2019-05-02;2,45
"523";2019-05-03;2,63
"524";2019-05-06;2,64
"525";2019-05-07;2,66
"526";2019-05-08;2,57
"527";2019-05-09;2,65
"528";2019-05-10;2,68
"529";2019-05-13;2,25
"530";2019-05-14;2,19
"531";2019-05-15;1,94
"532";2019-05-16;1,9
"533";2019-05-17;1,85
"534";2019-05-20;1,61
"535";2019-05-21;1,78
"536";2019-05-22;1,57
"537";2019-05-23;1,34
"538";2019-05-24;1,33
"539";2019-05-27;1,17
"540";2019-05-28;1,18
"541";2019-05-29;1,14
"542";2019-05-30;1,11
"543";2019-05-31;0,990000000000002
"544";2019-06-03;0,82
"545";2019-06-04;0,399999999999999
"546";2019-06-05;0,280000000000001
"547";2019-06-06;0,330000000000005
"548";2019-06-07;0,230000000000004
"549";2019-06-10;0,189999999999998
"550";2019-06-11;0,229999999999997
"551";2019-06-12;0,18
"552";2019-06-13;0,199999999999996
"553";2019-06-14;0,0700000000000003
"554";2019-06-17;-0,0499999999999972
"555";2019-06-18;-0,519999999999996
"556";2019-06-19;-0,770000000000003
"557";2019-06-20;-1,12
"558";2019-06-21;-1,2
"559";2019-06-24;-1,14
"560";2019-06-25;-1,4
"561";2019-06-26;-1,64
"562";2020-03-27;-0,729999999999997
"563";2020-03-30;-0,979999999999997
"564";2020-03-31;-1,2
"565";2020-04-01;-1,19
"566";2020-04-02;-1,37
"567";2020-04-03;-1,2
"568";2020-04-06;-1,33000000000001
"569";2020-04-07;-1,08
"570";2020-04-08;-1,08000000000001
"571";2020-04-09;-1,05
"572";2020-04-14;-1,26000000000001
"573";2020-04-15;-1,41999999999999
"574";2020-04-16;-0,100000000000001
"575";2020-04-17;-0,0799999999999983
"576";2020-04-20;0,0899999999999963
"577";2020-04-21;-0,159999999999997
"578";2020-04-22;0,5
"579";2020-04-23;0,450000000000003
"580";2020-04-24;0,419999999999995
"581";2020-04-27;0,100000000000001
"582";2020-04-28;-0,370000000000005
"583";2020-04-29;-0,700000000000003
"584";2020-04-30;-0,909999999999997
"585";2020-05-04;-1,3
"586";2020-05-05;-1,21
"587";2020-05-06;-1,17
"588";2020-05-07;-1,28
"589";2020-05-08;-0,789999999999999
"590";2020-05-11;-1,08
"591";2020-05-12;-1,16
"592";2020-05-13;-1,25
"593";2020-05-14;-1,37
"594";2020-05-15;-1,36
"595";2020-05-18;-1,47000000000001
"596";2020-05-19;-1,85
"597";2020-05-20;-1,95
"598";2020-05-21;-1,95
"599";2020-05-22;-1,94
"600";2020-05-25;-2,25
"601";2020-05-26;-2,07
"602";2020-05-27;-2,01
"603";2020-05-28;-2,17
"604";2020-05-29;-2,31
"605";2020-06-01;-2,63
"606";2020-06-02;-2,83
"607";2020-06-03;-2,29
"608";2020-06-04;-1,96
"609";2020-06-05;-1,95
"610";2020-06-08;-1,63999999999999
"611";2020-06-09;-2,11
"612";2020-06-10;-2,29
"613";2020-06-11;-2,48
"614";2020-06-12;-2,59
"615";2020-06-15;-2,34
"616";2020-06-16;-2,66
"617";2020-06-17;-2,65000000000001
"618";2020-06-18;-2,37
"619";2020-06-19;-2,08
"620";2020-06-22;-1,93
"621";2020-06-23;-1,86
"622";2020-06-24;-1,83
"623";2020-06-25;-1,5
"624";2011-01-03;1,67
"625";2011-01-04;1,95
"626";2011-01-05;2,44
"627";2011-01-06;2,56
"628";2011-01-07;2,4
"629";2011-01-10;2,43
"630";2011-01-11;2,54
"631";2011-01-12;2,67
"632";2011-01-13;2,63
"633";2011-01-14;2,7
"634";2011-01-17;2,94
"635";2011-01-18;2,71
"636";2011-01-19;2,72000000000001
"637";2011-01-20;2,7
"638";2011-01-21;2,53
"639";2011-01-24;2,39
"640";2011-01-25;2,45
"641";2011-01-26;2,35
"642";2011-01-27;2,41
"643";2011-01-28;2,32
"644";2011-01-31;2,26
"645";2011-02-01;1,99
"646";2011-02-02;1,94
"647";2011-02-03;1,94
"648";2011-02-04;1,88
"649";2011-02-07;2,1
"650";2011-02-08;2,06
"651";2011-02-09;2,14
"652";2011-02-10;2,13
"653";2011-02-11;1,83000000000001
"654";2011-02-14;2,15000000000001
"655";2011-02-15;2,02
"656";2011-02-16;2,15
"657";2011-02-17;2,04000000000001
"658";2011-02-18;2,06
"659";2011-02-21;2,01
"660";2011-02-22;2,09
"661";2011-02-23;2,51
"662";2011-02-24;2,57
"663";2011-02-25;2,45
"664";2011-02-28;2,51
"665";2011-03-01;2,59999999999999
"666";2011-03-02;2,69
"667";2011-03-03;2,77
"668";2011-03-04;3,35
"669";2011-03-07;3,06
"670";2011-03-08;3,4
"671";2011-03-09;3,4
"672";2011-03-10;3,7
"673";2011-03-11;4,07
"674";2011-03-14;4,8
"675";2011-03-15;6,07000000000001
"676";2011-03-16;6,82
"677";2011-03-17;6,8
"678";2011-03-18;5,78
"679";2011-03-21;4,94
"680";2011-03-22;5,05
"681";2011-03-23;5,09
"682";2011-03-24;5,38
"683";2011-03-25;5,6
"684";2011-03-28;5,29
"685";2011-12-28;4,09
"686";2011-12-29;4,33
"687";2011-12-30;4,28
"688";2012-01-02;4,42
"689";2012-01-03;4,26000000000001
"690";2012-01-04;3,91999999999999
"691";2012-01-05;4,22000000000001
"692";2012-01-06;4,2
"693";2012-01-09;4,2
"694";2012-01-10;3,98
"695";2012-01-11;4,2
"696";2012-01-12;4,05
"697";2012-01-13;3,83
"698";2012-01-16;3,41
"699";2012-01-17;3,40000000000001
"700";2012-01-18;3,28
"701";2012-01-19;2,72
"702";2012-01-20;2,72000000000001
"703";2012-01-23;2,52
"704";2012-01-24;2,5
"705";2012-01-25;2,36
"706";2012-01-26;2,2
"707";2012-01-27;2,43
"708";2012-01-30;2,52
"709";2012-01-31;2,43
"710";2012-02-01;2,35
"711";2012-02-02;2,44
"712";2012-02-03;2,61
"713";2012-02-06;2,52
"714";2012-02-07;2,48
"715";2012-02-08;3
"716";2012-02-09;2,97
"717";2012-02-10;3,07
"718";2012-02-13;3,18
"719";2012-02-14;3,25
"720";2012-02-15;2,99
"721";2012-02-16;2,88
"722";2012-02-17;3,02
"723";2012-02-20;3,09
"724";2012-02-21;3,22
"725";2012-02-22;3,16
"726";2012-02-23;2,77
"727";2012-02-24;2,72
"728";2012-02-27;3
"729";2012-02-28;2,97
"730";2012-02-29;2,85
"731";2012-03-01;2,41999999999999
"732";2012-03-02;2,58
"733";2012-03-05;2,6
"734";2012-03-06;2,78
"735";2012-03-07;2,78
"736";2012-03-08;2,52999999999999
"737";2012-03-09;2,64
"738";2012-03-12;2,88
"739";2012-03-13;2,84
"740";2012-03-14;2,82
"741";2012-03-15;2,82
"742";2012-03-16;2,91
"743";2012-03-19;2,8
"744";2012-03-20;2,89
"745";2012-03-21;3,28
"746";2012-03-22;2,72
"747";2012-03-23;2,66
"748";2012-03-26;2,9
"749";2012-03-27;2,8
"750";2012-12-21;2,93
"751";2012-12-27;2,75
"752";2012-12-28;2,69
"753";2013-01-02;2,42
"754";2013-01-03;2,49
"755";2013-01-04;2,35
"756";2013-01-07;2,3
"757";2013-01-08;2,39
"758";2013-01-09;2,48999999999999
"759";2013-01-10;2,41
"760";2013-01-11;2,49
"761";2013-01-14;2,58
"762";2013-01-15;2,57
"763";2013-01-16;2,62
"764";2013-01-17;2,74
"765";2013-01-18;2,64
"766";2013-01-21;2,75
"767";2013-01-22;2,87
"768";2013-01-23;2,98999999999999
"769";2013-01-24;3,15
"770";2013-01-25;3,08
"771";2013-01-28;3,16
"772";2013-01-29;3,11
"773";2013-01-30;2,95
"774";2013-01-31;3,01000000000001
"775";2013-02-01;2,75
"776";2013-02-04;2,35
"777";2013-02-05;2,25
"778";2013-02-06;2,28
"779";2013-02-07;2,29000000000001
"780";2013-02-08;2,15
"781";2013-02-11;2,05
"782";2013-02-12;2,07
"783";2013-02-13;2,18
"784";2013-02-14;2,08
"785";2013-02-15;2,15
"786";2013-02-18;2,23
"787";2013-02-19;2,26
"788";2013-02-20;2,27
"789";2013-02-21;1,98
"790";2013-02-22;2
"791";2013-02-25;2,15
"792";2013-02-26;2,34
"793";2013-02-27;2,4
"794";2013-02-28;2,33000000000001
"795";2013-03-01;2,38
"796";2013-03-04;2,42
"797";2013-03-05;2,34999999999999
"798";2013-03-06;2,34
"799";2013-03-07;2,38
"800";2013-03-08;2,20999999999999
"801";2013-03-11;2,08
"802";2013-03-12;2,19
"803";2013-03-13;2,26
"804";2013-03-14;2,16
"805";2013-03-15;2,14
"806";2013-03-18;2,11
"807";2013-03-19;2,13
"808";2013-03-20;2,19
"809";2013-03-21;1,89
"810";2013-03-22;2,03
"811";2013-03-25;1,89
"812";2013-12-27;3,1
"813";2013-12-30;2,68
"814";2014-01-02;2,89
"815";2014-01-03;2,82
"816";2014-01-06;2,76
"817";2014-01-07;2,77
"818";2014-01-08;2,78
"819";2014-01-09;2,77999999999999
"820";2014-01-10;2,67
"821";2014-01-13;2,69
"822";2014-01-14;2,75
"823";2014-01-15;2,62
"824";2014-01-16;2,54
"825";2014-01-17;2,47
"826";2014-01-20;2,44
"827";2014-01-21;2,48
"828";2014-01-22;2,33000000000001
"829";2014-01-23;2,4
"830";2014-01-24;2,39
"831";2014-01-27;2,37
"832";2014-01-28;2,14
"833";2014-01-29;2,22000000000001
"834";2014-01-30;2,28
"835";2014-01-31;2,32
"836";2014-02-03;2,08
"837";2014-02-04;2,11
"838";2014-02-05;2,18
"839";2014-02-06;2,21
"840";2014-02-07;2,25
"841";2014-02-10;2,15
"842";2014-02-11;2,31
"843";2014-02-12;2,21
"844";2014-02-13;2,15
"845";2014-02-14;2,14
"846";2014-02-17;2,1
"847";2014-02-18;2,06
"848";2014-02-19;2,01
"849";2014-02-20;1,98
"850";2014-02-21;2,1
"851";2014-02-24;2,08
"852";2014-02-25;2,22000000000001
"853";2014-02-26;2,16
"854";2014-02-27;2,1
"855";2014-02-28;2,23
"856";2014-03-03;2,44
"857";2014-03-04;2,45
"858";2014-03-05;2,38
"859";2014-03-06;2,47
"860";2014-03-07;2,38
"861";2014-03-10;2,36
"862";2014-03-11;2,39
"863";2014-03-12;2,29
"864";2014-03-13;2,38
"865";2014-03-14;2,55
"866";2014-03-17;2,44
"867";2014-03-18;2,37
"868";2014-03-19;2,29
"869";2014-03-20;2,34
"870";2014-03-21;2,32
"871";2014-03-24;2,3
"872";2014-03-25;2,32
"873";2014-03-26;2,34
"874";2014-12-29;2,42
"875";2014-12-30;2,21
"876";2015-01-02;2,2
"877";2015-01-05;2,2
"878";2015-01-06;2,33
"879";2015-01-07;2,24
"880";2015-01-08;2,19
"881";2015-01-09;2,14
"882";2015-01-12;2,2
"883";2015-01-13;2,18
"884";2015-01-14;2,01
"885";2015-01-15;2,08
"886";2015-01-16;2,11
"887";2015-01-19;2,14
"888";2015-01-20;2,19
"889";2015-01-21;2,12
"890";2015-01-22;2,09
"891";2015-01-23;2,16
"892";2015-01-26;2,2
"893";2015-01-27;2,09
"894";2015-01-28;2,11
"895";2015-01-29;2,11
"896";2015-01-30;2,12
"897";2015-02-02;2,11
"898";2015-02-03;2,15
"899";2015-02-04;2,22
"900";2015-02-05;2,25
"901";2015-02-06;2,29
"902";2015-02-09;2,21
"903";2015-02-10;2,49
"904";2015-02-11;2,46
"905";2015-02-12;2,5
"906";2015-02-13;2,95
"907";2015-02-16;2,77
"908";2015-02-17;2,8
"909";2015-02-18;2,8
"910";2015-02-19;2,81
"911";2015-02-20;2,77
"912";2015-02-23;2,72
"913";2015-02-24;2,82
"914";2015-02-25;2,9
"915";2015-02-26;2,97
"916";2015-02-27;2,77
"917";2015-03-02;2,77
"918";2015-03-03;2,79
"919";2015-03-04;2,76
"920";2015-03-05;2,8
"921";2015-03-06;2,73
"922";2015-03-09;2,73
"923";2015-03-10;2,83
"924";2015-03-11;2,83000000000001
"925";2015-03-12;2,83
"926";2015-03-13;2,78
"927";2015-03-16;2,91
"928";2015-03-17;2,81
"929";2015-03-18;2,75
"930";2015-03-19;2,78
"931";2015-03-20;2,69
"932";2015-03-23;2,64
"933";2015-03-24;2,7
"934";2015-03-25;2,73
"935";2015-03-26;2,65
"936";2015-12-29;2,59
"937";2015-12-30;2,56
"938";2016-01-04;2,52
"939";2016-01-05;2,49
"940";2016-01-06;2,55
"941";2016-01-07;2,55
"942";2016-01-08;2,52
"943";2016-01-11;2,68
"944";2016-01-12;2,73
"945";2016-01-13;2,65
"946";2016-01-14;2,55
"947";2016-01-15;2,49
"948";2016-01-18;2,61
"949";2016-01-19;2,67
"950";2016-01-20;2,68
"951";2016-01-21;2,95
"952";2016-01-22;2,75
"953";2016-01-25;2,97
"954";2016-01-26;3,04
"955";2016-01-27;2,76
"956";2016-01-28;2,59
"957";2016-01-29;2,56
"958";2016-02-01;2,68
"959";2016-02-02;2,67
"960";2016-02-03;2,55
"961";2016-02-04;2,55
"962";2016-02-05;2,58
"963";2016-02-08;2,61
"964";2016-02-09;2,82
"965";2016-02-10;2,91
"966";2016-02-11;2,7
"967";2016-02-12;2,69
"968";2016-02-15;2,66
"969";2016-02-16;2,8
"970";2016-02-17;2,86
"971";2016-02-18;2,83
"972";2016-02-19;2,69
"973";2016-02-22;2,83
"974";2016-02-23;2,81
"975";2016-02-24;2,8
"976";2016-02-25;2,72
"977";2016-02-26;2,72
"978";2016-02-29;2,71
"979";2016-03-01;2,75
"980";2016-03-02;2,76
"981";2016-03-03;2,62
"982";2016-03-04;2,55
"983";2016-03-07;2,4
"984";2016-03-08;2,48
"985";2016-03-09;2,37
"986";2016-03-10;2,56
"987";2016-03-11;2,5
"988";2016-03-14;2,66
"989";2016-03-15;2,65
"990";2016-03-16;2,57
"991";2016-03-17;2,58
"992";2016-03-18;2,6
"993";2016-03-21;2,59
"994";2016-03-22;2,61
"995";2016-03-23;2,66
"996";2016-03-24;2,65
"997";2016-12-28;3,16
"998";2016-12-29;3,36
"999";2016-12-30;3,42
"1000";2017-01-02;3,58
"1001";2017-01-03;3,44
"1002";2017-01-04;3,73
"1003";2017-01-05;3,45
"1004";2017-01-06;3,98
"1005";2017-01-09;4,1
"1006";2017-01-10;3,99
"1007";2017-01-11;3,76
"1008";2017-01-12;4,11
"1009";2017-01-13;4,15
"1010";2017-01-16;4,43
"1011";2017-01-17;4,15
"1012";2017-01-18;4,32
"1013";2017-01-19;4,67
"1014";2017-01-20;4,41
"1015";2017-01-23;4,58
"1016";2017-01-24;4,72
"1017";2017-01-25;4,76
"1018";2017-01-26;4,74
"1019";2017-01-27;4,55
"1020";2017-01-30;4,55
"1021";2017-01-31;4,73
"1022";2017-02-01;4,64
"1023";2017-02-02;4,83
"1024";2017-02-03;4,73
"1025";2017-02-06;4,77
"1026";2017-02-07;4,47
"1027";2017-02-08;4,4
"1028";2017-02-09;4,25
"1029";2017-02-10;4,43
"1030";2017-02-13;4,49
"1031";2017-02-14;4,36
"1032";2017-02-15;4,15
"1033";2017-02-16;4,31
"1034";2017-02-17;4,31
"1035";2017-02-20;4,22
"1036";2017-02-21;4,18
"1037";2017-02-22;4,2
"1038";2017-02-23;4,04
"1039";2017-02-24;4,16
"1040";2017-02-27;4,05
"1041";2017-02-28;3,9
"1042";2017-03-01;3,78
"1043";2017-03-02;3,87
"1044";2017-03-03;3,99
"1045";2017-03-06;3,97
"1046";2017-03-07;3,95
"1047";2017-03-08;3,88
"1048";2017-03-09;4,03
"1049";2017-03-10;3,96
"1050";2017-03-13;3,92
"1051";2017-03-14;3,94
"1052";2017-03-15;3,75
"1053";2017-03-16;3,86
"1054";2017-03-17;3,99
"1055";2017-03-20;4
"1056";2017-03-21;3,91
"1057";2017-03-22;4,02
"1058";2017-03-23;3,97
"1059";2017-03-24;4,01
"1060";2017-03-27;4,03
"1061";2017-03-28;3,94
"1062";2017-04-24;4,67
"1063";2017-12-28;3,3
"1064";2017-12-29;3,45
"1065";2018-01-02;3,31
"1066";2018-01-03;3,45999999999999
"1067";2018-01-04;3,19
"1068";2018-01-05;3,28
"1069";2018-01-08;3,25
"1070";2018-01-09;3,42
"1071";2018-01-10;3,78
"1072";2018-01-11;4,13
"1073";2018-01-12;4,11
"1074";2018-01-15;4,06
"1075";2018-01-16;3,96
"1076";2018-01-17;3,9
"1077";2018-01-18;3,94
"1078";2018-01-19;3,76000000000001
"1079";2018-01-22;3,75
"1080";2018-01-23;3,66999999999999
"1081";2018-01-24;3,79
"1082";2018-01-25;3,73
"1083";2018-01-26;3,62
"1084";2018-01-29;3,48
"1085";2018-01-30;3,78
"1086";2018-01-31;4,23
"1087";2018-02-01;4,34
"1088";2018-02-02;4,37
"1089";2018-02-05;4,21
"1090";2018-02-06;4,2
"1091";2018-02-07;4,23
"1092";2018-02-08;4,27
"1093";2018-02-09;4,23
"1094";2018-02-12;4,2
"1095";2018-02-13;4,05
"1096";2018-02-14;3,98
"1097";2018-02-15;3,92
"1098";2018-02-16;4,02
"1099";2018-02-19;3,92
"1100";2018-02-20;3,91
"1101";2018-02-21;4,05
"1102";2018-02-22;4,14
"1103";2018-02-23;3,98
"1104";2018-02-26;4,31
"1105";2018-02-27;4
"1106";2018-02-28;4,05
"1107";2018-03-01;4,14
"1108";2018-03-02;4,20999999999999
"1109";2018-03-05;4,13
"1110";2018-03-06;4,15
"1111";2018-03-07;4,16
"1112";2018-03-08;4,13
"1113";2018-03-09;4,34
"1114";2018-03-12;4,06
"1115";2018-03-13;4,08
"1116";2018-03-14;4,22
"1117";2018-03-15;4,27
"1118";2018-03-16;4,34
"1119";2018-03-19;4,45
"1120";2018-03-20;4,42
"1121";2018-03-21;4,55
"1122";2018-03-22;4,83000000000001
"1123";2018-03-23;4,78
"1124";2018-03-26;4,82
"1125";2018-03-27;5,02
"1126";2018-12-28;5,66999999999999
"1127";2019-01-02;5,41
"1128";2019-01-03;5,6
"1129";2019-01-04;5,98999999999999
"1130";2019-01-07;6,18
"1131";2019-01-08;6,15
"1132";2019-01-09;6,37
"1133";2019-01-10;6,19
"1134";2019-01-11;6
"1135";2019-01-14;6,21
"1136";2019-01-15;6,11000000000001
"1137";2019-01-16;5,91
"1138";2019-01-17;5,51000000000001
"1139";2019-01-18;5,59
"1140";2019-01-21;5,73999999999999
"1141";2019-01-22;5,40000000000001
"1142";2019-01-23;5,27
"1143";2019-01-24;4,87
"1144";2019-01-25;5,05
"1145";2019-01-28;5,15
"1146";2019-01-29;5,02999999999999
"1147";2019-01-30;5,18
"1148";2019-01-31;5,13
"1149";2019-02-01;4,82
"1150";2019-02-04;4,84
"1151";2019-02-05;4,62
"1152";2019-02-06;4,36
"1153";2019-02-07;4,51
"1154";2019-02-08;4,93
"1155";2019-02-11;4,56
"1156";2019-02-12;5,01
"1157";2019-02-13;5,29
"1158";2019-02-14;4,93
"1159";2019-02-15;4,81
"1160";2019-02-18;4,75
"1161";2019-02-19;4,41
"1162";2019-02-20;4,34999999999999
"1163";2019-02-21;4,25
"1164";2019-02-22;4,25
"1165";2019-02-25;4,46
"1166";2019-02-26;4,47
"1167";2019-02-27;4,29000000000001
"1168";2019-02-28;4,39
"1169";2019-03-01;4,23
"1170";2019-03-04;4,1
"1171";2019-03-05;4,34
"1172";2019-03-06;4,54
"1173";2019-03-07;4,37
"1174";2019-03-08;4,14
"1175";2019-03-11;4,14
"1176";2019-03-12;3,73
"1177";2019-03-13;3,78
"1178";2019-03-14;3,5
"1179";2019-03-15;3,18
"1180";2019-03-18;3,17
"1181";2019-03-19;3,13
"1182";2019-03-20;2,95
"1183";2019-03-21;2,95
"1184";2019-03-22;2,72
"1185";2019-03-25;2,79
"1186";2019-03-26;2,41
"1187";2019-03-27;2,02
"1188";2019-12-30;1,65000000000001
"1189";2020-01-02;1,45
"1190";2020-01-03;1,12
"1191";2020-01-06;0,950000000000003
"1192";2020-01-07;0,75
"1193";2020-01-08;0,579999999999998
"1194";2020-01-09;0,410000000000004
"1195";2020-01-10;0,420000000000002
"1196";2020-01-13;0,0499999999999972
"1197";2020-01-14;-0,0700000000000003
"1198";2020-01-15;-0,210000000000001
"1199";2020-01-16;-0,659999999999997
"1200";2020-01-17;-0,859999999999999
"1201";2020-01-20;-0,549999999999997
"1202";2020-01-21;-0,489999999999995
"1203";2020-01-22;-0,610000000000007
"1204";2020-01-23;-0,299999999999997
"1205";2020-01-24;-0,18
"1206";2020-01-27;0,130000000000003
"1207";2020-01-28;0,170000000000002
"1208";2020-01-29;0,0799999999999983
"1209";2020-01-30;0,029999999999994
"1210";2020-01-31;-0,0200000000000031
"1211";2020-02-03;-0,359999999999999
"1212";2020-02-04;-0,350000000000001
"1213";2020-02-05;-0,539999999999999
"1214";2020-02-06;-0,469999999999999
"1215";2020-02-07;-0,450000000000003
"1216";2020-02-10;-0,560000000000002
"1217";2020-02-11;-0,82
"1218";2020-02-12;-0,640000000000001
"1219";2020-02-13;-0,810000000000002
"1220";2020-02-14;-0,82
"1221";2020-02-17;-0,93
"1222";2020-02-18;-0,930000000000007
"1223";2020-02-19;-0,719999999999999
"1224";2020-02-20;-0,68
"1225";2020-02-21;-0,549999999999997
"1226";2020-02-24;-0,659999999999997
"1227";2020-02-25;-0,730000000000004
"1228";2020-02-26;-0,899999999999999
"1229";2020-02-27;-0,899999999999999
"1230";2020-02-28;-0,859999999999999
"1231";2020-03-02;-0,940000000000005
"1232";2020-03-03;-1,25
"1233";2020-03-04;-1,31
"1234";2020-03-05;-1,1
"1235";2020-03-06;-1,06
"1236";2020-03-09;-1,06
"1237";2020-03-10;-0,840000000000003
"1238";2020-03-11;-0,649999999999999
"1239";2020-03-12;-0,450000000000003
"1240";2020-03-13;-0,269999999999996
"1241";2020-03-16;-0,579999999999998
"1242";2020-03-17;-0,340000000000003
"1243";2020-03-18;-0,259999999999998
"1244";2020-03-19;-0,270000000000003
"1245";2020-03-20;-0,339999999999996
"1246";2020-03-23;-0,670000000000002
"1247";2020-03-24;-0,740000000000002
"1248";2020-03-25;-0,710000000000001
"1249";2020-03-26;-0,859999999999999
"1250";2011-09-28;4,38
"1251";2011-09-29;4,57
"1252";2011-09-30;4,57
"1253";2011-10-03;4,57
"1254";2011-10-04;4,1
"1255";2011-10-05;4,17
"1256";2011-10-06;4,14
"1257";2011-10-07;4,11
"1258";2011-10-10;4,14
"1259";2011-10-11;4,37
"1260";2011-10-12;4,14
"1261";2011-10-13;3,84
"1262";2011-10-14;3,91999999999999
"1263";2011-10-17;4,04
"1264";2011-10-18;4,19
"1265";2011-10-19;4,05
"1266";2011-10-20;4,01
"1267";2011-10-21;4,03
"1268";2011-10-24;3,99
"1269";2011-10-25;4,06
"1270";2011-10-26;3,88
"1271";2011-10-27;3,84
"1272";2011-10-28;3,77
"1273";2011-10-31;3,63
"1274";2011-11-01;3,57
"1275";2011-11-02;3,47
"1276";2011-11-03;3,7
"1277";2011-11-04;3,66
"1278";2011-11-07;3,68
"1279";2011-11-08;3,9
"1280";2011-11-09;3,83
"1281";2011-11-10;3,67
"1282";2011-11-11;3,97
"1283";2011-11-14;3,72
"1284";2011-11-15;3,79
"1285";2011-11-16;3,8
"1286";2011-11-17;3,73999999999999
"1287";2011-11-18;3,55
"1288";2011-11-21;3,57
"1289";2011-11-22;3,63
"1290";2011-11-23;3,59999999999999
"1291";2011-11-24;3,43
"1292";2011-11-25;3,71
"1293";2011-11-28;3,9
"1294";2011-11-29;3,75
"1295";2011-11-30;4,13
"1296";2011-12-01;3,93
"1297";2011-12-02;3,79000000000001
"1298";2011-12-05;4,07
"1299";2011-12-06;4
"1300";2011-12-07;4,23
"1301";2011-12-08;4,36
"1302";2011-12-09;4,39
"1303";2011-12-12;4,28
"1304";2011-12-13;4,29
"1305";2011-12-14;3,9
"1306";2011-12-15;4,07
"1307";2011-12-16;4,14
"1308";2011-12-19;4,34
"1309";2011-12-20;4,35
"1310";2011-12-21;4,19
"1311";2011-12-22;4,2
"1312";2011-12-23;4,04
"1313";2011-12-27;4,41
"1314";2012-09-26;3,6
"1315";2012-09-27;3,52
"1316";2012-09-28;3,65
"1317";2012-10-01;3,68
"1318";2012-10-02;3,75
"1319";2012-10-03;3,75
"1320";2012-10-04;3,57
"1321";2012-10-05;3,42
"1322";2012-10-08;3,63
"1323";2012-10-09;3,48
"1324";2012-10-10;3,41
"1325";2012-10-11;3,45
"1326";2012-10-12;3,4
"1327";2012-10-15;3,33000000000001
"1328";2012-10-16;3,11
"1329";2012-10-17;3,26000000000001
"1330";2012-10-18;3,1
"1331";2012-10-19;3,01
"1332";2012-10-22;3,05
"1333";2012-10-23;3,25
"1334";2012-10-24;3,05
"1335";2012-10-25;3
"1336";2012-10-26;2,84
"1337";2012-10-29;2,5
"1338";2012-10-30;2,68
"1339";2012-10-31;2,65
"1340";2012-11-01;2,55
"1341";2012-11-02;2,48
"1342";2012-11-05;2,32
"1343";2012-11-06;2,25
"1344";2012-11-07;2,35
"1345";2012-11-08;2,33
"1346";2012-11-09;2,3
"1347";2012-11-12;2,17
"1348";2012-11-13;2,27
"1349";2012-11-14;2,34
"1350";2012-11-15;2,34
"1351";2012-11-16;2,43
"1352";2012-11-19;2,39
"1353";2012-11-20;2,47
"1354";2012-11-21;2,64
"1355";2012-11-22;2,74
"1356";2012-11-23;2,84
"1357";2012-11-26;2,73
"1358";2012-11-27;2,8
"1359";2012-11-28;2,73
"1360";2012-11-29;2,57
"1361";2012-11-30;2,61
"1362";2012-12-03;2,82
"1363";2012-12-04;2,84
"1364";2012-12-05;2,93000000000001
"1365";2012-12-06;2,86
"1366";2012-12-07;2,92
"1367";2012-12-10;2,98
"1368";2012-12-11;3,09
"1369";2012-12-12;3,04
"1370";2012-12-13;3,14
"1371";2012-12-14;3,26000000000001
"1372";2012-12-17;3,18
"1373";2012-12-18;3,2
"1374";2012-12-19;3,14
"1375";2012-12-20;3,08
"1376";2013-09-26;3,14
"1377";2013-09-27;3,06
"1378";2013-09-30;3,02
"1379";2013-10-01;3,08000000000001
"1380";2013-10-02;2,99
"1381";2013-10-03;2,99
"1382";2013-10-04;2,96
"1383";2013-10-07;3
"1384";2013-10-08;3,05
"1385";2013-10-09;3,18
"1386";2013-10-10;3,12
"1387";2013-10-11;3,13999999999999
"1388";2013-10-14;3,22
"1389";2013-10-15;3,28
"1390";2013-10-16;3,29
"1391";2013-10-17;3,29
"1392";2013-10-18;3,23
"1393";2013-10-21;3,44
"1394";2013-10-22;3,19
"1395";2013-10-23;3,41
"1396";2013-10-24;3,25
"1397";2013-10-25;3,32
"1398";2013-10-28;3,23
"1399";2013-10-29;3,15000000000001
"1400";2013-10-30;3,03
"1401";2013-10-31;2,98
"1402";2013-11-01;3,26000000000001
"1403";2013-11-04;2,99
"1404";2013-11-05;3,06
"1405";2013-11-06;3,14
"1406";2013-11-07;2,98
"1407";2013-11-08;3,04
"1408";2013-11-11;3,02
"1409";2013-11-12;3,01
"1410";2013-11-13;3,01
"1411";2013-11-14;2,91
"1412";2013-11-15;2,92
"1413";2013-11-18;2,98
"1414";2013-11-19;3,07
"1415";2013-11-20;3,22
"1416";2013-11-21;3,23
"1417";2013-11-22;3,17
"1418";2013-11-25;2,94
"1419";2013-11-26;3,05
"1420";2013-11-27;3,07
"1421";2013-11-28;3,13
"1422";2013-11-29;3,03
"1423";2013-12-02;3,02
"1424";2013-12-03;2,96
"1425";2013-12-04;2,99
"1426";2013-12-05;3,05
"1427";2013-12-06;3,04
"1428";2013-12-09;3
"1429";2013-12-10;2,92
"1430";2013-12-11;2,84
"1431";2013-12-12;3,05
"1432";2013-12-13;3,01000000000001
"1433";2013-12-16;2,94
"1434";2013-12-17;2,97
"1435";2013-12-18;2,91999999999999
"1436";2013-12-19;2,85
"1437";2013-12-20;2,84
"1438";2013-12-23;3
"1439";2014-09-26;2,68
"1440";2014-09-29;2,76000000000001
"1441";2014-09-30;2,72000000000001
"1442";2014-10-01;2,78
"1443";2014-10-02;2,88
"1444";2014-10-03;2,8
"1445";2014-10-06;2,87
"1446";2014-10-07;2,88
"1447";2014-10-08;2,82
"1448";2014-10-09;2,84
"1449";2014-10-10;2,88
"1450";2014-10-13;2,79
"1451";2014-10-14;2,84999999999999
"1452";2014-10-15;2,87
"1453";2014-10-16;2,93
"1454";2014-10-17;2,79
"1455";2014-10-20;2,82
"1456";2014-10-21;2,92
"1457";2014-10-22;2,94
"1458";2014-10-23;2,89
"1459";2014-10-24;2,85
"1460";2014-10-27;2,84
"1461";2014-10-28;2,77
"1462";2014-10-29;2,79
"1463";2014-10-30;2,72
"1464";2014-10-31;2,68
"1465";2014-11-03;2,7
"1466";2014-11-04;2,73
"1467";2014-11-05;2,75
"1468";2014-11-06;2,7
"1469";2014-11-07;2,59
"1470";2014-11-10;2,62
"1471";2014-11-11;2,61
"1472";2014-11-12;2,69
"1473";2014-11-13;2,72
"1474";2014-11-14;2,79
"1475";2014-11-17;2,82
"1476";2014-11-18;2,84
"1477";2014-11-19;2,98
"1478";2014-11-20;2,84
"1479";2014-11-21;2,83
"1480";2014-11-24;2,52
"1481";2014-11-25;2,47
"1482";2014-11-26;2,42
"1483";2014-11-27;2,38
"1484";2014-11-28;2,41
"1485";2014-12-01;2,39
"1486";2014-12-02;2,36
"1487";2014-12-03;2,32
"1488";2014-12-04;2,25
"1489";2014-12-05;2,33
"1490";2014-12-08;2,27
"1491";2014-12-09;2,22
"1492";2014-12-10;2,26000000000001
"1493";2014-12-11;2,27
"1494";2014-12-12;2,33000000000001
"1495";2014-12-15;2,39
"1496";2014-12-16;2,47
"1497";2014-12-17;2,7
"1498";2014-12-18;2,68
"1499";2014-12-19;2,61
"1500";2014-12-22;2,6
"1501";2014-12-23;2,52
"1502";2015-09-28;1,9
"1503";2015-09-29;2,05
"1504";2015-09-30;1,97
"1505";2015-10-01;2,19
"1506";2015-10-02;2,17
"1507";2015-10-05;2,35
"1508";2015-10-06;2,38
"1509";2015-10-07;2,5
"1510";2015-10-08;2,32
"1511";2015-10-09;2,21
"1512";2015-10-12;2,21
"1513";2015-10-13;2,22
"1514";2015-10-14;2,18
"1515";2015-10-15;2,37
"1516";2015-10-16;2,26
"1517";2015-10-19;2,22
"1518";2015-10-20;2,11
"1519";2015-10-21;2,15
"1520";2015-10-22;2,1
"1521";2015-10-23;2,22
"1522";2015-10-26;2,26
"1523";2015-10-27;2,19
"1524";2015-10-28;2,28
"1525";2015-10-29;2,3
"1526";2015-10-30;2,37
"1527";2015-11-02;2,24
"1528";2015-11-03;2,23
"1529";2015-11-04;2,27
"1530";2015-11-05;2,22
"1531";2015-11-06;2,24
"1532";2015-11-09;2,4
"1533";2015-11-10;2,43
"1534";2015-11-11;2,51
"1535";2015-11-12;2,67
"1536";2015-11-13;2,86
"1537";2015-11-16;3
"1538";2015-11-17;3,03
"1539";2015-11-18;2,83
"1540";2015-11-19;2,76
"1541";2015-11-20;2,75
"1542";2015-11-23;2,72
"1543";2015-11-24;2,92
"1544";2015-11-25;2,93
"1545";2015-11-26;3,11
"1546";2015-11-27;2,97
"1547";2015-11-30;2,98
"1548";2015-12-01;2,88
"1549";2015-12-02;2,97
"1550";2015-12-03;2,85
"1551";2015-12-04;2,82
"1552";2015-12-07;2,76
"1553";2015-12-08;2,8
"1554";2015-12-09;2,77
"1555";2015-12-10;2,88
"1556";2015-12-11;2,68
"1557";2015-12-14;2,74
"1558";2015-12-15;2,76
"1559";2015-12-16;2,92
"1560";2015-12-17;2,81
"1561";2015-12-18;2,93
"1562";2015-12-21;2,86
"1563";2015-12-22;2,85
"1564";2015-12-23;2,72
"1565";2015-12-28;2,63
"1566";2016-09-28;3,29
"1567";2016-09-29;2,93
"1568";2016-09-30;2,84
"1569";2016-10-03;2,68
"1570";2016-10-04;3,02
"1571";2016-10-05;3,02
"1572";2016-10-06;3,06
"1573";2016-10-07;2,93
"1574";2016-10-10;3,24
"1575";2016-10-11;3,15
"1576";2016-10-12;3,1
"1577";2016-10-13;3,38
"1578";2016-10-14;3,5
"1579";2016-10-17;3,71
"1580";2016-10-18;4,12
"1581";2016-10-19;3,69
"1582";2016-10-20;3,55
"1583";2016-10-21;3,76
"1584";2016-10-24;4,09
"1585";2016-10-25;4,04
"1586";2016-10-26;4,38
"1587";2016-10-27;4,14
"1588";2016-10-28;4,39
"1589";2016-10-31;4,97
"1590";2016-11-01;5
"1591";2016-11-02;4,21
"1592";2016-11-03;3,52
"1593";2016-11-04;3,59
"1594";2016-11-07;4,34
"1595";2016-11-08;4,45
"1596";2016-11-09;4,42
"1597";2016-11-10;4,74
"1598";2016-11-11;4,88
"1599";2016-11-14;4,89
"1600";2016-11-15;4,24
"1601";2016-11-16;4,2
"1602";2016-11-17;3,99
"1603";2016-11-18;4,07
"1604";2016-11-21;3,73
"1605";2016-11-22;4,02
"1606";2016-11-23;3,85
"1607";2016-11-24;3,79
"1608";2016-11-25;3,91
"1609";2016-11-28;3,81
"1610";2016-11-29;4,03
"1611";2016-11-30;3,97
"1612";2016-12-01;3,85
"1613";2016-12-02;3,41
"1614";2016-12-05;3,35
"1615";2016-12-06;3,41
"1616";2016-12-07;3,14
"1617";2016-12-08;3,53
"1618";2016-12-09;3,36
"1619";2016-12-12;3,84
"1620";2016-12-13;3,56
"1621";2016-12-14;3,71
"1622";2016-12-15;3,77
"1623";2016-12-16;3,6
"1624";2016-12-19;3,4
"1625";2016-12-20;3,23
"1626";2016-12-21;3,38
"1627";2016-12-22;3,53
"1628";2016-12-23;3,27
"1629";2016-12-27;3,31
"1630";2017-09-28;4,02
"1631";2017-09-29;3,72
"1632";2017-10-02;4,37
"1633";2017-10-03;4,19
"1634";2017-10-04;4,23
"1635";2017-10-05;4,28
"1636";2017-10-06;4,19
"1637";2017-10-09;4,12
"1638";2017-10-10;4,06
"1639";2017-10-11;4,08000000000001
"1640";2017-10-12;4,07
"1641";2017-10-13;4,25
"1642";2017-10-16;4,28
"1643";2017-10-17;4,13
"1644";2017-10-18;4,08
"1645";2017-10-19;4,15000000000001
"1646";2017-10-20;4,27
"1647";2017-10-23;4,4
"1648";2017-10-24;4,27
"1649";2017-10-25;4,34999999999999
"1650";2017-10-26;3,98
"1651";2017-10-27;3,59
"1652";2017-10-30;3,62
"1653";2017-10-31;3,62
"1654";2017-11-01;3,81
"1655";2017-11-02;3,63
"1656";2017-11-03;3,45
"1657";2017-11-06;3,36000000000001
"1658";2017-11-07;3,27
"1659";2017-11-08;3,38
"1660";2017-11-09;3,21
"1661";2017-11-10;3,76
"1662";2017-11-13;3,73
"1663";2017-11-14;3,52999999999999
"1664";2017-11-15;2,94
"1665";2017-11-16;2,98
"1666";2017-11-17;2,76000000000001
"1667";2017-11-20;3,61
"1668";2017-11-21;3
"1669";2017-11-22;3,12
"1670";2017-11-23;2,98999999999999
"1671";2017-11-24;3,37
"1672";2017-11-27;3,42
"1673";2017-11-28;3,45
"1674";2017-11-29;3,61
"1675";2017-11-30;3,57
"1676";2017-12-01;3,61
"1677";2017-12-04;3,56
"1678";2017-12-05;3,5
"1679";2017-12-06;3,66
"1680";2017-12-07;3,7
"1681";2017-12-08;3,66
"1682";2017-12-11;3,81
"1683";2017-12-12;3,91
"1684";2017-12-13;3,98
"1685";2017-12-14;3,72
"1686";2017-12-15;4,02
"1687";2017-12-18;3,6
"1688";2017-12-19;3,43
"1689";2017-12-20;3,52
"1690";2017-12-21;3,37
"1691";2017-12-22;3,2
"1692";2017-12-27;3,4
"1693";2018-09-27;6,93
"1694";2018-09-28;6,55
"1695";2018-10-01;6,74
"1696";2018-10-02;6,22
"1697";2018-10-03;6,18
"1698";2018-10-04;5,98
"1699";2018-10-05;5,64
"1700";2018-10-08;5,32
"1701";2018-10-09;5,39
"1702";2018-10-10;5,18
"1703";2018-10-11;4,81
"1704";2018-10-12;5,05
"1705";2018-10-15;5,16
"1706";2018-10-16;5,15000000000001
"1707";2018-10-17;5,44
"1708";2018-10-18;5,35
"1709";2018-10-19;5,85
"1710";2018-10-22;5,42
"1711";2018-10-23;5,16
"1712";2018-10-24;5,23
"1713";2018-10-25;5,34
"1714";2018-10-26;5,01
"1715";2018-10-29;5,45
"1716";2018-10-30;4,88
"1717";2018-10-31;5,17
"1718";2018-11-01;4,98
"1719";2018-11-02;5,04
"1720";2018-11-05;4,76
"1721";2018-11-06;4,72000000000001
"1722";2018-11-07;4,91
"1723";2018-11-08;4,88
"1724";2018-11-09;4,7
"1725";2018-11-12;4,73
"1726";2018-11-13;4,78
"1727";2018-11-14;4,78
"1728";2018-11-15;4,56
"1729";2018-11-16;4,39
"1730";2018-11-19;4,82
"1731";2018-11-20;5,13
"1732";2018-11-21;5,26
"1733";2018-11-22;5,92
"1734";2018-11-23;5,79
"1735";2018-11-26;5,8
"1736";2018-11-27;6,29
"1737";2018-11-28;6,11
"1738";2018-11-29;6,17
"1739";2018-11-30;6,36
"1740";2018-12-03;6,13
"1741";2018-12-04;5,85
"1742";2018-12-05;5,8
"1743";2018-12-06;5,95999999999999
"1744";2018-12-07;6,36000000000001
"1745";2018-12-10;5,86000000000001
"1746";2018-12-11;5,87
"1747";2018-12-12;5,42
"1748";2018-12-13;5,45
"1749";2018-12-14;5,34
"1750";2018-12-17;5,36
"1751";2018-12-18;4,9
"1752";2018-12-19;5,24
"1753";2018-12-20;5,52999999999999
"1754";2018-12-21;5,64
"1755";2018-12-27;5,7
"1756";2019-09-27;3,83
"1757";2019-09-30;4,06
"1758";2019-10-01;3,77
"1759";2019-10-02;3,61
"1760";2019-10-03;3,41999999999999
"1761";2019-10-04;3,34
"1762";2019-10-07;3,26
"1763";2019-10-08;3,1
"1764";2019-10-09;3,23
"1765";2019-10-10;3,07
"1766";2019-10-11;3,48
"1767";2019-10-14;3,19
"1768";2019-10-15;3,35
"1769";2019-10-16;3,32
"1770";2019-10-17;3,11
"1771";2019-10-18;3,32
"1772";2019-10-21;3
"1773";2019-10-22;2,84
"1774";2019-10-23;2,84
"1775";2019-10-24;2,84
"1776";2019-10-25;2,73
"1777";2019-10-28;2,86
"1778";2019-10-29;2,69
"1779";2019-10-30;2,52
"1780";2019-10-31;2,5
"1781";2019-11-01;2,57
"1782";2019-11-04;2,5
"1783";2019-11-05;2,64
"1784";2019-11-06;2,59
"1785";2019-11-07;2,66
"1786";2019-11-08;2,6
"1787";2019-11-11;2,96
"1788";2019-11-12;2,87
"1789";2019-11-13;2,72
"1790";2019-11-14;2,67
"1791";2019-11-15;2,87
"1792";2019-11-18;2,84
"1793";2019-11-19;2,99
"1794";2019-11-20;2,84999999999999
"1795";2019-11-21;2,82
"1796";2019-11-22;2,8
"1797";2019-11-25;2,92
"1798";2019-11-26;2,68000000000001
"1799";2019-11-27;2,78
"1800";2019-11-28;2,8
"1801";2019-11-29;2,66
"1802";2019-12-02;2,63
"1803";2019-12-03;2,51000000000001
"1804";2019-12-04;2,79
"1805";2019-12-05;2,8
"1806";2019-12-06;2,89
"1807";2019-12-09;2,77
"1808";2019-12-10;2,67
"1809";2019-12-11;2,68000000000001
"1810";2019-12-12;2,95
"1811";2019-12-13;2,84
"1812";2019-12-16;2,44
"1813";2019-12-17;2,48
"1814";2019-12-18;2,14
"1815";2019-12-19;1,98999999999999
"1816";2019-12-20;1,93
"1817";2019-12-23;1,78
"1818";2019-12-27;1,78
