"";"Date";"Spread0BQIII"
"1";2011-01-03;-4,52
"2";2011-01-04;-4,12
"3";2011-01-05;-3,65
"4";2011-01-06;-3,38
"5";2011-01-07;-3,43
"6";2011-01-10;-3,43
"7";2011-01-11;-3,48
"8";2011-01-12;-3,26
"9";2011-01-13;-3,18
"10";2011-01-14;-2,92
"11";2011-01-17;-2,84
"12";2011-01-18;-3,17
"13";2011-01-19;-3,01
"14";2011-01-20;-3,06
"15";2011-01-21;-3,23
"16";2011-01-24;-3,3
"17";2011-01-25;-3,29000000000001
"18";2011-01-26;-3,62
"19";2011-01-27;-3,58
"20";2011-01-28;-3,54000000000001
"21";2011-01-31;-3,74
"22";2011-02-01;-4,2
"23";2011-02-02;-4,26
"24";2011-02-03;-4,2
"25";2011-02-04;-4,17
"26";2011-02-07;-4,2
"27";2011-02-08;-4,07
"28";2011-02-09;-4,03
"29";2011-02-10;-4,09999999999999
"30";2011-02-11;-4,16999999999999
"31";2011-02-14;-3,98999999999999
"32";2011-02-15;-4,06
"33";2011-02-16;-4,03
"34";2011-02-17;-4,15
"35";2011-02-18;-4,23
"36";2011-02-21;-4,27
"37";2011-02-22;-4,11
"38";2011-02-23;-3,71
"39";2011-02-24;-3,54
"40";2011-02-25;-3,5
"41";2011-02-28;-3,69
"42";2011-03-01;-3,55
"43";2011-03-02;-3,56
"44";2011-03-03;-3,31
"45";2011-03-04;-2,61
"46";2011-03-07;-2,72
"47";2011-03-08;-2,68
"48";2011-03-09;-2,76
"49";2011-03-10;-2,39
"50";2011-03-11;-1,98
"51";2011-03-14;-1,38
"52";2011-03-15;1,65000000000001
"53";2011-03-16;2,18
"54";2011-03-17;1,32
"55";2011-03-18;-0,43
"56";2011-03-21;-2,02
"57";2011-03-22;-2,54000000000001
"58";2011-03-23;-2,4
"59";2011-03-24;-1,95
"60";2011-03-25;-1,7
"61";2011-03-28;-1,99
"62";2011-12-28;-3,98
"63";2011-12-29;-4,02
"64";2011-12-30;-3,44
"65";2012-01-02;-4,05
"66";2012-01-03;-4,81
"67";2012-01-04;-5,21
"68";2012-01-05;-5,3
"69";2012-01-06;-5,11
"70";2012-01-09;-5,34
"71";2012-01-10;-5,68
"72";2012-01-11;-5,7
"73";2012-01-12;-6
"74";2012-01-13;-6,06
"75";2012-01-16;-6,13
"76";2012-01-17;-5,9
"77";2012-01-18;-5,97
"78";2012-01-19;-6,09
"79";2012-01-20;-5,98
"80";2012-01-23;-6
"81";2012-01-24;-6,22000000000001
"82";2012-01-25;-6,37
"83";2012-01-26;-6,19
"84";2012-01-27;-5,77
"85";2012-01-30;-5,27999999999999
"86";2012-01-31;-5,66999999999999
"87";2012-02-01;-5,89
"88";2012-02-02;-6,36000000000001
"89";2012-02-03;-6,1
"90";2012-02-06;-6,56
"91";2012-02-07;-6,51
"92";2012-02-08;-6,42
"93";2012-02-09;-6,38
"94";2012-02-10;-6,33
"95";2012-02-13;-6,25
"96";2012-02-14;-6,39
"97";2012-02-15;-6,41
"98";2012-02-16;-6,45999999999999
"99";2012-02-17;-6,37
"100";2012-02-20;-6,31
"101";2012-02-21;-6,17
"102";2012-02-22;-6,19
"103";2012-02-23;-6,02
"104";2012-02-24;-6,25
"105";2012-02-27;-6,18
"106";2012-02-28;-5,88
"107";2012-02-29;-6,24
"108";2012-03-01;-6,6
"109";2012-03-02;-6,84
"110";2012-03-05;-6,9
"111";2012-03-06;-6,42
"112";2012-03-07;-6,19
"113";2012-03-08;-6,35
"114";2012-03-09;-6,3
"115";2012-03-12;-6,07
"116";2012-03-13;-6,14
"117";2012-03-14;-6,47
"118";2012-03-15;-6,08
"119";2012-03-16;-5,99
"120";2012-03-19;-5,99
"121";2012-03-20;-5,8
"122";2012-03-21;-5,64
"123";2012-03-22;-6,28
"124";2012-03-23;-6,54
"125";2012-03-26;-7,07
"126";2012-03-27;-7,27
"127";2012-12-21;-3,22
"128";2012-12-27;-3,43
"129";2012-12-28;-3,51000000000001
"130";2013-01-02;-3,51
"131";2013-01-03;-3,51
"132";2013-01-04;-3,66
"133";2013-01-07;-3,73
"134";2013-01-08;-3,52
"135";2013-01-09;-3,45
"136";2013-01-10;-3,31
"137";2013-01-11;-3,25
"138";2013-01-14;-3,11
"139";2013-01-15;-3,1
"140";2013-01-16;-3,01
"141";2013-01-17;-2,64
"142";2013-01-18;-2,7
"143";2013-01-21;-2,59
"144";2013-01-22;-2,37
"145";2013-01-23;-2,16
"146";2013-01-24;-1,66
"147";2013-01-25;-1,85
"148";2013-01-28;-1,84999999999999
"149";2013-01-29;-2,08
"150";2013-01-30;-2,36
"151";2013-01-31;-2,22
"152";2013-02-01;-2,41
"153";2013-02-04;-3,04
"154";2013-02-05;-3,29
"155";2013-02-06;-3,22
"156";2013-02-07;-3,31
"157";2013-02-08;-3,45
"158";2013-02-11;-3,57
"159";2013-02-12;-3,62
"160";2013-02-13;-3,62
"161";2013-02-14;-3,54000000000001
"162";2013-02-15;-3,41
"163";2013-02-18;-3,32
"164";2013-02-19;-3,14
"165";2013-02-20;-3,1
"166";2013-02-21;-3,41
"167";2013-02-22;-3,38
"168";2013-02-25;-3,32
"169";2013-02-26;-3,07
"170";2013-02-27;-2,81
"171";2013-02-28;-2,77
"172";2013-03-01;-2,74
"173";2013-03-04;-2,7
"174";2013-03-05;-2,77
"175";2013-03-06;-2,78
"176";2013-03-07;-2,79
"177";2013-03-08;-2,85
"178";2013-03-11;-2,88
"179";2013-03-12;-2,92
"180";2013-03-13;-2,77
"181";2013-03-14;-2,89
"182";2013-03-15;-3,01
"183";2013-03-18;-3,12
"184";2013-03-19;-3,19
"185";2013-03-20;-3,21
"186";2013-03-21;-3,45
"187";2013-03-22;-3,37
"188";2013-03-25;-3,28
"189";2013-12-27;-0,979999999999997
"190";2013-12-30;-0,950000000000003
"191";2014-01-02;-0,829999999999998
"192";2014-01-03;-0,859999999999999
"193";2014-01-06;-0,93
"194";2014-01-07;-0,829999999999998
"195";2014-01-08;-0,649999999999999
"196";2014-01-09;-0,620000000000005
"197";2014-01-10;-0,700000000000003
"198";2014-01-13;-0,719999999999999
"199";2014-01-14;-0,880000000000003
"200";2014-01-15;-0,859999999999999
"201";2014-01-16;-0,990000000000002
"202";2014-01-17;-1,14
"203";2014-01-20;-1,1
"204";2014-01-21;-1,14
"205";2014-01-22;-1,43
"206";2014-01-23;-1,2
"207";2014-01-24;-1,38
"208";2014-01-27;-1,38
"209";2014-01-28;-1,4
"210";2014-01-29;-1,20999999999999
"211";2014-01-30;-1,41
"212";2014-01-31;-1,28
"213";2014-02-03;-1,52
"214";2014-02-04;-1,46
"215";2014-02-05;-1,5
"216";2014-02-06;-1,52
"217";2014-02-07;-1,49
"218";2014-02-10;-1,55
"219";2014-02-11;-1,51000000000001
"220";2014-02-12;-1,5
"221";2014-02-13;-1,6
"222";2014-02-14;-1,71
"223";2014-02-17;-1,78
"224";2014-02-18;-1,71
"225";2014-02-19;-1,88
"226";2014-02-20;-1,89
"227";2014-02-21;-1,89
"228";2014-02-24;-1,87
"229";2014-02-25;-1,66
"230";2014-02-26;-1,79
"231";2014-02-27;-1,54
"232";2014-02-28;-1,68
"233";2014-03-03;-1,37
"234";2014-03-04;-1,5
"235";2014-03-05;-1,6
"236";2014-03-06;-1,64
"237";2014-03-07;-1,78
"238";2014-03-10;-1,78
"239";2014-03-11;-1,87
"240";2014-03-12;-1,87
"241";2014-03-13;-1,76
"242";2014-03-14;-1,69
"243";2014-03-17;-1,6
"244";2014-03-18;-1,68
"245";2014-03-19;-1,78
"246";2014-03-20;-1,66
"247";2014-03-21;-1,69
"248";2014-03-24;-1,75
"249";2014-03-25;-1,73
"250";2014-03-26;-1,64
"251";2014-12-29;-0,379999999999995
"252";2014-12-30;-0,859999999999999
"253";2015-01-02;-0,579999999999998
"254";2015-01-05;-0,559999999999999
"255";2015-01-06;-0,59
"256";2015-01-07;-0,59
"257";2015-01-08;-0,600000000000001
"258";2015-01-09;-0,700000000000003
"259";2015-01-12;-0,59
"260";2015-01-13;-0,699999999999999
"261";2015-01-14;-0,789999999999999
"262";2015-01-15;-0,740000000000002
"263";2015-01-16;-0,789999999999999
"264";2015-01-19;-0,800000000000001
"265";2015-01-20;-0,759999999999998
"266";2015-01-21;-0,870000000000001
"267";2015-01-22;-0,739999999999998
"268";2015-01-23;-0,75
"269";2015-01-26;-0,84
"270";2015-01-27;-0,960000000000001
"271";2015-01-28;-0,899999999999999
"272";2015-01-29;-0,890000000000001
"273";2015-01-30;-0,760000000000002
"274";2015-02-02;-0,920000000000002
"275";2015-02-03;-0,93
"276";2015-02-04;-0,800000000000001
"277";2015-02-05;-0,869999999999997
"278";2015-02-06;-0,890000000000004
"279";2015-02-09;-0,849999999999998
"280";2015-02-10;-0,559999999999995
"281";2015-02-11;-0,589999999999996
"282";2015-02-12;-0,579999999999998
"283";2015-02-13;-0,310000000000002
"284";2015-02-16;-0,469999999999999
"285";2015-02-17;-0,400000000000006
"286";2015-02-18;-0,399999999999999
"287";2015-02-19;-0,390000000000001
"288";2015-02-20;-0,359999999999999
"289";2015-02-23;-0,370000000000005
"290";2015-02-24;-0,410000000000004
"291";2015-02-25;-0,18
"292";2015-02-26;-0,170000000000002
"293";2015-02-27;-0,399999999999999
"294";2015-03-02;-0,519999999999996
"295";2015-03-03;-0,43
"296";2015-03-04;-0,460000000000001
"297";2015-03-05;-0,450000000000003
"298";2015-03-06;-0,480000000000004
"299";2015-03-09;-0,400000000000002
"300";2015-03-10;-0,390000000000001
"301";2015-03-11;-0,279999999999998
"302";2015-03-12;-0,279999999999998
"303";2015-03-13;-0,399999999999999
"304";2015-03-16;-0,240000000000002
"305";2015-03-17;-0,300000000000001
"306";2015-03-18;-0,5
"307";2015-03-19;-0,509999999999998
"308";2015-03-20;-0,600000000000001
"309";2015-03-23;-0,800000000000001
"310";2015-03-24;-0,710000000000001
"311";2015-03-25;-0,559999999999999
"312";2015-03-26;-0,640000000000001
"313";2015-12-29;1,25
"314";2015-12-30;1,33
"315";2016-01-04;1,27
"316";2016-01-05;1,36
"317";2016-01-06;1,4
"318";2016-01-07;1,39
"319";2016-01-08;1,46
"320";2016-01-11;1,58
"321";2016-01-12;1,57
"322";2016-01-13;1,45
"323";2016-01-14;1,29
"324";2016-01-15;1,19
"325";2016-01-18;1,16
"326";2016-01-19;1,25
"327";2016-01-20;1,33
"328";2016-01-21;1,55
"329";2016-01-22;1,34
"330";2016-01-25;1,67
"331";2016-01-26;1,55
"332";2016-01-27;1,21
"333";2016-01-28;0,990000000000002
"334";2016-01-29;0,960000000000001
"335";2016-02-01;1,11
"336";2016-02-02;0,989999999999998
"337";2016-02-03;0,920000000000002
"338";2016-02-04;0,969999999999999
"339";2016-02-05;1,02
"340";2016-02-08;1,1
"341";2016-02-09;1,15
"342";2016-02-10;1,1
"343";2016-02-11;1,1
"344";2016-02-12;1,09
"345";2016-02-15;1,06
"346";2016-02-16;1,32
"347";2016-02-17;1,39
"348";2016-02-18;1,3
"349";2016-02-19;1,17
"350";2016-02-22;1,2
"351";2016-02-23;1,2
"352";2016-02-24;1,23
"353";2016-02-25;1
"354";2016-02-26;0,859999999999999
"355";2016-02-29;0,920000000000002
"356";2016-03-01;0,989999999999998
"357";2016-03-02;0,920000000000002
"358";2016-03-03;0,91
"359";2016-03-04;0,82
"360";2016-03-07;0,600000000000001
"361";2016-03-08;0,649999999999999
"362";2016-03-09;0,530000000000001
"363";2016-03-10;0,48
"364";2016-03-11;0,530000000000001
"365";2016-03-14;0,759999999999998
"366";2016-03-15;0,84
"367";2016-03-16;0,550000000000001
"368";2016-03-17;0,600000000000001
"369";2016-03-18;0,609999999999999
"370";2016-03-21;0,539999999999999
"371";2016-03-22;0,620000000000001
"372";2016-03-23;0,73
"373";2016-03-24;0,66
"374";2016-12-28;1,01
"375";2016-12-29;0,849999999999998
"376";2016-12-30;1,12
"377";2017-01-02;0,990000000000002
"378";2017-01-03;1,25
"379";2017-01-04;1,42
"380";2017-01-05;1,07
"381";2017-01-06;1,54
"382";2017-01-09;1,63
"383";2017-01-10;1,43
"384";2017-01-11;1,12
"385";2017-01-12;1,4
"386";2017-01-13;1,55
"387";2017-01-16;1,78
"388";2017-01-17;1,82
"389";2017-01-18;1,97
"390";2017-01-19;2,25
"391";2017-01-20;2,07
"392";2017-01-23;2,5
"393";2017-01-24;2,63
"394";2017-01-25;2,61
"395";2017-01-26;2,49
"396";2017-01-27;2,42
"397";2017-01-30;2,52
"398";2017-01-31;2,74
"399";2017-02-01;2,67
"400";2017-02-02;2,76
"401";2017-02-03;2,72
"402";2017-02-06;2,7
"403";2017-02-07;2,35
"404";2017-02-08;2,15
"405";2017-02-09;1,93
"406";2017-02-10;2,14
"407";2017-02-13;2,1
"408";2017-02-14;1,95
"409";2017-02-15;1,83
"410";2017-02-16;1,85
"411";2017-02-17;1,9
"412";2017-02-20;1,82
"413";2017-02-21;1,88
"414";2017-02-22;1,68
"415";2017-02-23;1,67
"416";2017-02-24;1,59
"417";2017-02-27;1,49
"418";2017-02-28;1,42
"419";2017-03-01;1,34
"420";2017-03-02;1,3
"421";2017-03-03;1,46
"422";2017-03-06;1,28
"423";2017-03-07;1,35
"424";2017-03-08;1,2
"425";2017-03-09;1,34
"426";2017-03-10;1,16
"427";2017-03-13;1,05
"428";2017-03-14;0,950000000000003
"429";2017-03-15;0,830000000000002
"430";2017-03-16;1,06
"431";2017-03-17;1,18
"432";2017-03-20;1,3
"433";2017-03-21;1,31
"434";2017-03-22;1,28
"435";2017-03-23;1,27
"436";2017-03-24;1,21
"437";2017-03-27;1,33
"438";2017-03-28;1,04
"439";2017-12-28;-1,82
"440";2017-12-29;-1,95
"441";2018-01-02;-1,96
"442";2018-01-03;-1,92
"443";2018-01-04;-1,69
"444";2018-01-05;-1,66
"445";2018-01-08;-1,39
"446";2018-01-09;-1,26
"447";2018-01-10;-0,960000000000001
"448";2018-01-11;-0,649999999999999
"449";2018-01-12;-0,539999999999999
"450";2018-01-15;-0,480000000000004
"451";2018-01-16;-0,509999999999998
"452";2018-01-17;-0,460000000000001
"453";2018-01-18;-0,770000000000003
"454";2018-01-19;-0,899999999999999
"455";2018-01-22;-0,899999999999999
"456";2018-01-23;-1,15000000000001
"457";2018-01-24;-1,41
"458";2018-01-25;-1,45
"459";2018-01-26;-1,45
"460";2018-01-29;-1,64
"461";2018-01-30;-1,33
"462";2018-01-31;-0,770000000000003
"463";2018-02-01;-0,559999999999995
"464";2018-02-02;-0,509999999999998
"465";2018-02-05;-0,609999999999999
"466";2018-02-06;-0,57
"467";2018-02-07;-0,57
"468";2018-02-08;-0,440000000000005
"469";2018-02-09;-0,419999999999995
"470";2018-02-12;-0,350000000000001
"471";2018-02-13;-0,770000000000003
"472";2018-02-14;-0,869999999999997
"473";2018-02-15;-0,839999999999996
"474";2018-02-16;-0,780000000000001
"475";2018-02-19;-0,879999999999995
"476";2018-02-20;-1
"477";2018-02-21;-0,82
"478";2018-02-22;-0,890000000000001
"479";2018-02-23;-0,939999999999998
"480";2018-02-26;-0,900000000000006
"481";2018-02-27;-0,900000000000006
"482";2018-02-28;-0,969999999999999
"483";2018-03-01;-0,780000000000001
"484";2018-03-02;-0,810000000000002
"485";2018-03-05;-0,969999999999999
"486";2018-03-06;-0,840000000000003
"487";2018-03-07;-1
"488";2018-03-08;-0,82
"489";2018-03-09;-0,620000000000005
"490";2018-03-12;-0,740000000000002
"491";2018-03-13;-0,660000000000004
"492";2018-03-14;-0,549999999999997
"493";2018-03-15;-0,509999999999998
"494";2018-03-16;-0,350000000000001
"495";2018-03-19;-0,330000000000005
"496";2018-03-20;-0,530000000000001
"497";2018-03-21;-0,379999999999995
"498";2018-03-22;-0,00999999999999801
"499";2018-03-23;-0,170000000000002
"500";2018-03-26;-0,140000000000001
"501";2018-03-27;-0,0700000000000003
"502";2018-12-28;1,58
"503";2019-01-02;1,14
"504";2019-01-03;1,95
"505";2019-01-04;1,9
"506";2019-01-07;1,66
"507";2019-01-08;1,82
"508";2019-01-09;1,94
"509";2019-01-10;1,87
"510";2019-01-11;1,77
"511";2019-01-14;1,67
"512";2019-01-15;1,69
"513";2019-01-16;1,54
"514";2019-01-17;1,28
"515";2019-01-18;1,11
"516";2019-01-21;1,44
"517";2019-01-22;0,970000000000006
"518";2019-01-23;1,28
"519";2019-01-24;1,09
"520";2019-01-25;0,800000000000004
"521";2019-01-28;0,769999999999996
"522";2019-01-29;0,75
"523";2019-01-30;0,740000000000002
"524";2019-01-31;0,660000000000004
"525";2019-02-01;0
"526";2019-02-04;-0,109999999999999
"527";2019-02-05;-0,349999999999994
"528";2019-02-06;-0,800000000000004
"529";2019-02-07;-0,68
"530";2019-02-08;-0,589999999999996
"531";2019-02-11;-0,93
"532";2019-02-12;-0,57
"533";2019-02-13;-0,399999999999999
"534";2019-02-14;-0,590000000000003
"535";2019-02-15;-0,869999999999997
"536";2019-02-18;-0,840000000000003
"537";2019-02-19;-1,2
"538";2019-02-20;-1,06
"539";2019-02-21;-0,710000000000001
"540";2019-02-22;-0,980000000000004
"541";2019-02-25;-0,780000000000001
"542";2019-02-26;-0,879999999999995
"543";2019-02-27;-0,989999999999995
"544";2019-02-28;-0,949999999999996
"545";2019-03-01;-1,31
"546";2019-03-04;-1,64
"547";2019-03-05;-1,6
"548";2019-03-06;-1,54
"549";2019-03-07;-1,57
"550";2019-03-08;-1,72
"551";2019-03-11;-1,82
"552";2019-03-12;-2,08
"553";2019-03-13;-2,31999999999999
"554";2019-03-14;-2,65000000000001
"555";2019-03-15;-2,98
"556";2019-03-18;-3,04
"557";2019-03-19;-3,14
"558";2019-03-20;-3,38
"559";2019-03-21;-3,79
"560";2019-03-22;-4,01
"561";2019-03-25;-3,93
"562";2019-03-26;-4,34
"563";2019-03-27;-4,85
"564";2019-12-30;-4,54
"565";2020-01-02;-4,8
"566";2020-01-03;-5
"567";2020-01-06;-5,19
"568";2020-01-07;-5,4
"569";2020-01-08;-5,65
"570";2020-01-09;-5,83
"571";2020-01-10;-5,81
"572";2020-01-13;-6,17
"573";2020-01-14;-6,22
"574";2020-01-15;-6,43
"575";2020-01-16;-6,27999999999999
"576";2020-01-17;-6,02
"577";2020-01-20;-5,77
"578";2020-01-21;-5,52
"579";2020-01-22;-5,49
"580";2020-01-23;-4,87
"581";2020-01-24;-4,68
"582";2020-01-27;-4,52
"583";2020-01-28;-4,41
"584";2020-01-29;-4,74
"585";2020-01-30;-4,96
"586";2020-01-31;-4,88
"587";2020-02-03;-5,04
"588";2020-02-04;-5,21
"589";2020-02-05;-5,54
"590";2020-02-06;-5,26
"591";2020-02-07;-5,35
"592";2020-02-10;-5,63
"593";2020-02-11;-5,81
"594";2020-02-12;-6,2
"595";2020-02-13;-6,27
"596";2020-02-14;-6,06
"597";2020-02-17;-6,47000000000001
"598";2020-02-18;-6,42
"599";2020-02-19;-6,26
"600";2020-02-20;-6,2
"601";2020-02-21;-5,9
"602";2020-02-24;-5,87
"603";2020-02-25;-5,92
"604";2020-02-26;-6,23
"605";2020-02-27;-6,24
"606";2020-02-28;-6,23
"607";2020-03-02;-6,5
"608";2020-03-03;-6,85
"609";2020-03-04;-6,89
"610";2020-03-05;-6,7
"611";2020-03-06;-6,52
"612";2020-03-09;-6,18
"613";2020-03-10;-5,85
"614";2020-03-11;-5,61
"615";2020-03-12;-5,36
"616";2020-03-13;-5,38
"617";2020-03-16;-5,91
"618";2020-03-17;-5,58
"619";2020-03-18;-5,36
"620";2020-03-19;-5,83
"621";2020-03-20;-6,29
"622";2020-03-23;-6,71
"623";2020-03-24;-6,97
"624";2020-03-25;-6,91
"625";2020-03-26;-7,51
"626";2011-09-28;-4
"627";2011-09-29;-4,01000000000001
"628";2011-09-30;-3,93
"629";2011-10-03;-3,93
"630";2011-10-04;-3,65
"631";2011-10-05;-3,7
"632";2011-10-06;-3,61
"633";2011-10-07;-3,48
"634";2011-10-10;-3,55
"635";2011-10-11;-3,33
"636";2011-10-12;-3,4
"637";2011-10-13;-3,07
"638";2011-10-14;-3,21
"639";2011-10-17;-2,96
"640";2011-10-18;-2,91
"641";2011-10-19;-3,03
"642";2011-10-20;-3,27
"643";2011-10-21;-3,45
"644";2011-10-24;-3,14
"645";2011-10-25;-3,32
"646";2011-10-26;-3,42
"647";2011-10-27;-3,31
"648";2011-10-28;-3,34
"649";2011-10-31;-3,49
"650";2011-11-01;-3,68
"651";2011-11-02;-3,43
"652";2011-11-03;-3,61
"653";2011-11-04;-3,62
"654";2011-11-07;-3,65
"655";2011-11-08;-3,59
"656";2011-11-09;-3,72
"657";2011-11-10;-3,73
"658";2011-11-11;-3,75
"659";2011-11-14;-3,62
"660";2011-11-15;-3,71
"661";2011-11-16;-3,74
"662";2011-11-17;-3,69
"663";2011-11-18;-3,71
"664";2011-11-21;-3,7
"665";2011-11-22;-3,64
"666";2011-11-23;-3,35
"667";2011-11-24;-3,5
"668";2011-11-25;-3,25
"669";2011-11-28;-3,26
"670";2011-11-29;-3,27
"671";2011-11-30;-3,19
"672";2011-12-01;-3,2
"673";2011-12-02;-3,41999999999999
"674";2011-12-05;-2,96
"675";2011-12-06;-3,05
"676";2011-12-07;-3,02999999999999
"677";2011-12-08;-3,01
"678";2011-12-09;-3,39
"679";2011-12-12;-3,47
"680";2011-12-13;-3,74
"681";2011-12-14;-3,82
"682";2011-12-15;-3,82
"683";2011-12-16;-3,78
"684";2011-12-19;-3,79
"685";2011-12-20;-3,71
"686";2011-12-21;-3,93
"687";2011-12-22;-3,79
"688";2011-12-23;-4,1
"689";2011-12-27;-3,96
"690";2012-09-26;-3,72
"691";2012-09-27;-3,68
"692";2012-09-28;-3,42
"693";2012-10-01;-3,29000000000001
"694";2012-10-02;-3,14
"695";2012-10-03;-3,14
"696";2012-10-04;-3,36
"697";2012-10-05;-3,44
"698";2012-10-08;-3,46
"699";2012-10-09;-3,44
"700";2012-10-10;-3,5
"701";2012-10-11;-3,33000000000001
"702";2012-10-12;-3,3
"703";2012-10-15;-3,41
"704";2012-10-16;-3,58
"705";2012-10-17;-3,44
"706";2012-10-18;-3,34
"707";2012-10-19;-3,45
"708";2012-10-22;-3,26000000000001
"709";2012-10-23;-3,18
"710";2012-10-24;-3,21
"711";2012-10-25;-3,23
"712";2012-10-26;-3,27
"713";2012-10-29;-3,16
"714";2012-10-30;-2,85
"715";2012-10-31;-2,98
"716";2012-11-01;-3,07
"717";2012-11-02;-3,04000000000001
"718";2012-11-05;-3,07
"719";2012-11-06;-3,07
"720";2012-11-07;-2,95999999999999
"721";2012-11-08;-2,96
"722";2012-11-09;-2,95999999999999
"723";2012-11-12;-3,01
"724";2012-11-13;-2,85
"725";2012-11-14;-2,72
"726";2012-11-15;-2,82
"727";2012-11-16;-2,63
"728";2012-11-19;-2,75
"729";2012-11-20;-2,72
"730";2012-11-21;-2,76
"731";2012-11-22;-2,77
"732";2012-11-23;-2,8
"733";2012-11-26;-2,83000000000001
"734";2012-11-27;-2,76000000000001
"735";2012-11-28;-2,73
"736";2012-11-29;-2,84
"737";2012-11-30;-3,08
"738";2012-12-03;-3,08
"739";2012-12-04;-2,98
"740";2012-12-05;-3,11
"741";2012-12-06;-3,01
"742";2012-12-07;-3,21
"743";2012-12-10;-3,08
"744";2012-12-11;-3,05
"745";2012-12-12;-2,92
"746";2012-12-13;-2,79
"747";2012-12-14;-2,88
"748";2012-12-17;-2,73
"749";2012-12-18;-2,74
"750";2012-12-19;-2,96
"751";2012-12-20;-3,21
"752";2013-09-26;-1,81
"753";2013-09-27;-1,87
"754";2013-09-30;-2,01
"755";2013-10-01;-2
"756";2013-10-02;-1,96
"757";2013-10-03;-1,96
"758";2013-10-04;-2,06
"759";2013-10-07;-2,01
"760";2013-10-08;-2,04
"761";2013-10-09;-2,16
"762";2013-10-10;-1,98
"763";2013-10-11;-1,89
"764";2013-10-14;-1,7
"765";2013-10-15;-1,66999999999999
"766";2013-10-16;-1,62
"767";2013-10-17;-1,53
"768";2013-10-18;-1,59
"769";2013-10-21;-1,49
"770";2013-10-22;-1,4
"771";2013-10-23;-1,04
"772";2013-10-24;-1,13
"773";2013-10-25;-1,15000000000001
"774";2013-10-28;-1,16
"775";2013-10-29;-1,3
"776";2013-10-30;-1,37
"777";2013-10-31;-1,3
"778";2013-11-01;-1,07
"779";2013-11-04;-1,36
"780";2013-11-05;-1,38
"781";2013-11-06;-1,33
"782";2013-11-07;-1,47
"783";2013-11-08;-1,53
"784";2013-11-11;-1,42
"785";2013-11-12;-1,52
"786";2013-11-13;-1,54000000000001
"787";2013-11-14;-1,52999999999999
"788";2013-11-15;-1,62
"789";2013-11-18;-1,45
"790";2013-11-19;-1,34
"791";2013-11-20;-1,31
"792";2013-11-21;-1,18
"793";2013-11-22;-1,23
"794";2013-11-25;-1,16
"795";2013-11-26;-1,02
"796";2013-11-27;-1,15000000000001
"797";2013-11-28;-1,18
"798";2013-11-29;-1,22
"799";2013-12-02;-1,08
"800";2013-12-03;-1,26
"801";2013-12-04;-1,18
"802";2013-12-05;-1,20999999999999
"803";2013-12-06;-1,14
"804";2013-12-09;-1,07
"805";2013-12-10;-0,939999999999998
"806";2013-12-11;-1,14
"807";2013-12-12;-0,939999999999998
"808";2013-12-13;-0,949999999999996
"809";2013-12-16;-0,830000000000005
"810";2013-12-17;-0,990000000000002
"811";2013-12-18;-0,890000000000001
"812";2013-12-19;-0,880000000000003
"813";2013-12-20;-1,1
"814";2013-12-23;-0,699999999999996
"815";2014-09-26;-0,539999999999999
"816";2014-09-29;-0,549999999999997
"817";2014-09-30;-0,399999999999999
"818";2014-10-01;-0,43
"819";2014-10-02;-0,340000000000003
"820";2014-10-03;-0,369999999999997
"821";2014-10-06;-0,420000000000002
"822";2014-10-07;-0,330000000000005
"823";2014-10-08;-0,310000000000002
"824";2014-10-09;-0,309999999999995
"825";2014-10-10;-0,25
"826";2014-10-13;-0,210000000000001
"827";2014-10-14;-0,100000000000001
"828";2014-10-15;-0,150000000000006
"829";2014-10-16;-0,0700000000000003
"830";2014-10-17;-0,0500000000000043
"831";2014-10-20;-0,120000000000005
"832";2014-10-21;-0,0799999999999983
"833";2014-10-22;-0,0600000000000023
"834";2014-10-23;-0,100000000000001
"835";2014-10-24;-0,190000000000005
"836";2014-10-27;-0,199999999999996
"837";2014-10-28;-0,240000000000002
"838";2014-10-29;-0,299999999999997
"839";2014-10-30;-0,350000000000001
"840";2014-10-31;-0,359999999999999
"841";2014-11-03;-0,310000000000002
"842";2014-11-04;-0,32
"843";2014-11-05;-0,289999999999999
"844";2014-11-06;-0,32
"845";2014-11-07;-0,310000000000002
"846";2014-11-10;-0,350000000000001
"847";2014-11-11;-0,390000000000001
"848";2014-11-12;-0,43
"849";2014-11-13;-0,32
"850";2014-11-14;-0,25
"851";2014-11-17;-0,219999999999999
"852";2014-11-18;-0,0300000000000011
"853";2014-11-19;-0,210000000000001
"854";2014-11-20;-0,280000000000001
"855";2014-11-21;-0,32
"856";2014-11-24;-0,550000000000004
"857";2014-11-25;-0,68
"858";2014-11-26;-0,739999999999995
"859";2014-11-27;-0,650000000000006
"860";2014-11-28;-0,710000000000001
"861";2014-12-01;-0,790000000000006
"862";2014-12-02;-0,729999999999997
"863";2014-12-03;-0,82
"864";2014-12-04;-0,950000000000003
"865";2014-12-05;-0,920000000000002
"866";2014-12-08;-0,859999999999999
"867";2014-12-09;-0,979999999999997
"868";2014-12-10;-0,899999999999999
"869";2014-12-11;-0,880000000000003
"870";2014-12-12;-0,689999999999998
"871";2014-12-15;-0,609999999999999
"872";2014-12-16;-0,409999999999997
"873";2014-12-17;-0,520000000000003
"874";2014-12-18;-0,450000000000003
"875";2014-12-19;-0,410000000000004
"876";2014-12-22;-0,329999999999998
"877";2014-12-23;-0,380000000000003
"878";2015-09-28;-0,170000000000002
"879";2015-09-29;-0,0800000000000018
"880";2015-09-30;-0,129999999999999
"881";2015-10-01;-0,119999999999997
"882";2015-10-02;-0,0800000000000018
"883";2015-10-05;0,0700000000000003
"884";2015-10-06;0,18
"885";2015-10-07;0,149999999999999
"886";2015-10-08;0,0400000000000027
"887";2015-10-09;0,0599999999999987
"888";2015-10-12;0,110000000000003
"889";2015-10-13;0,120000000000001
"890";2015-10-14;0,120000000000001
"891";2015-10-15;0,149999999999999
"892";2015-10-16;0,239999999999998
"893";2015-10-19;0,18
"894";2015-10-20;0,129999999999999
"895";2015-10-21;0,18
"896";2015-10-22;0,149999999999999
"897";2015-10-23;0,129999999999999
"898";2015-10-26;0,219999999999999
"899";2015-10-27;0,0700000000000003
"900";2015-10-28;0,239999999999998
"901";2015-10-29;0,0899999999999999
"902";2015-10-30;0,149999999999999
"903";2015-11-02;0,219999999999999
"904";2015-11-03;0,25
"905";2015-11-04;0,209999999999997
"906";2015-11-05;0,300000000000001
"907";2015-11-06;0,279999999999998
"908";2015-11-09;0,399999999999999
"909";2015-11-10;0,470000000000002
"910";2015-11-11;0,669999999999998
"911";2015-11-12;0,720000000000002
"912";2015-11-13;0,810000000000002
"913";2015-11-16;1,06
"914";2015-11-17;0,940000000000001
"915";2015-11-18;1,02
"916";2015-11-19;0,919999999999998
"917";2015-11-20;0,850000000000001
"918";2015-11-23;0,870000000000001
"919";2015-11-24;0,989999999999998
"920";2015-11-25;1,02
"921";2015-11-26;1,08
"922";2015-11-27;1,07
"923";2015-11-30;1,11
"924";2015-12-01;1,01
"925";2015-12-02;1,14
"926";2015-12-03;0,940000000000001
"927";2015-12-04;0,850000000000001
"928";2015-12-07;0,699999999999999
"929";2015-12-08;0,970000000000002
"930";2015-12-09;1,02
"931";2015-12-10;1,03
"932";2015-12-11;1,21
"933";2015-12-14;1,38
"934";2015-12-15;1,21
"935";2015-12-16;1,4
"936";2015-12-17;1,42
"937";2015-12-18;1,52
"938";2015-12-21;1,57
"939";2015-12-22;1,49
"940";2015-12-23;1,41
"941";2015-12-28;1,26
"942";2016-09-28;0,399999999999999
"943";2016-09-29;0,190000000000001
"944";2016-09-30;-0,18
"945";2016-10-03;-0,259999999999998
"946";2016-10-04;-0,0600000000000023
"947";2016-10-05;0,260000000000002
"948";2016-10-06;0,0800000000000018
"949";2016-10-07;0,190000000000001
"950";2016-10-10;0,390000000000001
"951";2016-10-11;-0,120000000000001
"952";2016-10-12;-0,0400000000000027
"953";2016-10-13;0,16
"954";2016-10-14;-0,100000000000001
"955";2016-10-17;0,0400000000000027
"956";2016-10-18;0,32
"957";2016-10-19;-0,0199999999999996
"958";2016-10-20;-0,329999999999998
"959";2016-10-21;-0,399999999999999
"960";2016-10-24;-0,109999999999999
"961";2016-10-25;0,309999999999999
"962";2016-10-26;0,66
"963";2016-10-27;0,510000000000002
"964";2016-10-28;0,450000000000003
"965";2016-10-31;0,93
"966";2016-11-01;1
"967";2016-11-02;0,119999999999997
"968";2016-11-03;-1,18
"969";2016-11-04;-0,829999999999998
"970";2016-11-07;-0,460000000000001
"971";2016-11-08;-0,34
"972";2016-11-09;-0,270000000000003
"973";2016-11-10;0,0999999999999979
"974";2016-11-11;0,0800000000000018
"975";2016-11-14;0,390000000000001
"976";2016-11-15;0,890000000000001
"977";2016-11-16;0,34
"978";2016-11-17;0,0199999999999996
"979";2016-11-18;-0,120000000000001
"980";2016-11-21;-0,169999999999998
"981";2016-11-22;0,0200000000000031
"982";2016-11-23;0,300000000000001
"983";2016-11-24;0,18
"984";2016-11-25;0,560000000000002
"985";2016-11-28;0,66
"986";2016-11-29;1,25
"987";2016-11-30;1,29
"988";2016-12-01;1,22
"989";2016-12-02;1,09
"990";2016-12-05;0,970000000000002
"991";2016-12-06;0,68
"992";2016-12-07;-0,149999999999999
"993";2016-12-08;-0,309999999999999
"994";2016-12-09;-0,370000000000001
"995";2016-12-12;0,110000000000003
"996";2016-12-13;0,0199999999999996
"997";2016-12-14;0,23
"998";2016-12-15;0,32
"999";2016-12-16;0,48
"1000";2016-12-19;0,689999999999998
"1001";2016-12-20;0,669999999999998
"1002";2016-12-21;0,73
"1003";2016-12-22;0,98
"1004";2016-12-23;1,08
"1005";2016-12-27;1,16
"1006";2017-09-28;0,0900000000000034
"1007";2017-09-29;-0,100000000000001
"1008";2017-10-02;-0,209999999999997
"1009";2017-10-03;-0,0300000000000011
"1010";2017-10-04;-0,0899999999999963
"1011";2017-10-05;-0,169999999999995
"1012";2017-10-06;-0,259999999999998
"1013";2017-10-09;-0,550000000000001
"1014";2017-10-10;-0,590000000000003
"1015";2017-10-11;-0,689999999999998
"1016";2017-10-12;-0,850000000000001
"1017";2017-10-13;-0,559999999999995
"1018";2017-10-16;-0,560000000000002
"1019";2017-10-17;-0,880000000000003
"1020";2017-10-18;-0,789999999999999
"1021";2017-10-19;-0,629999999999995
"1022";2017-10-20;-0,760000000000005
"1023";2017-10-23;-0,699999999999996
"1024";2017-10-24;-0,659999999999997
"1025";2017-10-25;-0,800000000000004
"1026";2017-10-26;-1,09999999999999
"1027";2017-10-27;-1,46
"1028";2017-10-30;-1,63
"1029";2017-10-31;-1,51
"1030";2017-11-01;-1,93
"1031";2017-11-02;-1,84999999999999
"1032";2017-11-03;-1,95
"1033";2017-11-06;-2,04
"1034";2017-11-07;-2,03
"1035";2017-11-08;-1,87
"1036";2017-11-09;-2,15
"1037";2017-11-10;-1,97000000000001
"1038";2017-11-13;-2,03
"1039";2017-11-14;-2,19
"1040";2017-11-15;-2,57
"1041";2017-11-16;-2,57
"1042";2017-11-17;-2,54
"1043";2017-11-20;-1,95
"1044";2017-11-21;-2,33000000000001
"1045";2017-11-22;-1,98
"1046";2017-11-23;-2,25
"1047";2017-11-24;-2,43
"1048";2017-11-27;-2,31
"1049";2017-11-28;-2,33
"1050";2017-11-29;-2,26
"1051";2017-11-30;-1,88
"1052";2017-12-01;-1,97
"1053";2017-12-04;-1,82
"1054";2017-12-05;-1,63
"1055";2017-12-06;-1,84
"1056";2017-12-07;-1,6
"1057";2017-12-08;-1,53
"1058";2017-12-11;-1,58
"1059";2017-12-12;-1,54
"1060";2017-12-13;-1,33
"1061";2017-12-14;-1,44
"1062";2017-12-15;-1,3
"1063";2017-12-18;-1,26
"1064";2017-12-19;-1,44
"1065";2017-12-20;-1,65
"1066";2017-12-21;-1,78
"1067";2017-12-22;-1,83
"1068";2017-12-27;-1,97
"1069";2018-09-27;-0,68
"1070";2018-09-28;-0,75
"1071";2018-10-01;-0,329999999999998
"1072";2018-10-02;-0,470000000000006
"1073";2018-10-03;-0,560000000000002
"1074";2018-10-04;-0,840000000000003
"1075";2018-10-05;-1,02
"1076";2018-10-08;-1,63
"1077";2018-10-09;-1,59
"1078";2018-10-10;-2,37
"1079";2018-10-11;-1,9
"1080";2018-10-12;-1,55
"1081";2018-10-15;-1,34
"1082";2018-10-16;-1,45
"1083";2018-10-17;-1,03
"1084";2018-10-18;-0,919999999999995
"1085";2018-10-19;-0,560000000000002
"1086";2018-10-22;-0,490000000000002
"1087";2018-10-23;-0,75
"1088";2018-10-24;-0,669999999999995
"1089";2018-10-25;-0,989999999999995
"1090";2018-10-26;-1,09
"1091";2018-10-29;-1,05
"1092";2018-10-30;-1,36
"1093";2018-10-31;-1,2
"1094";2018-11-01;-1,28
"1095";2018-11-02;-1,3
"1096";2018-11-05;-1,22000000000001
"1097";2018-11-06;-1,68
"1098";2018-11-07;-1,56
"1099";2018-11-08;-1,06
"1100";2018-11-09;-1,54
"1101";2018-11-12;-1,26
"1102";2018-11-13;-1,34
"1103";2018-11-14;-1,03
"1104";2018-11-15;-0,879999999999995
"1105";2018-11-16;-0,269999999999996
"1106";2018-11-19;-0,150000000000006
"1107";2018-11-20;-0,119999999999997
"1108";2018-11-21;0,100000000000001
"1109";2018-11-22;0,859999999999999
"1110";2018-11-23;0,660000000000004
"1111";2018-11-26;0,800000000000004
"1112";2018-11-27;1
"1113";2018-11-28;0,990000000000002
"1114";2018-11-29;1,42
"1115";2018-11-30;1,43
"1116";2018-12-03;1,07
"1117";2018-12-04;0,670000000000002
"1118";2018-12-05;0,399999999999999
"1119";2018-12-06;0,719999999999999
"1120";2018-12-07;0,860000000000007
"1121";2018-12-10;1,02
"1122";2018-12-11;1,17
"1123";2018-12-12;0,969999999999999
"1124";2018-12-13;1,06
"1125";2018-12-14;1,3
"1126";2018-12-17;1,31
"1127";2018-12-18;1,42
"1128";2018-12-19;1,72
"1129";2018-12-20;2,06999999999999
"1130";2018-12-21;2
"1131";2018-12-27;1,5
"1132";2019-09-27;-2,16
"1133";2019-09-30;-2,17
"1134";2019-10-01;-2,51
"1135";2019-10-02;-2,45
"1136";2019-10-03;-2,71
"1137";2019-10-04;-3,1
"1138";2019-10-07;-2,92
"1139";2019-10-08;-2,96
"1140";2019-10-09;-2,81
"1141";2019-10-10;-2,82
"1142";2019-10-11;-2,66
"1143";2019-10-14;-2,82
"1144";2019-10-15;-2,76
"1145";2019-10-16;-2,7
"1146";2019-10-17;-2,88
"1147";2019-10-18;-2,63
"1148";2019-10-21;-2,66
"1149";2019-10-22;-2,88
"1150";2019-10-23;-2,70999999999999
"1151";2019-10-24;-2,71
"1152";2019-10-25;-2,95999999999999
"1153";2019-10-28;-2,78
"1154";2019-10-29;-2,81
"1155";2019-10-30;-3,15
"1156";2019-10-31;-3,02
"1157";2019-11-01;-2,91
"1158";2019-11-04;-2,83
"1159";2019-11-05;-2,82
"1160";2019-11-06;-2,95999999999999
"1161";2019-11-07;-2,89
"1162";2019-11-08;-2,73
"1163";2019-11-11;-2,62
"1164";2019-11-12;-2,79
"1165";2019-11-13;-2,93
"1166";2019-11-14;-3,2
"1167";2019-11-15;-3,1
"1168";2019-11-18;-3,03
"1169";2019-11-19;-2,99
"1170";2019-11-20;-2,87
"1171";2019-11-21;-2,9
"1172";2019-11-22;-2,77
"1173";2019-11-25;-2,51
"1174";2019-11-26;-2,68
"1175";2019-11-27;-2,62
"1176";2019-11-28;-2,75
"1177";2019-11-29;-2,70999999999999
"1178";2019-12-02;-2,76
"1179";2019-12-03;-2,73999999999999
"1180";2019-12-04;-2,84
"1181";2019-12-05;-2,79000000000001
"1182";2019-12-06;-2,89
"1183";2019-12-09;-2,95
"1184";2019-12-10;-2,97
"1185";2019-12-11;-3,09
"1186";2019-12-12;-2,9
"1187";2019-12-13;-3,02
"1188";2019-12-16;-3,11
"1189";2019-12-17;-3,14
"1190";2019-12-18;-3,39
"1191";2019-12-19;-3,78
"1192";2019-12-20;-3,89
"1193";2019-12-23;-4,42
"1194";2019-12-27;-4,63
"1195";2011-06-28;-5,14
"1196";2011-06-29;-4,98
"1197";2011-06-30;-5,09
"1198";2011-07-01;-5,22000000000001
"1199";2011-07-04;-4,98999999999999
"1200";2011-07-05;-4,95
"1201";2011-07-06;-4,76
"1202";2011-07-07;-4,86000000000001
"1203";2011-07-08;-4,91
"1204";2011-07-11;-5,19
"1205";2011-07-12;-5,16999999999999
"1206";2011-07-13;-5,14
"1207";2011-07-14;-5,1
"1208";2011-07-15;-5,13
"1209";2011-07-18;-5,27
"1210";2011-07-19;-4,85
"1211";2011-07-20;-4,91
"1212";2011-07-21;-4,96
"1213";2011-07-22;-4,79000000000001
"1214";2011-07-25;-5,05
"1215";2011-07-26;-5,07
"1216";2011-07-27;-4,65000000000001
"1217";2011-07-28;-5,02
"1218";2011-07-29;-4,87
"1219";2011-08-01;-4,81
"1220";2011-08-02;-4,34999999999999
"1221";2011-08-03;-4,46
"1222";2011-08-04;-4,44
"1223";2011-08-05;-4,13
"1224";2011-08-08;-4,08000000000001
"1225";2011-08-09;-4,29000000000001
"1226";2011-08-10;-4,54
"1227";2011-08-11;-4,55
"1228";2011-08-12;-4,46
"1229";2011-08-15;-4,48999999999999
"1230";2011-08-16;-4,33
"1231";2011-08-17;-4,66999999999999
"1232";2011-08-18;-4,65
"1233";2011-08-19;-4,77
"1234";2011-08-22;-4,8
"1235";2011-08-23;-4,23
"1236";2011-08-24;-4,1
"1237";2011-08-25;-4,57
"1238";2011-08-26;-4,45
"1239";2011-08-29;-4,33
"1240";2011-08-30;-4,36
"1241";2011-08-31;-4,45
"1242";2011-09-01;-4,4
"1243";2011-09-02;-4,48
"1244";2011-09-05;-4,35
"1245";2011-09-06;-4,31
"1246";2011-09-07;-4,31
"1247";2011-09-08;-4,09
"1248";2011-09-09;-4,05
"1249";2011-09-12;-4,12
"1250";2011-09-13;-4,11
"1251";2011-09-14;-3,85
"1252";2011-09-15;-3,58
"1253";2011-09-16;-3,98
"1254";2011-09-19;-3,96
"1255";2011-09-20;-4,03
"1256";2011-09-21;-3,8
"1257";2011-09-22;-3,83000000000001
"1258";2011-09-23;-3,7
"1259";2011-09-26;-3,95
"1260";2011-09-27;-3,94
"1261";2012-06-27;-3,69
"1262";2012-06-28;-3,62
"1263";2012-06-29;-3,63
"1264";2012-07-02;-3,52999999999999
"1265";2012-07-03;-3,52
"1266";2012-07-04;-3,58
"1267";2012-07-05;-3,57
"1268";2012-07-06;-3,58
"1269";2012-07-09;-3,55
"1270";2012-07-10;-3,63
"1271";2012-07-11;-3,66
"1272";2012-07-12;-3,73
"1273";2012-07-13;-3,77
"1274";2012-07-16;-3,69
"1275";2012-07-17;-3,72
"1276";2012-07-18;-3,79
"1277";2012-07-19;-3,75
"1278";2012-07-20;-3,75
"1279";2012-07-23;-3,90000000000001
"1280";2012-07-24;-3,82
"1281";2012-07-25;-3,76
"1282";2012-07-26;-3,88
"1283";2012-07-27;-3,79
"1284";2012-07-30;-3,82
"1285";2012-07-31;-3,94
"1286";2012-08-01;-3,78
"1287";2012-08-02;-3,91
"1288";2012-08-03;-3,86
"1289";2012-08-06;-3,71
"1290";2012-08-07;-3,77
"1291";2012-08-08;-3,7
"1292";2012-08-09;-3,5
"1293";2012-08-10;-3,52
"1294";2012-08-13;-3,59
"1295";2012-08-14;-3,8
"1296";2012-08-15;-3,66
"1297";2012-08-16;-3,75
"1298";2012-08-17;-3,62
"1299";2012-08-20;-3,55
"1300";2012-08-21;-3,44
"1301";2012-08-22;-3,42
"1302";2012-08-23;-3,39
"1303";2012-08-24;-3,5
"1304";2012-08-27;-3,45
"1305";2012-08-28;-3,48
"1306";2012-08-29;-3,61
"1307";2012-08-30;-3,65
"1308";2012-08-31;-3,56
"1309";2012-09-03;-3,73
"1310";2012-09-04;-3,73
"1311";2012-09-05;-3,74
"1312";2012-09-06;-3,72
"1313";2012-09-07;-3,74
"1314";2012-09-10;-3,62
"1315";2012-09-11;-3,59
"1316";2012-09-12;-3,66
"1317";2012-09-13;-3,61
"1318";2012-09-14;-3,66
"1319";2012-09-17;-3,68
"1320";2012-09-18;-3,73
"1321";2012-09-19;-3,65000000000001
"1322";2012-09-20;-3,68
"1323";2012-09-21;-3,63
"1324";2012-09-24;-3,87
"1325";2012-09-25;-3,96
"1326";2013-06-26;-3,32
"1327";2013-06-27;-3,25
"1328";2013-06-28;-3,29000000000001
"1329";2013-07-01;-3,18
"1330";2013-07-02;-2,97
"1331";2013-07-03;-2,86
"1332";2013-07-04;-2,76
"1333";2013-07-05;-2,79
"1334";2013-07-08;-2,77
"1335";2013-07-09;-2,4
"1336";2013-07-10;-2,77
"1337";2013-07-11;-2,71
"1338";2013-07-12;-2,61
"1339";2013-07-15;-2,55
"1340";2013-07-16;-2,51
"1341";2013-07-17;-2,27
"1342";2013-07-18;-2,27
"1343";2013-07-19;-2,26
"1344";2013-07-22;-2,15
"1345";2013-07-23;-2,13999999999999
"1346";2013-07-24;-2,21
"1347";2013-07-25;-2,23999999999999
"1348";2013-07-26;-2,11
"1349";2013-07-29;-2,17
"1350";2013-07-30;-2,21
"1351";2013-07-31;-2,24
"1352";2013-08-01;-2,08
"1353";2013-08-02;-2,06
"1354";2013-08-05;-2,04
"1355";2013-08-06;-1,94
"1356";2013-08-07;-1,95
"1357";2013-08-08;-1,85
"1358";2013-08-09;-1,93
"1359";2013-08-12;-1,87
"1360";2013-08-13;-1,84
"1361";2013-08-14;-1,94
"1362";2013-08-15;-2,09
"1363";2013-08-16;-2,09999999999999
"1364";2013-08-19;-2,03
"1365";2013-08-20;-2,05
"1366";2013-08-21;-1,83
"1367";2013-08-22;-1,81
"1368";2013-08-23;-1,85
"1369";2013-08-26;-1,75
"1370";2013-08-27;-1,81
"1371";2013-08-28;-1,66
"1372";2013-08-29;-1,68
"1373";2013-08-30;-1,66
"1374";2013-09-02;-1,53
"1375";2013-09-03;-1,44
"1376";2013-09-04;-1,27
"1377";2013-09-05;-1,64
"1378";2013-09-06;-1,89
"1379";2013-09-09;-2,06
"1380";2013-09-10;-1,97
"1381";2013-09-11;-1,77
"1382";2013-09-12;-1,44
"1383";2013-09-13;-1,68
"1384";2013-09-16;-1,88
"1385";2013-09-17;-1,86
"1386";2013-09-18;-1,72
"1387";2013-09-19;-1,76
"1388";2013-09-20;-1,78
"1389";2013-09-23;-1,72
"1390";2013-09-24;-1,86
"1391";2013-09-25;-1,76
"1392";2014-06-26;-0,32
"1393";2014-06-27;-0,239999999999995
"1394";2014-06-30;-0,300000000000004
"1395";2014-07-01;-0,32
"1396";2014-07-02;-0,329999999999998
"1397";2014-07-03;-0,289999999999999
"1398";2014-07-04;-0,310000000000002
"1399";2014-07-07;-0,329999999999998
"1400";2014-07-08;-0,310000000000002
"1401";2014-07-09;-0,300000000000004
"1402";2014-07-10;-0,340000000000003
"1403";2014-07-11;-0,380000000000003
"1404";2014-07-14;-0,370000000000005
"1405";2014-07-15;-0,409999999999997
"1406";2014-07-16;-0,440000000000005
"1407";2014-07-17;-0,359999999999999
"1408";2014-07-18;-0,350000000000001
"1409";2014-07-21;-0,390000000000001
"1410";2014-07-22;-0,299999999999997
"1411";2014-07-23;-0,310000000000002
"1412";2014-07-24;-0,259999999999998
"1413";2014-07-25;-0,359999999999999
"1414";2014-07-28;-0,309999999999995
"1415";2014-07-29;-0,289999999999999
"1416";2014-07-30;-0,419999999999995
"1417";2014-07-31;-0,379999999999995
"1418";2014-08-01;-0,289999999999999
"1419";2014-08-04;-0,340000000000003
"1420";2014-08-05;-0,380000000000003
"1421";2014-08-06;-0,340000000000003
"1422";2014-08-07;-0,290000000000006
"1423";2014-08-08;-0,189999999999998
"1424";2014-08-11;-0,269999999999996
"1425";2014-08-12;-0,349999999999994
"1426";2014-08-13;-0,280000000000001
"1427";2014-08-14;-0,359999999999999
"1428";2014-08-15;-0,270000000000003
"1429";2014-08-18;-0,339999999999996
"1430";2014-08-19;-0,329999999999998
"1431";2014-08-20;-0,420000000000002
"1432";2014-08-21;-0,43
"1433";2014-08-22;-0,380000000000003
"1434";2014-08-25;-0,350000000000001
"1435";2014-08-26;-0,369999999999997
"1436";2014-08-27;-0,479999999999997
"1437";2014-08-28;-0,5
"1438";2014-08-29;-0,589999999999996
"1439";2014-09-01;-0,68
"1440";2014-09-02;-0,609999999999999
"1441";2014-09-03;-0,589999999999996
"1442";2014-09-04;-0,579999999999998
"1443";2014-09-05;-0,629999999999995
"1444";2014-09-08;-0,589999999999996
"1445";2014-09-09;-0,670000000000002
"1446";2014-09-10;-0,569999999999993
"1447";2014-09-11;-0,669999999999995
"1448";2014-09-12;-0,619999999999997
"1449";2014-09-15;-0,640000000000001
"1450";2014-09-16;-0,800000000000004
"1451";2014-09-17;-0,699999999999996
"1452";2014-09-18;-0,729999999999997
"1453";2014-09-19;-0,840000000000003
"1454";2014-09-22;-0,780000000000001
"1455";2014-09-23;-0,700000000000003
"1456";2014-09-24;-0,640000000000001
"1457";2014-09-25;-0,479999999999997
"1458";2015-06-26;-1,34
"1459";2015-06-29;-1,37
"1460";2015-06-30;-1,19
"1461";2015-07-01;-1,23
"1462";2015-07-02;-1,27
"1463";2015-07-03;-1,32
"1464";2015-07-06;-1,28
"1465";2015-07-07;-1,23
"1466";2015-07-08;-1,34
"1467";2015-07-09;-1,35
"1468";2015-07-10;-1,35
"1469";2015-07-13;-1,38
"1470";2015-07-14;-1,43
"1471";2015-07-15;-1,24
"1472";2015-07-16;-1,35
"1473";2015-07-17;-1,16
"1474";2015-07-20;-1,19
"1475";2015-07-21;-1,17
"1476";2015-07-22;-1,1
"1477";2015-07-23;-1,02
"1478";2015-07-24;-1
"1479";2015-07-27;-1,01
"1480";2015-07-28;-1,04
"1481";2015-07-29;-0,969999999999999
"1482";2015-07-30;-0,98
"1483";2015-07-31;-0,919999999999998
"1484";2015-08-03;-0,960000000000001
"1485";2015-08-04;-0,800000000000001
"1486";2015-08-05;-0,880000000000003
"1487";2015-08-06;-0,959999999999997
"1488";2015-08-07;-1,16
"1489";2015-08-10;-1,09
"1490";2015-08-11;-1,03
"1491";2015-08-12;-1,02
"1492";2015-08-13;-1,11
"1493";2015-08-14;-1,1
"1494";2015-08-17;-1,02
"1495";2015-08-18;-1,07
"1496";2015-08-19;-0,970000000000002
"1497";2015-08-20;-1,01
"1498";2015-08-21;-0,93
"1499";2015-08-24;-0,969999999999999
"1500";2015-08-25;-0,77
"1501";2015-08-26;-0,800000000000001
"1502";2015-08-27;-0,77
"1503";2015-08-28;-0,739999999999998
"1504";2015-08-31;-0,850000000000001
"1505";2015-09-01;-0,690000000000001
"1506";2015-09-02;-0,66
"1507";2015-09-03;-0,68
"1508";2015-09-04;-0,650000000000002
"1509";2015-09-07;-0,550000000000001
"1510";2015-09-08;-0,540000000000003
"1511";2015-09-09;-0,419999999999998
"1512";2015-09-10;-0,43
"1513";2015-09-11;-0,509999999999998
"1514";2015-09-14;-0,420000000000002
"1515";2015-09-15;-0,470000000000002
"1516";2015-09-16;-0,439999999999998
"1517";2015-09-17;-0,41
"1518";2015-09-18;-0,439999999999998
"1519";2015-09-21;-0,390000000000001
"1520";2015-09-22;-0,289999999999999
"1521";2015-09-23;-0,330000000000002
"1522";2015-09-24;-0,370000000000001
"1523";2015-09-25;-0,27
"1524";2016-06-28;-0,890000000000001
"1525";2016-06-29;-0,75
"1526";2016-06-30;-0,790000000000003
"1527";2016-07-01;-0,469999999999999
"1528";2016-07-04;-0,59
"1529";2016-07-05;-0,539999999999999
"1530";2016-07-06;-0,690000000000001
"1531";2016-07-07;-0,600000000000001
"1532";2016-07-08;-0,629999999999999
"1533";2016-07-11;-0,509999999999998
"1534";2016-07-12;-0,329999999999998
"1535";2016-07-13;-0,690000000000001
"1536";2016-07-14;-0,77
"1537";2016-07-15;-0,77
"1538";2016-07-18;-0,920000000000002
"1539";2016-07-19;-0,84
"1540";2016-07-20;-0,960000000000001
"1541";2016-07-21;-0,75
"1542";2016-07-22;-0,68
"1543";2016-07-25;-0,630000000000003
"1544";2016-07-26;-0,690000000000001
"1545";2016-07-27;-0,779999999999998
"1546";2016-07-28;-0,720000000000002
"1547";2016-07-29;-0,870000000000001
"1548";2016-08-01;-0,82
"1549";2016-08-02;-0,710000000000001
"1550";2016-08-03;-0,879999999999999
"1551";2016-08-04;-0,739999999999998
"1552";2016-08-05;-0,629999999999999
"1553";2016-08-08;-0,699999999999999
"1554";2016-08-09;-0,349999999999998
"1555";2016-08-10;-0,469999999999999
"1556";2016-08-11;-0,539999999999999
"1557";2016-08-12;-0,34
"1558";2016-08-15;-0,309999999999999
"1559";2016-08-16;-0,600000000000001
"1560";2016-08-17;-0,629999999999999
"1561";2016-08-18;-0,73
"1562";2016-08-19;-0,690000000000001
"1563";2016-08-22;-0,550000000000001
"1564";2016-08-23;-0,600000000000001
"1565";2016-08-24;-0,75
"1566";2016-08-25;-0,68
"1567";2016-08-26;-0,640000000000001
"1568";2016-08-29;-0,59
"1569";2016-08-30;-0,719999999999999
"1570";2016-08-31;-0,460000000000001
"1571";2016-09-01;-0,579999999999998
"1572";2016-09-02;-0,529999999999998
"1573";2016-09-05;-0,640000000000001
"1574";2016-09-06;-0,469999999999999
"1575";2016-09-07;-0,279999999999998
"1576";2016-09-08;-0,32
"1577";2016-09-09;-0,390000000000001
"1578";2016-09-12;-0,289999999999999
"1579";2016-09-13;-0,18
"1580";2016-09-14;-0,190000000000001
"1581";2016-09-15;-0,18
"1582";2016-09-16;-0,460000000000001
"1583";2016-09-19;-0,449999999999999
"1584";2016-09-20;-0,5
"1585";2016-09-21;-0,43
"1586";2016-09-22;-0,280000000000001
"1587";2016-09-23;-0,229999999999997
"1588";2016-09-26;-0,129999999999999
"1589";2016-09-27;-0,150000000000002
"1590";2017-06-28;0,0399999999999991
"1591";2017-06-29;0,170000000000002
"1592";2017-06-30;0
"1593";2017-07-03;0,289999999999999
"1594";2017-07-04;0,169999999999998
"1595";2017-07-05;0,23
"1596";2017-07-06;0
"1597";2017-07-07;0,130000000000003
"1598";2017-07-10;-0,289999999999999
"1599";2017-07-11;-0,309999999999999
"1600";2017-07-12;-0,23
"1601";2017-07-13;-0,210000000000001
"1602";2017-07-14;-0,48
"1603";2017-07-17;-0,239999999999998
"1604";2017-07-18;-0,209999999999997
"1605";2017-07-19;-0,210000000000001
"1606";2017-07-20;-0,16
"1607";2017-07-21;-0,169999999999998
"1608";2017-07-24;-0,25
"1609";2017-07-25;-0,0800000000000018
"1610";2017-07-26;-0,149999999999999
"1611";2017-07-27;-0,300000000000001
"1612";2017-07-28;-0,25
"1613";2017-07-31;-0,0999999999999979
"1614";2017-08-01;-0,400000000000002
"1615";2017-08-02;-0,399999999999999
"1616";2017-08-03;-0,23
"1617";2017-08-04;-0,169999999999998
"1618";2017-08-07;-0,239999999999998
"1619";2017-08-08;-0,329999999999998
"1620";2017-08-09;-0,129999999999999
"1621";2017-08-10;-0,18
"1622";2017-08-11;0
"1623";2017-08-14;0,0300000000000011
"1624";2017-08-15;-0,120000000000001
"1625";2017-08-16;0,120000000000001
"1626";2017-08-17;0,350000000000001
"1627";2017-08-18;0,379999999999999
"1628";2017-08-21;0,210000000000001
"1629";2017-08-22;0,240000000000002
"1630";2017-08-23;0,279999999999998
"1631";2017-08-24;0,289999999999999
"1632";2017-08-25;0,309999999999999
"1633";2017-08-28;0,260000000000002
"1634";2017-08-29;0,310000000000002
"1635";2017-08-30;0,420000000000002
"1636";2017-08-31;0,350000000000001
"1637";2017-09-01;0,389999999999997
"1638";2017-09-04;0,370000000000001
"1639";2017-09-05;0,5
"1640";2017-09-06;0,379999999999999
"1641";2017-09-07;0,260000000000002
"1642";2017-09-08;0,120000000000001
"1643";2017-09-11;-0,209999999999997
"1644";2017-09-12;-0,0300000000000011
"1645";2017-09-13;0
"1646";2017-09-14;-0,109999999999999
"1647";2017-09-15;-0,259999999999998
"1648";2017-09-18;-0,100000000000001
"1649";2017-09-19;0,120000000000005
"1650";2017-09-20;0,019999999999996
"1651";2017-09-21;-0,100000000000001
"1652";2017-09-22;-0,0399999999999991
"1653";2017-09-25;0,0799999999999983
"1654";2017-09-26;0,0300000000000011
"1655";2017-09-27;0,0700000000000003
"1656";2018-06-28;-1,14
"1657";2018-06-29;-1,25
"1658";2018-07-02;-1,23
"1659";2018-07-03;-1,04
"1660";2018-07-04;-1,04
"1661";2018-07-05;-0,93
"1662";2018-07-06;-1,05
"1663";2018-07-09;-0,859999999999999
"1664";2018-07-10;-0,25
"1665";2018-07-11;-0,25
"1666";2018-07-12;-0,699999999999996
"1667";2018-07-13;-0,839999999999996
"1668";2018-07-16;-0,649999999999999
"1669";2018-07-17;-0,920000000000002
"1670";2018-07-18;-0,620000000000005
"1671";2018-07-19;-0,280000000000001
"1672";2018-07-20;-0,490000000000002
"1673";2018-07-23;-0,209999999999994
"1674";2018-07-24;-0,160000000000004
"1675";2018-07-25;0,130000000000003
"1676";2018-07-26;-0,200000000000003
"1677";2018-07-27;-0,0399999999999991
"1678";2018-07-30;-0,329999999999998
"1679";2018-07-31;-0,439999999999998
"1680";2018-08-01;-0,530000000000001
"1681";2018-08-02;-0,539999999999999
"1682";2018-08-03;-0,410000000000004
"1683";2018-08-06;-0,200000000000003
"1684";2018-08-07;-0,340000000000003
"1685";2018-08-08;-0,600000000000001
"1686";2018-08-09;-0,519999999999996
"1687";2018-08-10;-0,540000000000006
"1688";2018-08-13;-0,720000000000006
"1689";2018-08-14;-0,609999999999999
"1690";2018-08-15;-0,829999999999998
"1691";2018-08-16;-1,06
"1692";2018-08-17;-0,910000000000004
"1693";2018-08-20;-0,480000000000004
"1694";2018-08-21;-0,520000000000003
"1695";2018-08-22;-0,759999999999998
"1696";2018-08-23;-0,740000000000002
"1697";2018-08-24;-0,700000000000003
"1698";2018-08-27;-0,380000000000003
"1699";2018-08-28;-0,259999999999998
"1700";2018-08-29;-0,240000000000002
"1701";2018-08-30;-0,0600000000000023
"1702";2018-08-31;-0,019999999999996
"1703";2018-09-03;-0,0400000000000063
"1704";2018-09-04;0,339999999999996
"1705";2018-09-05;0,229999999999997
"1706";2018-09-06;0,519999999999996
"1707";2018-09-07;0,68
"1708";2018-09-10;1
"1709";2018-09-11;1,13
"1710";2018-09-12;1,14
"1711";2018-09-13;0,949999999999996
"1712";2018-09-14;0,579999999999998
"1713";2018-09-17;0,109999999999999
"1714";2018-09-18;-0,0700000000000003
"1715";2018-09-19;0,109999999999999
"1716";2018-09-20;0,709999999999994
"1717";2018-09-21;-0,119999999999997
"1718";2018-09-24;0,0899999999999963
"1719";2018-09-25;0
"1720";2018-09-26;-0,510000000000005
"1721";2019-06-27;-1,3
"1722";2019-06-28;-1,59
"1723";2019-07-01;-1,61000000000001
"1724";2019-07-02;-1,52
"1725";2019-07-03;-1,65
"1726";2019-07-04;-1,83000000000001
"1727";2019-07-05;-1,39
"1728";2019-07-08;-1,46
"1729";2019-07-09;-1,46
"1730";2019-07-10;-1,33000000000001
"1731";2019-07-11;-1,2
"1732";2019-07-12;-1,13
"1733";2019-07-15;-1,24
"1734";2019-07-16;-1,39
"1735";2019-07-17;-1,66
"1736";2019-07-18;-1,76
"1737";2019-07-19;-1,42
"1738";2019-07-22;-1,54
"1739";2019-07-23;-1,29
"1740";2019-07-24;-1,34999999999999
"1741";2019-07-25;-1,47
"1742";2019-07-26;-1,5
"1743";2019-07-29;-1,23
"1744";2019-07-30;-1,37
"1745";2019-07-31;-1,19
"1746";2019-08-01;-1,04
"1747";2019-08-02;-1,02
"1748";2019-08-05;-1,25
"1749";2019-08-06;-1,31
"1750";2019-08-07;-1,27
"1751";2019-08-08;-1,32
"1752";2019-08-09;-1,24
"1753";2019-08-12;-1,45
"1754";2019-08-13;-1,46
"1755";2019-08-14;-1,86
"1756";2019-08-15;-1,96
"1757";2019-08-16;-1,83
"1758";2019-08-19;-1,94
"1759";2019-08-20;-1,98999999999999
"1760";2019-08-21;-2,2
"1761";2019-08-22;-2,09
"1762";2019-08-23;-2,09
"1763";2019-08-26;-2,12
"1764";2019-08-27;-2,29000000000001
"1765";2019-08-28;-2,02
"1766";2019-08-29;-2,02
"1767";2019-08-30;-2,09
"1768";2019-09-02;-2,4
"1769";2019-09-03;-2,34
"1770";2019-09-04;-2,28
"1771";2019-09-05;-2,33
"1772";2019-09-06;-2,55
"1773";2019-09-09;-2,86
"1774";2019-09-10;-2,71
"1775";2019-09-11;-2,28
"1776";2019-09-12;-2,68
"1777";2019-09-13;-2,39
"1778";2019-09-16;-2,09
"1779";2019-09-17;-2,16
"1780";2019-09-18;-2,55
"1781";2019-09-19;-2,28
"1782";2019-09-20;-2,32
"1783";2019-09-23;-2,32
"1784";2019-09-24;-2,42
"1785";2019-09-25;-2,53
"1786";2019-09-26;-2,47000000000001
"1787";2020-06-26;-4,26
"1788";2020-06-29;-4,61
"1789";2020-06-30;-4,42
"1790";2020-07-01;-4,56
"1791";2020-07-02;-4,88
"1792";2020-07-03;-5,29
"1793";2020-07-06;-5,02
"1794";2020-07-07;-5,15
"1795";2020-07-08;-5,29
"1796";2020-07-09;-5,22
"1797";2020-07-10;-5,27
"1798";2020-07-13;-5,45
"1799";2020-07-14;-5,4
"1800";2020-07-15;-5,45
"1801";2020-07-16;-5,48
"1802";2020-07-17;-5,85
"1803";2020-07-20;-5,5
"1804";2020-07-21;-5,87
"1805";2020-07-22;-5,88
"1806";2020-07-23;-5,79
"1807";2020-07-24;-6,02
"1808";2020-07-27;-5,96
"1809";2020-07-28;-5,85
"1810";2020-07-29;-5,93
"1811";2020-07-30;-6,35
"1812";2020-07-31;-6,22
"1813";2020-08-03;-6,15
"1814";2020-08-04;-6,03
"1815";2020-08-05;-5,99
"1816";2020-08-06;-5,5
"1817";2020-08-07;-5,72
"1818";2020-08-10;-5,59999999999999
"1819";2020-08-11;-5,55
"1820";2020-08-12;-5,71
"1821";2020-08-13;-5,73
"1822";2020-08-14;-5,67
"1823";2020-08-17;-5,71
"1824";2020-08-18;-5,54
"1825";2020-08-19;-5,58
"1826";2020-08-20;-5,45
"1827";2020-08-21;-5,37
"1828";2020-08-24;-5,29000000000001
"1829";2020-08-25;-4,87
"1830";2020-08-26;-5,11
"1831";2020-08-27;-5,16
"1832";2020-08-28;-5
"1833";2020-08-31;-5,34
"1834";2020-09-01;-5,32
