"";"Date";"SpreadBQI";"SpreadBQII";"SpreadBQIII";"SpreadBQIV"
"1";2011-06-28;5,68;-5,51;-4,48;4,32
"2";2011-06-29;5,71;-5,28;-4,33;3,9
"3";2011-06-30;5,32;-5,41;-4,32;4,4
"4";2011-07-01;4,87;-5,26;-4,18;4,57
"5";2011-07-04;4,77;-5,11000000000001;-4,14;4,48
"6";2011-07-05;4,81;-5,08;-4,22;4,5
"7";2011-07-06;4,81;-4,97;-4,02;4,17
"8";2011-07-07;5,24;-5,20999999999999;-4,18;4,16
"9";2011-07-08;5,15;-5,04;-4,21;4,1
"10";2011-07-11;5,14;-5,07;-4,33;4,27
"11";2011-07-12;5,41;-5,06;-4,5;4,15
"12";2011-07-13;5,39;-5,09;-4,55;4,26
"13";2011-07-14;5,47;-5,14;-4,6;4,26
"14";2011-07-15;5,43;-5,04000000000001;-4,67;4,29
"15";2011-07-18;5,37;-5,09;-4,64;4,36
"16";2011-07-19;5,34;-5,26000000000001;-4,37;4,3
"17";2011-07-20;5,32;-5,18;-4,43;4,28
"18";2011-07-21;5,48999999999999;-5,19;-4,48;4,19
"19";2011-07-22;5,49;-5,26;-4,39;4,16
"20";2011-07-25;5,42;-5,16;-4,49;4,23
"21";2011-07-26;5,33000000000001;-5,21;-4,47;4,35
"22";2011-07-27;4,92;-4,87;-4,1;4,05
"23";2011-07-28;4,93;-4,66;-4,48;4,22
"24";2011-07-29;4,61000000000001;-4,48999999999999;-4,26;4,14
"25";2011-08-01;4,58000000000001;-4,57;-4,32;4,3
"26";2011-08-02;4,42;-4,56;-3,88;4,02
"27";2011-08-03;4,41;-4,21;-4;3,8
"28";2011-08-04;4,33;-4,12;-4,01;3,8
"29";2011-08-05;4,01;-3,96;-3,64;3,59
"30";2011-08-08;4,2;-4,12;-3,74;3,66
"31";2011-08-09;4,42;-4,15;-3,93;3,66
"32";2011-08-10;4,62;-4,34;-4,09;3,81
"33";2011-08-11;4,76;-4,41;-4,24;3,89
"34";2011-08-12;4,66;-4,59999999999999;-4,09;4,02
"35";2011-08-15;4,8;-4,64;-4,16999999999999;4
"36";2011-08-16;4,82;-4,69;-4,13;4
"37";2011-08-17;4,88;-4,87;-4,45999999999999;4,45
"38";2011-08-18;5,12;-4,72;-4,47;4,08
"39";2011-08-19;5,32;-4,93;-4,62;4,23
"40";2011-08-22;5,37;-4,76000000000001;-4,82;4,22
"41";2011-08-23;5,52;-4,88;-4,55;3,92
"42";2011-08-24;5,67;-4,89;-4,5;3,73
"43";2011-08-25;5,81999999999999;-4,88;-4,97000000000001;4,02999999999999
"44";2011-08-26;5,8;-4,82;-4,79;3,82
"45";2011-08-29;6,35999999999999;-5,08000000000001;-4,88;3,62
"46";2011-08-30;6,44;-5,31;-4,97;3,85
"47";2011-08-31;6,35;-5,13;-4,96;3,75
"48";2011-09-01;6,34;-5,2;-5,04;3,91
"49";2011-09-02;6,14;-5,19;-5,04000000000001;4,11
"50";2011-09-05;6,43000000000001;-5,11;-4,87;3,57
"51";2011-09-06;6,65;-5,19;-4,99;3,55
"52";2011-09-07;6,41;-5,28;-5,12;4,01
"53";2011-09-08;6,31999999999999;-5,34;-5,04000000000001;4,08
"54";2011-09-09;6,32;-5,24;-5,11;4,04
"55";2011-09-12;6,27;-5,22;-5,03;4
"56";2011-09-13;6,38999999999999;-5,28;-5,07;3,96
"57";2011-09-14;6,21;-5,26;-4,86;3,92
"58";2011-09-15;6,02999999999999;-4,91;-4,58;3,47
"59";2011-09-16;5,53;-4,86;-4,7;4,04
"60";2011-09-19;5,28;-4,77;-4,73;4,22
"61";2011-09-20;5,29;-4,69;-4,69;4,09999999999999
"62";2011-09-21;4,98;-4,52;-4,52;4,07
"63";2011-09-22;4,98999999999999;-4,49;-4,43000000000001;3,93
"64";2011-09-23;5,09;-4,59;-4,35;3,85
"65";2011-09-26;4,82;-4,37;-4,31;3,86
"66";2011-09-27;4,58;-4,23;-4,28;3,94
"67";2012-06-27;3,27;-4,21;-3,23;4,19
"68";2012-06-28;3,11;-4,14;-3,15;4,21
"69";2012-06-29;3,21;-4,09;-3,25;4,15
"70";2012-07-02;3,06;-4,06999999999999;-3,06999999999999;4,1
"71";2012-07-03;2,99;-4,12;-3,15;4,3
"72";2012-07-04;2,95;-4,09;-3,14;4,29
"73";2012-07-05;3,21;-4,13;-3,14;4,08000000000001
"74";2012-07-06;3,18;-4,21;-3,17;4,22
"75";2012-07-09;3,12;-4,19;-3,19;4,29
"76";2012-07-10;3,13;-4,24;-3,23;4,36
"77";2012-07-11;3,27999999999999;-4,27;-3,31;4,32
"78";2012-07-12;3,14;-4,22;-3,29;4,39
"79";2012-07-13;3,03;-4,23;-3,28;4,5
"80";2012-07-16;3,07;-4,27999999999999;-3,29;4,51000000000001
"81";2012-07-17;2,99;-4,28;-3,32;4,64
"82";2012-07-18;3,03;-4,3;-3,3;4,58000000000001
"83";2012-07-19;3,05;-4,23999999999999;-3,25;4,46
"84";2012-07-20;3,01000000000001;-4,21;-3,19;4,42
"85";2012-07-23;2,89;-4,14;-3,17;4,43
"86";2012-07-24;2,83000000000001;-4,13;-3,18;4,49
"87";2012-07-25;2,85;-4,14;-3,13;4,43
"88";2012-07-26;2,88;-4,12;-3,21;4,46
"89";2012-07-27;3,11;-4,32;-3,23;4,46
"90";2012-07-30;3,06;-4,27;-3,25;4,48
"91";2012-07-31;3,21;-4,25;-3,47;4,54
"92";2012-08-01;3,44;-4,23;-3,45;4,26
"93";2012-08-02;3,55;-4,15000000000001;-3,57;4,20999999999999
"94";2012-08-03;3,66;-4,14;-3,5;4
"95";2012-08-06;3,47;-4,13;-3,42;4,11
"96";2012-08-07;3,38;-4,14;-3,34;4,13
"97";2012-08-08;3,23;-4,22;-3,23;4,26000000000001
"98";2012-08-09;3,16;-4,19;-3,12;4,16999999999999
"99";2012-08-10;3,17;-4,19;-3,14;4,18
"100";2012-08-13;3,24;-4,16;-3,28;4,22
"101";2012-08-14;3,56;-4,19;-3,41;4,07
"102";2012-08-15;3,5;-4,15;-3,23;3,91
"103";2012-08-16;3,44;-4,15;-3,34;4,08000000000001
"104";2012-08-17;3,16999999999999;-4,07;-3,2;4,13
"105";2012-08-20;3,21;-3,98;-3,23;4,03
"106";2012-08-21;3,21;-4,06;-3,16;4,04
"107";2012-08-22;3,19;-4,05;-3,16;4,04
"108";2012-08-23;3,08;-4,11;-3,2;4,26
"109";2012-08-24;3,20999999999999;-4,08000000000001;-3,2;4,09999999999999
"110";2012-08-27;3,08;-4,16;-3,14;4,23
"111";2012-08-28;3,08;-4,12;-3,19;4,23999999999999
"112";2012-08-29;3,12;-4,18;-3,27;4,34999999999999
"113";2012-08-30;3,08;-4,2;-3,27;4,4
"114";2012-08-31;3,11;-4,25;-3,32;4,47
"115";2012-09-03;3,1;-4,23999999999999;-3,38;4,53
"116";2012-09-04;3,27;-4,28;-3,43;4,46
"117";2012-09-05;3,27;-4,28;-3,37;4,4
"118";2012-09-06;3,39;-4,22000000000001;-3,46;4,32
"119";2012-09-07;3,27;-4,19;-3,42;4,36
"120";2012-09-10;3,18;-4,1;-3,32;4,26
"121";2012-09-11;3,2;-4,06;-3,31;4,2
"122";2012-09-12;3,15000000000001;-4,06;-3,36;4,29
"123";2012-09-13;3,13;-4,13;-3,29;4,31
"124";2012-09-14;3,08;-4,1;-3,33;4,37
"125";2012-09-17;3,01;-4,03;-3,25;4,28
"126";2012-09-18;3,03;-4,19;-3,23;4,41
"127";2012-09-19;2,89;-4,15;-3,08000000000001;4,35
"128";2012-09-20;2,84;-4,11;-3,1;4,39
"129";2012-09-21;2,79;-4,14;-3,04;4,4
"130";2012-09-24;2,65;-3,96;-3,07;4,39
"131";2012-09-25;2,74;-3,98;-3,13;4,39
"132";2013-06-26;3,94;-4,06;-3,29;3,45
"133";2013-06-27;3,87;-4,22000000000001;-3,24;3,62
"134";2013-06-28;3,90000000000001;-4,08;-3,32;3,54000000000001
"135";2013-07-01;3,98;-4,11;-3,29;3,47
"136";2013-07-02;4,07;-4,15;-3,2;3,33
"137";2013-07-03;3,88;-4,07;-3,11;3,34
"138";2013-07-04;3,92;-4,09;-3,06;3,26000000000001
"139";2013-07-05;3,83;-3,94;-3,07;3,23
"140";2013-07-08;3,9;-3,99;-3,07;3,21
"141";2013-07-09;3,87;-3,99;-2,7;2,86
"142";2013-07-10;3,75;-3,93;-2,97;3,19
"143";2013-07-11;3,81;-3,91999999999999;-3;3,15000000000001
"144";2013-07-12;3,81;-3,98;-2,9;3,11
"145";2013-07-15;3,86;-3,97;-2,85;3,01
"146";2013-07-16;3,99;-4,03;-2,82;2,89
"147";2013-07-17;3,85;-4;-2,67;2,86
"148";2013-07-18;3,86000000000001;-3,88999999999999;-2,69;2,76000000000001
"149";2013-07-19;3,89;-3,89;-2,7;2,75
"150";2013-07-22;3,96;-3,93;-2,69;2,69
"151";2013-07-23;4;-3,90000000000001;-2,68;2,63
"152";2013-07-24;4,03;-3,77;-2,8;2,58
"153";2013-07-25;4,12;-3,79;-2,81;2,53
"154";2013-07-26;4,04;-3,75;-2,75;2,51
"155";2013-07-29;3,96;-3,77;-2,72;2,56
"156";2013-07-30;3,96;-3,8;-2,71;2,59
"157";2013-07-31;3,87;-3,69;-2,65;2,51
"158";2013-08-01;3,73999999999999;-3,69;-2,56;2,54
"159";2013-08-02;3,73999999999999;-3,68;-2,52;2,5
"160";2013-08-05;3,69;-3,54;-2,53;2,41
"161";2013-08-06;3,63;-3,71;-2,47;2,59
"162";2013-08-07;3,7;-3,6;-2,44;2,38
"163";2013-08-08;3,68;-3,62;-2,46;2,43
"164";2013-08-09;3,78;-3,59;-2,52999999999999;2,37
"165";2013-08-12;3,82;-3,68;-2,47;2,36
"166";2013-08-13;3,71;-3,7;-2,42;2,45
"167";2013-08-14;3,76;-3,65;-2,46;2,39
"168";2013-08-15;3,88;-3,71;-2,6;2,48
"169";2013-08-16;3,7;-3,56;-2,59999999999999;2,49
"170";2013-08-19;3,8;-3,66;-2,54;2,44
"171";2013-08-20;3,77;-3,58;-2,59999999999999;2,45
"172";2013-08-21;3,92;-3,72;-2,5;2,35
"173";2013-08-22;3,86;-3,75;-2,47;2,41
"174";2013-08-23;3,86;-3,67;-2,5;2,36
"175";2013-08-26;3,82;-3,87;-2,32;2,41
"176";2013-08-27;3,79;-3,68;-2,43;2,36
"177";2013-08-28;3,83;-3,7;-2,3;2,22
"178";2013-08-29;3,83;-3,75;-2,35;2,31
"179";2013-08-30;3,75;-3,81;-2,35;2,44
"180";2013-09-02;3,67;-3,81;-2,26;2,44
"181";2013-09-03;3,68;-3,83;-2,18;2,36
"182";2013-09-04;3,66;-3,93;-2,09;2,4
"183";2013-09-05;3,72;-4,11;-2,15;2,58
"184";2013-09-06;3,88;-4,06;-2,31;2,54
"185";2013-09-09;3,73;-4,09;-2,25;2,64
"186";2013-09-10;3,77;-4,06;-2,31;2,63
"187";2013-09-11;3,62;-4,14;-2,17;2,72
"188";2013-09-12;3,6;-4,24;-1,95;2,62
"189";2013-09-13;3,44;-4,02;-2,03;2,65
"190";2013-09-16;3,53;-4,11;-2,14;2,76
"191";2013-09-17;3,67;-4,14;-2,2;2,71
"192";2013-09-18;3,68;-4,12;-2,2;2,69
"193";2013-09-19;3,56;-4,16;-2,16;2,79
"194";2013-09-20;3,36;-4,12;-2,11;2,89
"195";2013-09-23;3,36;-4,15;-2,07;2,88
"196";2013-09-24;3,41;-4,12;-2,18;2,92
"197";2013-09-25;3,41;-4,01;-2,16999999999999;2,8
"198";2014-06-26;3,06;-3,64;-1,52;2,13
"199";2014-06-27;3,06;-3,71;-1,46;2,14
"200";2014-06-30;3,02;-3,63;-1,48;2,12
"201";2014-07-01;2,9;-3,55;-1,47000000000001;2,13999999999999
"202";2014-07-02;2,88;-3,49;-1,48;2,13
"203";2014-07-03;2,88;-3,47;-1,48;2,09
"204";2014-07-04;2,83;-3,53;-1,41;2,14
"205";2014-07-07;2,76;-3,41;-1,45;2,13
"206";2014-07-08;2,68;-3,37;-1,38;2,09
"207";2014-07-09;2,58;-3,26;-1,38;2,09
"208";2014-07-10;2,66;-3,3;-1,40000000000001;2,06
"209";2014-07-11;2,64;-3,29;-1,48;2,15
"210";2014-07-14;2,69;-3,31;-1,49;2,13
"211";2014-07-15;2,61;-3,17;-1,52;2,1
"212";2014-07-16;2,69;-3,14;-1,52;2
"213";2014-07-17;2,73;-3,15;-1,53;1,98
"214";2014-07-18;2,74;-3,21;-1,5;2
"215";2014-07-21;2,74;-3,21;-1,5;1,98
"216";2014-07-22;2,70999999999999;-3,22;-1,42;1,95999999999999
"217";2014-07-23;2,65;-3,12;-1,45;1,94
"218";2014-07-24;2,6;-3,11;-1,39;1,92
"219";2014-07-25;3,02;-3,39;-1,53;1,94
"220";2014-07-28;2,92;-3,26;-1,48999999999999;1,86
"221";2014-07-29;3,03;-3,6;-1,38;1,98
"222";2014-07-30;2,95;-3,29;-1,54;1,91
"223";2014-07-31;2,91;-3,31;-1,53;1,95999999999999
"224";2014-08-01;3,01000000000001;-3,41;-1,43;1,86
"225";2014-08-04;2,95;-3,28;-1,53;1,88
"226";2014-08-05;2,92;-3,1;-1,57;1,79
"227";2014-08-06;2,99;-3,22;-1,6;1,85
"228";2014-08-07;2,99;-3,28;-1,52;1,84
"229";2014-08-08;3,03;-3,31;-1,47;1,77
"230";2014-08-11;3,09;-3,27;-1,51;1,72
"231";2014-08-12;3,06;-3,18;-1,56;1,71
"232";2014-08-13;3,12;-3,29;-1,53;1,73
"233";2014-08-14;3,21;-3,28;-1,6;1,71
"234";2014-08-15;3,16999999999999;-3,31;-1,54000000000001;1,72
"235";2014-08-18;3,09;-3,31;-1,57;1,83
"236";2014-08-19;3,06;-3,27;-1,52;1,76
"237";2014-08-20;3,01;-3,25;-1,53;1,8
"238";2014-08-21;2,96;-3,35;-1,54;1,96
"239";2014-08-22;2,98;-3,36;-1,52;1,93
"240";2014-08-25;3,04000000000001;-3,38;-1,47;1,84
"241";2014-08-26;3,03;-3,33;-1,46;1,79
"242";2014-08-27;3,08000000000001;-3,32;-1,55;1,82
"243";2014-08-28;3,26;-3,41;-1,58;1,77
"244";2014-08-29;3,23;-3,42;-1,64;1,86
"245";2014-09-01;3,37;-3,5;-1,73;1,88
"246";2014-09-02;3,27;-3,44;-1,7;1,91
"247";2014-09-03;3,05;-3,32;-1,62;1,92
"248";2014-09-04;2,95;-3,29;-1,59;1,95
"249";2014-09-05;2,87;-3,24;-1,54;1,93
"250";2014-09-08;2,88;-3,26;-1,51;1,93
"251";2014-09-09;2,69;-3,13;-1,49;1,96
"252";2014-09-10;2,62;-3,08;-1,37;1,84
"253";2014-09-11;2,7;-3,1;-1,48;1,92
"254";2014-09-12;2,57;-3,11;-1,41999999999999;1,98
"255";2014-09-15;2,43;-3,03;-1,36;1,97
"256";2014-09-16;2,48;-2,96;-1,49;1,99
"257";2014-09-17;2,48;-2,99;-1,41999999999999;1,96
"258";2014-09-18;2,56;-3,04;-1,45;1,94
"259";2014-09-19;2,66999999999999;-3,04;-1,52;1,91
"260";2014-09-22;2,61;-2,99;-1,48;1,89
"261";2014-09-23;2,51;-2,97;-1,4;1,89
"262";2014-09-24;2,51;-2,96;-1,42;1,89
"263";2014-09-25;2,44;-2,92;-1,3;1,81
"264";2015-06-26;2,88;-2,97;-1,83;1,93
"265";2015-06-29;2,92;-2,95;-1,85;1,89
"266";2015-06-30;2,75;-2,86;-1,71;1,82
"267";2015-07-01;2,7;-2,84;-1,75;1,89
"268";2015-07-02;2,62;-2,84;-1,7;1,91
"269";2015-07-03;2,62;-2,82;-1,72;1,91
"270";2015-07-06;2,59;-2,85;-1,72;1,97
"271";2015-07-07;2,58;-2,81;-1,69;1,92
"272";2015-07-08;2,62;-2,85;-1,76;1,99
"273";2015-07-09;2,64;-2,87;-1,75;1,98
"274";2015-07-10;2,62;-2,84;-1,75;1,96
"275";2015-07-13;2,83;-2,93;-1,78;1,88
"276";2015-07-14;2,86;-2,88;-1,84;1,86
"277";2015-07-15;2,72000000000001;-2,84;-1,72;1,84
"278";2015-07-16;2,68;-2,83;-1,83;1,97000000000001
"279";2015-07-17;2,68;-2,75;-1,71;1,78
"280";2015-07-20;2,75;-2,82;-1,78;1,86
"281";2015-07-21;2,75;-2,8;-1,82;1,87
"282";2015-07-22;2,64;-2,68;-1,75;1,79
"283";2015-07-23;2,65;-2,79;-1,7;1,84
"284";2015-07-24;2,7;-2,78;-1,69;1,77
"285";2015-07-27;2,71;-2,78;-1,77;1,83
"286";2015-07-28;2,62;-2,8;-1,72;1,89
"287";2015-07-29;2,66;-2,78;-1,67;1,8
"288";2015-07-30;2,69;-2,8;-1,7;1,82
"289";2015-07-31;2,65;-2,68;-1,61;1,65
"290";2015-08-03;2,71;-2,72;-1,71;1,73
"291";2015-08-04;2,76;-2,75;-1,6;1,58
"292";2015-08-05;2,73;-2,74;-1,66;1,67
"293";2015-08-06;2,73;-2,78;-1,73;1,77
"294";2015-08-07;2,71;-2,76;-1,77;1,82
"295";2015-08-10;2,67;-2,75;-1,68;1,77
"296";2015-08-11;2,58;-2,72;-1,63;1,77
"297";2015-08-12;2,6;-2,78;-1,6;1,78
"298";2015-08-13;2,6;-2,75;-1,64;1,79
"299";2015-08-14;2,66;-2,8;-1,68;1,82
"300";2015-08-17;2,64;-2,66;-1,61;1,64
"301";2015-08-18;2,7;-2,69;-1,67;1,66
"302";2015-08-19;2,65;-2,71;-1,57;1,63
"303";2015-08-20;2,58;-2,65;-1,57;1,64
"304";2015-08-21;2,62;-2,7;-1,46;1,54
"305";2015-08-24;2,67;-2,73;-1,6;1,66
"306";2015-08-25;2,68;-2,79;-1,45;1,56
"307";2015-08-26;2,51;-2,67;-1,48;1,63
"308";2015-08-27;2,53;-2,71;-1,42;1,59
"309";2015-08-28;2,44;-2,63;-1,44;1,62
"310";2015-08-31;2,45;-2,58;-1,47;1,61
"311";2015-09-01;2,27;-2,54;-1,39;1,67
"312";2015-09-02;2,23;-2,48;-1,35;1,6
"313";2015-09-03;2,12;-2,44;-1,33;1,64
"314";2015-09-04;2,03;-2,34;-1,35;1,67
"315";2015-09-07;1,88;-2,34;-1,18;1,64
"316";2015-09-08;1,87;-2,31;-1,17;1,6
"317";2015-09-09;1,78;-2,27;-1,11;1,6
"318";2015-09-10;1,77;-2,21;-1,11;1,54
"319";2015-09-11;1,78;-2,24;-1,09;1,55
"320";2015-09-14;1,74;-2,24;-1,06;1,56
"321";2015-09-15;1,73;-2,2;-1,04;1,52
"322";2015-09-16;1,63;-2,13;-1,07;1,56
"323";2015-09-17;1,67;-2,13;-1,09;1,55
"324";2015-09-18;1,65;-2,1;-1,07;1,51
"325";2015-09-21;1,58;-2,06;-1;1,48
"326";2015-09-22;1,52;-2,03;-0,969999999999999;1,48
"327";2015-09-23;1,55;-2,02;-0,98;1,44
"328";2015-09-24;1,47;-1,96;-0,970000000000002;1,46
"329";2015-09-25;1,43;-1,91;-0,870000000000001;1,35
"330";2016-06-28;3,13;-3,42;-1,62;1,94
"331";2016-06-29;3,12;-3,21;-1,74;1,86
"332";2016-06-30;3,1;-3,17;-1,78;1,89
"333";2016-07-01;2,78;-3,22;-1,51;1,98
"334";2016-07-04;2,84;-3,14;-1,45;1,78
"335";2016-07-05;2,86;-3,15;-1,54;1,85
"336";2016-07-06;2,9;-3,2;-1,68;2,01
"337";2016-07-07;2,79;-3,1;-1,62;1,96
"338";2016-07-08;2,82;-2,92;-1,66;1,79
"339";2016-07-11;2,9;-3,04;-1,53;1,7
"340";2016-07-12;2,94;-3,1;-1,46;1,64
"341";2016-07-13;2,83;-2,8;-1,72;1,71
"342";2016-07-14;2,88;-2,86;-1,75;1,76
"343";2016-07-15;2,74;-2,8;-1,75;1,84
"344";2016-07-18;3,01;-2,98;-1,95;1,95
"345";2016-07-19;3,05;-2,96;-1,95;1,9
"346";2016-07-20;3,32;-3;-2,04;1,76
"347";2016-07-21;3,29;-2,98;-1,98;1,71
"348";2016-07-22;3,51;-3,12;-1,99;1,64
"349";2016-07-25;3,46;-2,93;-1,95;1,46
"350";2016-07-26;3,38;-3,06;-1,96;1,68
"351";2016-07-27;3,49;-3,1;-2,08;1,73
"352";2016-07-28;3,59;-2,97;-2,05;1,48
"353";2016-07-29;3,54;-2,77;-2,2;1,48
"354";2016-08-01;3,59;-2,73;-2,11;1,3
"355";2016-08-02;3,44;-2,7;-2,05;1,36
"356";2016-08-03;3,28;-2,48;-2,16;1,4
"357";2016-08-04;3,35;-2,64;-2,1;1,44
"358";2016-08-05;3,24;-2,52;-1,94;1,27
"359";2016-08-08;3,03;-2,53;-2,02;1,55
"360";2016-08-09;3,06;-2,5;-1,68;1,16
"361";2016-08-10;3,01;-2,52;-1,77;1,32
"362";2016-08-11;2,97;-2,42;-1,82;1,31
"363";2016-08-12;2,91;-2,55;-1,73;1,4
"364";2016-08-15;2,91;-2,41;-1,72;1,26
"365";2016-08-16;2,99;-2,37;-1,84;1,26
"366";2016-08-17;2,94;-2,35;-1,86;1,3
"367";2016-08-18;2,88;-2,38;-1,75;1,29
"368";2016-08-19;2,81;-2,36;-1,69;1,26
"369";2016-08-22;2,69;-2,52;-1,58;1,45
"370";2016-08-23;2,65;-2,48;-1,64;1,49
"371";2016-08-24;2,67;-2,5;-1,73;1,58
"372";2016-08-25;2,67;-2,49;-1,73;1,59
"373";2016-08-26;2,71;-2,5;-1,67;1,5
"374";2016-08-29;2,66;-2,63;-1,61;1,61
"375";2016-08-30;2,65;-2,6;-1,69;1,67
"376";2016-08-31;2,71;-2,52;-1,47;1,31
"377";2016-09-01;2,66;-2,57;-1,55;1,49
"378";2016-09-02;2,46;-2,42;-1,52;1,51
"379";2016-09-05;2,47;-2,39;-1,59;1,53
"380";2016-09-06;2,32;-2,32;-1,46;1,49
"381";2016-09-07;2,31;-2,11;-1,28;1,11
"382";2016-09-08;2,21;-2,09;-1,27;1,18
"383";2016-09-09;2,22;-2,11;-1,32;1,23
"384";2016-09-12;2,26;-2,06;-1,2;1,04
"385";2016-09-13;2,1;-1,99;-1,15;1,06
"386";2016-09-14;2,07;-2,08;-1,1;1,13
"387";2016-09-15;2,12;-2,16;-1,13;1,19
"388";2016-09-16;2,31;-2,33;-1,34;1,39
"389";2016-09-19;2,22;-2,32;-1,32;1,44
"390";2016-09-20;2,29;-2,26;-1,4;1,4
"391";2016-09-21;2,36;-2,26;-1,49;1,42
"392";2016-09-22;2,43;-2,06;-1,38;1,04
"393";2016-09-23;2,48;-2,11;-1,45;1,11
"394";2016-09-26;2,68;-2,46;-1,48;1,29
"395";2016-09-27;2,92;-2,42;-1,65;1,19
"396";2017-06-28;4,18;-3,02;-2,78;1,68
"397";2017-06-29;4,19;-3,04;-2,58;1,49
"398";2017-06-30;4,27;-3,04;-2,69;1,52
"399";2017-07-03;4,3;-3,05;-2,5;1,32
"400";2017-07-04;4,26;-3,07;-2,66;1,53
"401";2017-07-05;4,22;-3;-2,53;1,38
"402";2017-07-06;4,2;-2,97;-2,61;1,44
"403";2017-07-07;4,2;-2,99;-2,52;1,38
"404";2017-07-10;4,31;-3,07;-2,68;1,51
"405";2017-07-11;4,35;-2,97;-2,67;1,37
"406";2017-07-12;4,23;-2,97;-2,62;1,42
"407";2017-07-13;4,19;-2,95;-2,56;1,39
"408";2017-07-14;4,25;-2,93;-2,72;1,47
"409";2017-07-17;4,22;-2,86;-2,57;1,28
"410";2017-07-18;4,08;-3,11;-2,54;1,63
"411";2017-07-19;4,01;-3,17;-2,56;1,78
"412";2017-07-20;3,97;-3,11;-2,59;1,78
"413";2017-07-21;3,93;-3,15;-2,56;1,83
"414";2017-07-24;3,88;-2,96;-2,51;1,66
"415";2017-07-25;3,66;-2,93;-2,41;1,74
"416";2017-07-26;3,65;-2,91;-2,42;1,73
"417";2017-07-27;3,54;-2,79;-2,51;1,82
"418";2017-07-28;3,58;-2,81;-2,52;1,8
"419";2017-07-31;3,51;-3,08;-2,24;1,86
"420";2017-08-01;3,58;-2,9;-2,49;1,86
"421";2017-08-02;3,66;-3,02;-2,54;1,96
"422";2017-08-03;3,79;-3,04;-2,42;1,72
"423";2017-08-04;3,77;-3;-2,42;1,71
"424";2017-08-07;3,81;-2,98;-2,59;1,82
"425";2017-08-08;3,91;-3,08;-2,58;1,8
"426";2017-08-09;3,92;-3,08;-2,56;1,79
"427";2017-08-10;4,09;-3,09;-2,58;1,65
"428";2017-08-11;4,14;-3,08;-2,52;1,52
"429";2017-08-14;4,12;-3,11;-2,6;1,65
"430";2017-08-15;4,24;-3,26;-2,6;1,69
"431";2017-08-16;4,16;-3,36;-2,51;1,75
"432";2017-08-17;4,49;-3,27;-2,62;1,48
"433";2017-08-18;4,57;-3,4;-2,59;1,48
"434";2017-08-21;4,77;-3,44;-2,68;1,43
"435";2017-08-22;4,64;-3,32;-2,72;1,47
"436";2017-08-23;4,76;-3,36;-2,75;1,41999999999999
"437";2017-08-24;4,79000000000001;-3,42;-2,77;1,47000000000001
"438";2017-08-25;4,93;-3,42;-2,9;1,46
"439";2017-08-28;5;-3,47;-2,9;1,45
"440";2017-08-29;5,1;-3,37;-2,89;1,23
"441";2017-08-30;5,15;-3,31;-2,94;1,19
"442";2017-08-31;4,95;-3,27;-2,95;1,34
"443";2017-09-01;5,17;-3,46;-2,92;1,3
"444";2017-09-04;5,16;-3,36;-2,95;1,24
"445";2017-09-05;5,18;-3,36;-2,93;1,18
"446";2017-09-06;5,12;-3,44;-2,83;1,24
"447";2017-09-07;5,17;-3,37;-2,92;1,2
"448";2017-09-08;5,18;-3,27;-2,98;1,14
"449";2017-09-11;5,36;-3,4;-3,26;1,39
"450";2017-09-12;5,26;-3,41;-3,07;1,31
"451";2017-09-13;5,29;-3,44;-3,04000000000001;1,26
"452";2017-09-14;5,41;-3,53;-3,11;1,31
"453";2017-09-15;5,59;-3,32;-3,14;0,950000000000003
"454";2017-09-18;5,55;-3,4;-3,15;1,08
"455";2017-09-19;5,55;-3,59;-2,95;1,07
"456";2017-09-20;5,73;-3,46;-3,08000000000001;0,899999999999999
"457";2017-09-21;5,69;-3,4;-3,15000000000001;0,939999999999998
"458";2017-09-22;5,64;-3,37;-3,09;0,920000000000002
"459";2017-09-25;5,45;-3,28;-2,90000000000001;0,799999999999997
"460";2017-09-26;5,15000000000001;-3,33;-2,9;1,16
"461";2017-09-27;4,83;-3,29;-2,78;1,32
"462";2018-06-28;5,58;-4,47;-3,27;2,22
"463";2018-06-29;5,49;-4,38;-3,31;2,27
"464";2018-07-02;5,38;-4,46;-3,26;2,41
"465";2018-07-03;5,34;-4,52;-3,2;2,46
"466";2018-07-04;5,31;-4,48;-3,27;2,52
"467";2018-07-05;5,39;-4,57;-3,34;2,58000000000001
"468";2018-07-06;5,42;-4,52;-3,32;2,49
"469";2018-07-09;5,61;-4,66;-3,38;2,51
"470";2018-07-10;5,6;-4,73999999999999;-3,19;2,41
"471";2018-07-11;5,55;-4,84;-3,31;2,67
"472";2018-07-12;5,49;-4,93;-3,31;2,83000000000001
"473";2018-07-13;5,44;-4,86;-3,26;2,76000000000001
"474";2018-07-16;5,53;-5,09;-3,1;2,73
"475";2018-07-17;5,49;-5,01;-3,21;2,78
"476";2018-07-18;5,52;-5,23;-3,14;2,92
"477";2018-07-19;5,51;-5,24;-3,11;2,91
"478";2018-07-20;5,66999999999999;-5,35;-3,03;2,79
"479";2018-07-23;5,44;-5,41;-3,08;3,11
"480";2018-07-24;5,44;-5,14;-3,17;2,94
"481";2018-07-25;5,62;-5,23;-3;2,69
"482";2018-07-26;5,38;-5,08;-3,11;2,89
"483";2018-07-27;5,08;-5,09;-2,86;2,93
"484";2018-07-30;5,02;-4,66;-3,04;2,73
"485";2018-07-31;5,01;-4,54;-3,04;2,64
"486";2018-08-01;4,84999999999999;-4,33000000000001;-3,22000000000001;2,75
"487";2018-08-02;4,96;-4,33;-3,27;2,71
"488";2018-08-03;4,94;-4,24;-3,31;2,67
"489";2018-08-06;4,96;-4,43;-3,21;2,74
"490";2018-08-07;5,05;-4,52;-3,28;2,8
"491";2018-08-08;5;-4,3;-3,37;2,72
"492";2018-08-09;5,08;-4,39;-3,33;2,71
"493";2018-08-10;5,1;-4,22;-3,41;2,6
"494";2018-08-13;5,21;-4,2;-3,59;2,65
"495";2018-08-14;5,32;-4,4;-3,5;2,66
"496";2018-08-15;5,34;-4,29;-3,55;2,58000000000001
"497";2018-08-16;5,52;-4,3;-3,71;2,57
"498";2018-08-17;5,82;-4,45;-3,71;2,43
"499";2018-08-20;5,82;-4,47;-3,7;2,43
"500";2018-08-21;6,09999999999999;-4,47000000000001;-3,77;2,20999999999999
"501";2018-08-22;6,16;-4,58000000000001;-3,8;2,31
"502";2018-08-23;6,15;-4,56;-3,8;2,29
"503";2018-08-24;6,2;-4,45;-3,87;2,20999999999999
"504";2018-08-27;6,38;-4,69;-3,97;2,36
"505";2018-08-28;6,49;-4,55;-3,86;2,03
"506";2018-08-29;6,57;-4,65;-3,82;2,01000000000001
"507";2018-08-30;7,09;-4,76;-4,08;1,85
"508";2018-08-31;7,20999999999999;-4,76000000000001;-4,14;1,8
"509";2018-09-03;6,81;-4,72;-3,89;1,90000000000001
"510";2018-09-04;6,86;-4,84;-3,84;1,92
"511";2018-09-05;6,84;-4,81;-4,06;2,12
"512";2018-09-06;7,2;-4,98;-4,15000000000001;2,02999999999999
"513";2018-09-07;7,46;-4,86;-4,21;1,72
"514";2018-09-10;7,15;-5,01;-3,83;1,8
"515";2018-09-11;6,6;-4,9;-3,73;2,12
"516";2018-09-12;6,24;-4,86;-3,79;2,51
"517";2018-09-13;6,43;-4,87;-3,85;2,37
"518";2018-09-14;6,72;-4,78;-4,03;2,19
"519";2018-09-17;6,56;-5,04;-4,1;2,67
"520";2018-09-18;6,78;-5,16;-4,17;2,65
"521";2018-09-19;7;-5,16;-4,38;2,64
"522";2018-09-20;7,2;-5,23;-4,3;2,44
"523";2018-09-21;7,59;-5;-5,1;2,63
"524";2018-09-24;8,27;-5,67;-4,84;2,37
"525";2018-09-25;8,05;-5,45;-4,82;2,34
"526";2018-09-26;7,35;-5,09;-4,75;2,6
"527";2019-06-27;2,7;-4,19;-2,12;3,59
"528";2019-06-28;2,63;-4,27;-2,16;3,79000000000001
"529";2019-07-01;2,59;-4,2;-2,17;3,76
"530";2019-07-02;2,55;-4,02;-2,12;3,56
"531";2019-07-03;2,39;-4,08;-2,1;3,76
"532";2019-07-04;2,53;-3,94;-2,24;3,62
"533";2019-07-05;2,3;-3,8;-2,23;3,72
"534";2019-07-08;2,64;-4,07;-2,36;3,76
"535";2019-07-09;2,82;-4,09;-2,32;3,57
"536";2019-07-10;2,73;-4,18;-2,24;3,66
"537";2019-07-11;2,51;-4,19;-2,1;3,77
"538";2019-07-12;2,73999999999999;-4,16;-2,17;3,57
"539";2019-07-15;2,81;-4,44;-2,09;3,71
"540";2019-07-16;2,61;-4,16;-2,22;3,75
"541";2019-07-17;2,57;-4,19;-2,47;4,07
"542";2019-07-18;2,52;-3,94;-2,47;3,86
"543";2019-07-19;2,5;-4,01;-2,38;3,87
"544";2019-07-22;2,68;-4,11;-2,41;3,82
"545";2019-07-23;2,6;-4,08;-2,36;3,83000000000001
"546";2019-07-24;2,54;-4,08;-2,3;3,82
"547";2019-07-25;2,46;-4,21;-2,3;4,02
"548";2019-07-26;2,25;-4,13;-2,19;4,06
"549";2019-07-29;1,98;-4,25;-2,02;4,26
"550";2019-07-30;2,01;-4,07;-2,08;4,12
"551";2019-07-31;2,06;-4,1;-1,99;3,99
"552";2019-08-01;1,89;-4,07;-1,96;4,11
"553";2019-08-02;1,99;-4,11;-1,97;4,06
"554";2019-08-05;1,91;-4,14;-1,89;4,1
"555";2019-08-06;1,89;-4,1;-1,96;4,15
"556";2019-08-07;1,91;-4,35;-1,83;4,24
"557";2019-08-08;1,91;-4,43;-1,93;4,42
"558";2019-08-09;1,94;-4,23;-1,85;4,12
"559";2019-08-12;1,87;-4,07;-1,88;4,05
"560";2019-08-13;1,91;-4,05;-1,99;4,1
"561";2019-08-14;2,06;-3,89;-2,18;3,98
"562";2019-08-15;2;-3,94;-2,12;4,03
"563";2019-08-16;1,87;-3,83;-2,12;4,07
"564";2019-08-19;1,63;-3,83;-2,12;4,3
"565";2019-08-20;1,47;-3,81;-1,98999999999999;4,31
"566";2019-08-21;1,42;-3,57;-2,16999999999999;4,29
"567";2019-08-22;1,41999999999999;-3,66;-2,01000000000001;4,22
"568";2019-08-23;1,43;-3,68;-2,03;4,26
"569";2019-08-26;1,31999999999999;-3,62;-1,99;4,26
"570";2019-08-27;1,39;-3,82;-1,92;4,31
"571";2019-08-28;1,24;-3,93;-1,86;4,51
"572";2019-08-29;1,26;-4,09;-1,8;4,59
"573";2019-08-30;1,48;-4,05;-1,98;4,52
"574";2019-09-02;1,09;-3,73;-1,87;4,48
"575";2019-09-03;0,910000000000004;-3,66;-1,82;4,54000000000001
"576";2019-09-04;0,479999999999997;-3,62;-1,74;4,83
"577";2019-09-05;0,420000000000002;-3,51;-1,71;4,76
"578";2019-09-06;0,57;-3,79;-1,7;4,88
"579";2019-09-09;1,05;-3,76;-1,95;4,63
"580";2019-09-10;2,39;-4,15;-2,48;4,22000000000001
"581";2019-09-11;2,51;-4,39;-2,35;4,22
"582";2019-09-12;2,47;-3,79;-2,5;3,81
"583";2019-09-13;2,6;-4,07;-2,54;4
"584";2019-09-16;2,46;-4,06;-2,48;4,07
"585";2019-09-17;2,27;-3,89;-2,37;3,98
"586";2019-09-18;1,8;-3,82;-2,4;4,38
"587";2019-09-19;1,96;-3,87;-2,37;4,26000000000001
"588";2019-09-20;1,91;-3,96;-2,29;4,32
"589";2019-09-23;2,07;-3,88;-2,31;4,09
"590";2019-09-24;2,16;-3,86;-2,42;4,09
"591";2019-09-25;2,29;-3,93;-2,34;3,96
"592";2019-09-26;2,31;-4,03;-2,42;4,12
"593";2020-06-26;0,880000000000003;-3,92;-1,46;4,46
"594";2020-06-29;0,840000000000003;-3,86;-1,58;4,57
"595";2020-06-30;1;-3,87;-1,71;4,55
"596";2020-07-01;1,22;-4,02;-1,65;4,44
"597";2020-07-02;1,04;-4;-1,76000000000001;4,68
"598";2020-07-03;1,2;-4,03;-1,8;4,6
"599";2020-07-06;1,29;-3,98999999999999;-1,71;4,39
"600";2020-07-07;1,32;-4,16;-1,83;4,64
"601";2020-07-08;1,27;-4,05;-1,81;4,58
"602";2020-07-09;1,4;-4;-1,75;4,34
"603";2020-07-10;1,23999999999999;-3,95;-1,71;4,4
"604";2020-07-13;1,32;-3,93;-1,90000000000001;4,48999999999999
"605";2020-07-14;1,32;-3,95;-1,83;4,44
"606";2020-07-15;1,39;-3,94;-1,8;4,33000000000001
"607";2020-07-16;1,47;-4,12;-1,96;4,61
"608";2020-07-17;1,54;-3,99;-2,11000000000001;4,55
"609";2020-07-20;1,17;-3,86;-1,7;4,36
"610";2020-07-21;1,16;-3,7;-2,04000000000001;4,56
"611";2020-07-22;1,09;-3,78;-2,02;4,7
"612";2020-07-23;1,21;-3,69;-2,03;4,48
"613";2020-07-24;1,17;-3,84;-2,09;4,73
"614";2020-07-27;1,16;-3,83000000000001;-1,91;4,57
"615";2020-07-28;0,980000000000004;-3,69;-1,83;4,53
"616";2020-07-29;1,16;-3,69;-1,97000000000001;4,48999999999999
"617";2020-07-30;1,34;-3,59;-2,15;4,38
"618";2020-07-31;1,6;-3,67;-2,17;4,22
"619";2020-08-03;1,48999999999999;-3,7;-2,14;4,33
"620";2020-08-04;1,72;-3,92;-2,12;4,32
"621";2020-08-05;1,63;-3,82;-2,13;4,31
"622";2020-08-06;1,52;-3,94;-1,89;4,31
"623";2020-08-07;1,44;-3,95;-1,97;4,46
"624";2020-08-10;1,24;-3,85;-1,91;4,5
"625";2020-08-11;1,02;-3,81;-1,82;4,58
"626";2020-08-12;1,04;-3,65;-1,87;4,45
"627";2020-08-13;1,03;-3,71;-1,93;4,58
"628";2020-08-14;1,14;-3,66;-1,81;4,31
"629";2020-08-17;1,21;-3,88;-1,96;4,62
"630";2020-08-18;1,18;-3,92;-1,98;4,7
"631";2020-08-19;1,17;-3,81;-2;4,61
"632";2020-08-20;1,18;-3,71;-1,85;4,36
"633";2020-08-21;1,08;-3,82;-1,64;4,34999999999999
"634";2020-08-24;1,09999999999999;-3,78;-1,65000000000001;4,3
"635";2020-08-25;1,16;-4,03;-1,45;4,3
"636";2020-08-26;1,53;-3,82;-1,7;3,97
"637";2020-08-27;1,4;-3,78;-1,68;4,05
"638";2020-08-28;2,04;-3,88;-1,72;3,56
"639";2020-08-31;1,97;-3,96;-1,69;3,68
"640";2020-09-01;1,98;-3,88;-1,77;3,66
"641";2011-03-29;5,28;-4,69;-3,90000000000001;3,32
"642";2011-03-30;5,26;-4,75;-3,89;3,39
"643";2011-03-31;5,04;-4,99;-3,76000000000001;3,7
"644";2011-04-01;4,91;-4,83;-3,8;3,72000000000001
"645";2011-04-04;5,11000000000001;-5,13;-4,05;4,07
"646";2011-04-05;4,96;-4,98999999999999;-3,9;3,92000000000001
"647";2011-04-06;4,96000000000001;-5,04;-3,82;3,90000000000001
"648";2011-04-07;5,36000000000001;-5,2;-3,96;3,82
"649";2011-04-08;5,31;-5,15;-3,95;3,8
"650";2011-04-11;5,48;-5,17;-4,14;3,83
"651";2011-04-12;5,62;-5,14;-4,3;3,82
"652";2011-04-13;5,7;-5,17;-4,13;3,61
"653";2011-04-14;5,5;-5,2;-4,11;3,8
"654";2011-04-15;5,4;-5,16;-4,1;3,86
"655";2011-04-18;5,37;-5,04;-4,15;3,83
"656";2011-04-19;5,33;-5,01;-4,1;3,79
"657";2011-04-20;5,40000000000001;-5,33;-4,05;3,99
"658";2011-04-21;5,46;-5,38;-4;3,92
"659";2011-04-26;5,61;-5,19;-4,24;3,83
"660";2011-04-27;5,51000000000001;-5,22;-4,15;3,86
"661";2011-04-28;5,33;-5,2;-3,97;3,84
"662";2011-04-29;5,10000000000001;-5,05;-4,27999999999999;4,23
"663";2011-05-02;5,62;-5,11;-4,28;3,78
"664";2011-05-03;5,74;-5,13;-4,24;3,64
"665";2011-05-04;5,56;-5,15;-4,08;3,68
"666";2011-05-05;5,64;-5,29;-4,17;3,82
"667";2011-05-06;5,92;-5,23;-4,3;3,62
"668";2011-05-09;5,74;-5,24;-4,23;3,73999999999999
"669";2011-05-10;5,55;-5,13;-4,28;3,87
"670";2011-05-11;5,61;-5,15000000000001;-4,11000000000001;3,66
"671";2011-05-12;5,82;-5,3;-4,28;3,75
"672";2011-05-13;5,7;-5,28;-4,11;3,69
"673";2011-05-16;5,76;-5,28;-4,12;3,66
"674";2011-05-17;5,87;-5,31;-4,16;3,6
"675";2011-05-18;5,63;-5,32;-4;3,7
"676";2011-05-19;5,73;-5,45999999999999;-3,91999999999999;3,65000000000001
"677";2011-05-20;5,56;-5,37;-3,93;3,73
"678";2011-05-23;5,7;-5,29;-4;3,59
"679";2011-05-24;5,68;-5,33;-4,01;3,67
"680";2011-05-25;5,6;-5,22;-4,09;3,72
"681";2011-05-26;5,38;-5,23;-3,98;3,83000000000001
"682";2011-05-27;5,48;-5,22;-4,07;3,81
"683";2011-05-30;5,23;-5,06;-3,85;3,68000000000001
"684";2011-05-31;5,21;-5,21;-3,99;3,99999999999999
"685";2011-06-01;5,25;-5,19;-4,06;3,99
"686";2011-06-02;5,25;-5,19;-4,06;3,99
"687";2011-06-03;5,60999999999999;-5,42;-4,29;4,11
"688";2011-06-06;5,24999999999999;-5,27;-4,02;4,04
"689";2011-06-07;5,4;-5,19;-4,02999999999999;3,82
"690";2011-06-08;5,29000000000001;-5,23;-4,05;3,99
"691";2011-06-09;5,42;-5,24;-4,05;3,88
"692";2011-06-10;5,33;-5,2;-4,12;3,99
"693";2011-06-14;5,35000000000001;-5,23;-4,15;4,03
"694";2011-06-15;5,41999999999999;-5,35;-4,2;4,12
"695";2011-06-16;5,57000000000001;-5,44;-4,29;4,16
"696";2011-06-17;5,64999999999999;-5,45;-4,38;4,16999999999999
"697";2011-06-20;5,77;-5,45;-4,47;4,15
"698";2011-06-21;5,89;-5,48;-4,53;4,14
"699";2011-06-22;5,73;-5,48;-4,5;4,26
"700";2011-06-23;5,82;-5,38;-4,04;3,62
"701";2011-06-24;6,01;-5,47000000000001;-4,46;3,93
"702";2011-06-27;6,29;-5,44;-4,61;3,77
"703";2012-03-28;4,64;-5,14;-4,01;4,56
"704";2012-03-29;4,66;-4,98;-4,36;4,73
"705";2012-03-30;4,58000000000001;-5,52;-4,33;5,32
"706";2012-04-02;4,86;-5,52;-4,59;5,3
"707";2012-04-03;4,87;-5,38;-4,5;5,05
"708";2012-04-04;4,7;-5,55;-4,33;5,22000000000001
"709";2012-04-05;4,53;-5,49;-4,5;5,5
"710";2012-04-10;4,48;-5,34;-4,41;5,31
"711";2012-04-11;4,36;-5,31;-4,18;5,18
"712";2012-04-12;4,39;-5,41;-4,34999999999999;5,40000000000001
"713";2012-04-13;4,14;-5,33;-4,16;5,38
"714";2012-04-16;4,43;-5,54;-4,35;5,51
"715";2012-04-17;4,42;-5,3;-3,92;4,83
"716";2012-04-18;4,48999999999999;-5,48;-4,31;5,34
"717";2012-04-19;4,63999999999999;-5,41;-4,29000000000001;5,11
"718";2012-04-20;4,56;-5,42;-4,25;5,15
"719";2012-04-23;4,51;-5,33;-4,22;5,08
"720";2012-04-24;4,71;-5,49;-4,26;5,09
"721";2012-04-25;4,46;-5,05;-4,32;4,95
"722";2012-04-26;4,66;-5,32;-4,4;5,1
"723";2012-04-27;4,59;-5,27;-4,14;4,86
"724";2012-04-30;4,47;-5,3;-4,32;5,18
"725";2012-05-02;4,33;-5,1;-4,17;4,98
"726";2012-05-03;4,36;-5;-4,23999999999999;4,93
"727";2012-05-04;4,23999999999999;-4,95;-4,15000000000001;4,9
"728";2012-05-07;4,43;-4,68;-4,45999999999999;4,75
"729";2012-05-08;4;-4,94;-4,15;5,12
"730";2012-05-09;3,96;-4,88;-4,39;5,34
"731";2012-05-10;3,87;-4,82;-4,26;5,24
"732";2012-05-11;3,93;-4,45;-4,47;5,03
"733";2012-05-14;3,86;-4,51000000000001;-4,36;5,06
"734";2012-05-15;3,72;-4,56;-4,12;4,98999999999999
"735";2012-05-16;3,5;-4,56;-3,85;4,93
"736";2012-05-17;3,5;-4,56;-3,85;4,93
"737";2012-05-18;3,18;-4,39;-4,03;5,26
"738";2012-05-21;3,23;-4,5;-3,87;5,15
"739";2012-05-22;3,3;-4,38;-4,09;5,19
"740";2012-05-23;3,3;-4,38;-3,77999999999999;4,88
"741";2012-05-24;3,14;-4,15;-3,72;4,75
"742";2012-05-25;3,01;-4,22000000000001;-3,44;4,66999999999999
"743";2012-05-28;3,01;-4,22000000000001;-3,44;4,66999999999999
"744";2012-05-29;2,99;-4,27;-3,85;5,15
"745";2012-05-30;3,02;-4,15;-3,45;4,6
"746";2012-05-31;3,17;-4,31;-3,47;4,64
"747";2012-06-01;3,13;-4,23;-3,34999999999999;4,47000000000001
"748";2012-06-04;3,14;-4,36;-3,34;4,58
"749";2012-06-05;3,11;-4,25;-3,38;4,54
"750";2012-06-06;3,13;-4,27;-3,37;4,52
"751";2012-06-07;3,29;-4,46;-3,31;4,51
"752";2012-06-08;3,26;-4,39;-3,39;4,54
"753";2012-06-11;3,18;-4,33000000000001;-3,17;4,33
"754";2012-06-12;3,12;-4,29;-3,18;4,37
"755";2012-06-13;3,17;-4,28;-3,24;4,38
"756";2012-06-14;3,04;-4,27;-3,12;4,37
"757";2012-06-15;2,87;-4,22;-3,01;4,38
"758";2012-06-18;2,7;-4,08;-2,94;4,34
"759";2012-06-19;2,94;-4,12;-3,3;4,48999999999999
"760";2012-06-20;2,90000000000001;-4,16999999999999;-3,26;4,54
"761";2012-06-21;2,99;-4,22;-3,23;4,47
"762";2012-06-22;3,24;-4,27;-3,13;4,19
"763";2012-06-25;3,14;-4,18;-3,07;4,13
"764";2012-06-26;3,25;-4,20999999999999;-3,12;4,09
"765";2013-03-26;2,68;-3,37;-2,34;3,05
"766";2013-03-27;2,84999999999999;-3,35;-2,40000000000001;2,93
"767";2013-03-28;2,92;-3,35;-2,41;2,87
"768";2013-04-02;2,95;-3,59;-2,47;3,14
"769";2013-04-03;2,76;-3,69;-2,18;3,13
"770";2013-04-04;2,84;-3,66;-2,41999999999999;3,27
"771";2013-04-05;3;-3,6;-2,4;3,02
"772";2013-04-08;2,97;-3,59;-2,33;2,97
"773";2013-04-09;2,87;-3,58;-2,46;3,19
"774";2013-04-10;3,01;-3,54;-2,4;2,96
"775";2013-04-11;2,97;-3,52;-2,48;3,05
"776";2013-04-12;3,12;-3,54;-2,51000000000001;2,96
"777";2013-04-15;3,11;-3,51;-2,7;3,13
"778";2013-04-16;3,6;-3,31;-2,87;2,62
"779";2013-04-17;3,48;-3,38;-2,75;2,69
"780";2013-04-18;3,44;-3,3;-2,87;2,76
"781";2013-04-19;3,20999999999999;-3,37;-2,53;2,72
"782";2013-04-22;3,43;-3,38;-2,91999999999999;2,91
"783";2013-04-23;3,29;-3,53;-2,86;3,13
"784";2013-04-24;3,32;-3,43;-2,83;2,96
"785";2013-04-25;3,45;-3,57;-2,74;2,9
"786";2013-04-26;3,47;-3,67;-2,7;2,93
"787";2013-04-29;3,46;-3,81;-2,72;3,09
"788";2013-04-30;3,44;-3,72000000000001;-2,90000000000001;3,20999999999999
"789";2013-05-02;3,58;-3,83;-3,03;3,32
"790";2013-05-03;3,73;-3,85;-3,25;3,41
"791";2013-05-06;3,76;-3,89;-3,28;3,45
"792";2013-05-07;3,7;-3,98;-3,05;3,37
"793";2013-05-08;3,58;-3,89;-3,06;3,4
"794";2013-05-09;3,58;-3,89;-3,06;3,4
"795";2013-05-10;3,49;-3,93;-2,99;3,46
"796";2013-05-13;3,55;-3,92;-3,03;3,41999999999999
"797";2013-05-14;3,62;-3,83000000000001;-3,16;3,41
"798";2013-05-15;3,47;-3,89;-2,98;3,43
"799";2013-05-16;3,55;-3,85;-3,09;3,43
"800";2013-05-17;3,57;-3,93;-3,01;3,41
"801";2013-05-20;3,57;-3,93;-3,01;3,41
"802";2013-05-21;3,45;-3,90000000000001;-2,92;3,41
"803";2013-05-22;3,47;-3,9;-2,87;3,33
"804";2013-05-23;3,59;-3,84999999999999;-3,05;3,36
"805";2013-05-24;3,49;-4;-2,95999999999999;3,5
"806";2013-05-27;3,41;-3,91999999999999;-2,84999999999999;3,39
"807";2013-05-28;3,5;-3,88;-2,89;3,3
"808";2013-05-29;3,48;-3,89;-2,9;3,34
"809";2013-05-30;3,52;-3,90000000000001;-2,96;3,37
"810";2013-05-31;3,51;-3,84;-2,94;3,3
"811";2013-06-03;3,55;-3,9;-2,96;3,34
"812";2013-06-04;3,62;-3,84;-3,02;3,28
"813";2013-06-05;3,55;-3,91;-3,02999999999999;3,42
"814";2013-06-06;3,65000000000001;-3,87;-3,08;3,35
"815";2013-06-07;3,6;-3,99;-3,09;3,5
"816";2013-06-10;3,66;-3,99;-3,07;3,43
"817";2013-06-11;3,84;-4,09999999999999;-3,2;3,5
"818";2013-06-12;3,75;-4,05;-3,23;3,56
"819";2013-06-13;3,82;-4,05;-3,28;3,54
"820";2013-06-14;3,77999999999999;-4,13;-3,23;3,59999999999999
"821";2013-06-17;4;-4,31;-3,36;3,7
"822";2013-06-18;3,91;-4,29000000000001;-3,3;3,72
"823";2013-06-19;3,94;-4,32;-3,28;3,7
"824";2013-06-20;3,94;-4,36;-3,37;3,82
"825";2013-06-21;3,97;-4,3;-3,28;3,66
"826";2013-06-24;3,86000000000001;-4,2;-3,34999999999999;3,73
"827";2013-06-25;3,88;-4,31;-3,22;3,7
"828";2014-03-27;3,36;-3,99;-1,79;2,46
"829";2014-03-28;3,22;-3,83;-1,71;2,36
"830";2014-03-31;3,3;-3,95;-1,75;2,43
"831";2014-04-01;3,25;-4,04;-1,67;2,49
"832";2014-04-02;3,05;-3,87;-1,34;2,18
"833";2014-04-03;3,09999999999999;-3,91;-1,38;2,22
"834";2014-04-04;3,07;-3,72;-1,39;2,07
"835";2014-04-07;3,3;-3,85;-1,63;2,21
"836";2014-04-08;3,25;-3,9;-1,65;2,33
"837";2014-04-09;3,31;-3,85;-1,68;2,25
"838";2014-04-10;3,24;-3,86;-1,73999999999999;2,39
"839";2014-04-11;3,14;-3,92;-1,4;2,2
"840";2014-04-14;3,27;-3,62;-1,84;2,23
"841";2014-04-15;3,06;-3,68;-1,66999999999999;2,32
"842";2014-04-16;3,12;-3,56;-1,83;2,29
"843";2014-04-17;3,21;-3,65;-1,83;2,3
"844";2014-04-22;3,20999999999999;-3,71;-1,78;2,31
"845";2014-04-23;3,13;-3,7;-1,69;2,28
"846";2014-04-24;3,15000000000001;-3,73;-1,64;2,26000000000001
"847";2014-04-25;3,25;-3,78;-1,7;2,26000000000001
"848";2014-04-28;3,41;-3,79;-1,76;2,17
"849";2014-04-29;3,36000000000001;-3,84;-1,65;2,16
"850";2014-04-30;3,44;-3,93;-1,72;2,24
"851";2014-05-02;3,31;-4;-1,62;2,34
"852";2014-05-05;3,28;-3,99;-1,66999999999999;2,41
"853";2014-05-06;3,31;-3,99;-1,67;2,38
"854";2014-05-07;3,26000000000001;-3,84;-1,63;2,24
"855";2014-05-08;3,24;-3,82;-1,7;2,31
"856";2014-05-09;3,22;-3,89;-1,54;2,24
"857";2014-05-12;3,16;-3,82;-1,57;2,27
"858";2014-05-13;3,16;-3,86;-1,47;2,2
"859";2014-05-14;3,18;-3,75;-1,61;2,21
"860";2014-05-15;3,22;-3,7;-1,65;2,16
"861";2014-05-16;3,26;-3,81;-1,65;2,23
"862";2014-05-19;3,3;-3,8;-1,64;2,16999999999999
"863";2014-05-20;3,34;-3,84;-1,56;2,09999999999999
"864";2014-05-21;3,29;-3,84;-1,59;2,17
"865";2014-05-22;3,25;-3,94;-1,54;2,26000000000001
"866";2014-05-23;3,25;-3,84;-1,53;2,14
"867";2014-05-26;3,28;-3,86;-1,57;2,18
"868";2014-05-27;3,25;-3,92;-1,52;2,22
"869";2014-05-28;3,23;-3,95;-1,45;2,19
"870";2014-05-29;3,34;-3,95;-1,42;2,06
"871";2014-05-30;3,17;-4,01;-1,46;2,33
"872";2014-06-02;3,18;-3,95;-1,56;2,36
"873";2014-06-03;3,2;-3,95;-1,52;2,29
"874";2014-06-04;3,2;-3,96;-1,49;2,27
"875";2014-06-05;3,21;-3,99;-1,51;2,32
"876";2014-06-06;3,13;-3,92;-1,47;2,28
"877";2014-06-09;3,16;-3,89;-1,48;2,23
"878";2014-06-10;3,15;-3,85;-1,43;2,17
"879";2014-06-11;3,01;-3,85;-1,40000000000001;2,25
"880";2014-06-12;3,05;-3,86;-1,42;2,26
"881";2014-06-13;3,05;-3,8;-1,4;2,16
"882";2014-06-16;3,12;-3,85;-1,48;2,23
"883";2014-06-17;3,16;-3,76000000000001;-1,54000000000001;2,16999999999999
"884";2014-06-18;3,14;-3,82;-1,52;2,23
"885";2014-06-19;3,17;-3,81;-1,54;2,2
"886";2014-06-20;3,16;-3,81;-1,46;2,14
"887";2014-06-23;3,17;-3,8;-1,48;2,14
"888";2014-06-24;3,05;-3,65;-1,49;2,13
"889";2014-06-25;3,08;-3,67;-1,51;2,12
"890";2015-03-27;2,94;-2,96;-1,63;1,64
"891";2015-03-30;2,96;-2,97;-1,64;1,65
"892";2015-03-31;2,98;-2,94;-1,72;1,68
"893";2015-04-01;2,99;-2,83;-1,84;1,67
"894";2015-04-02;2,97;-2,95;-1,71;1,69
"895";2015-04-07;2,93;-2,83;-1,75;1,65
"896";2015-04-08;3;-2,89;-1,74;1,63
"897";2015-04-09;2,96;-2,82;-1,78;1,63
"898";2015-04-10;2,96;-2,8;-1,81;1,66
"899";2015-04-13;2,97;-2,81;-1,76;1,59
"900";2015-04-14;2,99;-2,86;-1,78;1,65
"901";2015-04-15;2,99;-2,89;-1,78;1,68
"902";2015-04-16;2,99;-2,87;-1,82;1,71
"903";2015-04-17;3;-2,85;-1,86;1,72
"904";2015-04-20;2,91;-2,84;-1,76;1,69
"905";2015-04-21;2,87;-2,81;-1,73;1,68
"906";2015-04-22;2,98;-2,86;-1,75;1,64
"907";2015-04-23;2,91;-2,83;-1,77;1,68
"908";2015-04-24;3,02;-2,89;-1,78;1,65
"909";2015-04-27;2,89;-2,85;-1,76;1,72
"910";2015-04-28;2,98;-2,87;-1,85;1,75
"911";2015-04-29;2,91;-2,88;-1,83;1,8
"912";2015-04-30;2,98999999999999;-2,92;-1,93;1,87
"913";2015-05-04;2,92;-2,93;-1,86;1,87
"914";2015-05-05;2,88;-2,99;-1,75;1,86
"915";2015-05-06;2,94;-2,88;-1,96;1,9
"916";2015-05-07;2,85;-2,95;-1,83;1,93
"917";2015-05-08;2,8;-2,84;-1,83;1,87
"918";2015-05-11;2,83;-2,87;-1,83;1,87
"919";2015-05-12;2,84;-2,92;-1,85;1,93
"920";2015-05-13;2,93;-2,91;-1,88;1,86
"921";2015-05-14;3;-2,91;-1,91;1,83
"922";2015-05-15;2,96;-2,9;-1,9;1,84
"923";2015-05-18;2,93;-2,88;-1,91;1,86
"924";2015-05-19;2,92;-2,88;-1,86;1,82
"925";2015-05-20;2,86;-2,93;-1,81;1,87
"926";2015-05-21;2,8;-2,89;-1,89;1,98
"927";2015-05-22;2,83;-2,93;-1,84;1,94
"928";2015-05-26;2,85;-2,92;-1,88;1,96
"929";2015-05-27;2,82;-2,93;-1,84;1,95
"930";2015-05-28;2,8;-2,96;-1,89;2,06
"931";2015-05-29;2,85;-2,98;-1,97;2,1
"932";2015-06-01;2,9;-3,04;-1,92;2,06
"933";2015-06-02;2,88;-3,01;-1,93;2,05
"934";2015-06-03;2,9;-3,02;-1,97;2,08
"935";2015-06-04;2,9;-3,07;-2,01;2,17
"936";2015-06-05;2,88;-3,06;-1,97;2,15
"937";2015-06-08;2,87;-2,98;-1,97;2,08
"938";2015-06-09;2,86;-2,97;-1,96;2,08
"939";2015-06-10;2,78;-2,94;-1,94;2,1
"940";2015-06-11;2,84;-2,97;-1,91;2,04
"941";2015-06-12;2,83;-2,95;-1,91;2,03
"942";2015-06-15;2,82;-2,94;-1,91;2,02
"943";2015-06-16;2,7;-2,91;-1,88;2,08
"944";2015-06-17;2,68;-2,9;-1,8;2,01
"945";2015-06-18;2,7;-2,84;-1,78;1,93
"946";2015-06-19;2,76;-2,91;-1,85;2
"947";2015-06-22;2,85;-2,95;-1,87;1,98
"948";2015-06-23;2,84;-2,84;-1,95;1,96
"949";2015-06-24;2,85;-2,9;-1,89;1,94
"950";2015-06-25;2,95;-2,92;-1,92;1,89
"951";2016-03-29;1,77;-1,56;-1,23;1,04
"952";2016-03-30;1,7;-1,41;-1,31;1,04
"953";2016-03-31;1,79;-1,42;-1,39;1,05
"954";2016-04-01;1,71;-1,51;-1,09;0,91
"955";2016-04-04;1,82;-1,54;-1,3;1,05
"956";2016-04-05;1,93;-1,62;-1,23;0,949999999999999
"957";2016-04-06;1,83;-1,6;-1,37;1,17
"958";2016-04-07;1,78;-1,51;-1,36;1,11
"959";2016-04-08;1,85;-1,53;-1,35;1,04
"960";2016-04-11;1,9;-1,72;-1,43;1,27
"961";2016-04-12;1,93;-1,7;-1,46;1,26
"962";2016-04-13;1,92;-1,74;-1,38;1,22
"963";2016-04-14;1,89;-1,84;-1,33;1,3
"964";2016-04-15;1,55;-1,75;-1,02;1,23
"965";2016-04-18;1,7;-1,65;-1,02;1
"966";2016-04-19;1,7;-1,8;-1,11;1,23
"967";2016-04-20;1,46;-1,75;-0,890000000000001;1,19
"968";2016-04-21;1,84;-1,82;-1,14;1,15
"969";2016-04-22;1,69;-1,82;-1,07;1,22
"970";2016-04-25;1,59;-1,89;-1,17;1,48
"971";2016-04-26;1,78;-1,63;-1,41;1,28
"972";2016-04-27;1,61;-1,77;-1,15;1,33
"973";2016-04-28;1,85;-1,73;-1,46;1,36
"974";2016-04-29;1,85;-1,68;-1,5;1,36
"975";2016-05-02;1,8;-1,68;-1,4;1,3
"976";2016-05-03;1,79;-1,69;-1,5;1,43
"977";2016-05-04;1,84;-1,84;-1,51;1,53
"978";2016-05-05;1,7;-1,7;-1,45;1,47
"979";2016-05-06;1,83;-1,82;-1,47;1,48
"980";2016-05-09;1,87;-1,92;-1,47;1,54
"981";2016-05-10;1,9;-1,95;-1,39;1,46
"982";2016-05-11;1,84;-1,95;-1,3;1,44
"983";2016-05-12;1,95;-1,95;-1,7;1,71
"984";2016-05-13;1,92;-1,98;-1,48;1,57
"985";2016-05-16;2,11;-2,03;-1,01;0,949999999999999
"986";2016-05-17;1,92;-2,17;-1,29;1,56
"987";2016-05-18;2,01;-2,15;-1,32;1,48
"988";2016-05-19;2,11;-2,14;-1,39;1,45
"989";2016-05-20;2,1;-2,12;-1,41;1,45
"990";2016-05-23;2,36;-2,09;-1,48;1,24
"991";2016-05-24;2,24;-2,04;-1,5;1,34
"992";2016-05-25;2,15;-2,06;-1,49;1,42
"993";2016-05-26;2,26;-2;-1,62;1,39
"994";2016-05-27;2,17;-2,13;-1,69;1,68
"995";2016-05-30;2,08;-1,99;-1,67;1,61
"996";2016-05-31;2,08;-2,17;-1,49;1,61
"997";2016-06-01;2,01;-2,13;-1,43;1,57
"998";2016-06-02;1,99;-2,15;-1,4;1,58
"999";2016-06-03;1,95;-2,29;-1,32;1,68
"1000";2016-06-06;2,13;-2,37;-1,36;1,62
"1001";2016-06-07;2,08;-2,3;-1,45;1,69
"1002";2016-06-08;2,25;-2,34;-1,43;1,54
"1003";2016-06-09;2,17;-2,34;-1,07;1,26
"1004";2016-06-10;2,32;-2,42;-1,29;1,42
"1005";2016-06-13;2,34;-2,4;-1,35;1,43
"1006";2016-06-14;2,38;-2,47;-1,33;1,45
"1007";2016-06-15;2,58;-2,6;-1,61;1,66
"1008";2016-06-16;2,45;-2,63;-1,3;1,51
"1009";2016-06-17;2,48;-2,66;-1,37;1,58
"1010";2016-06-20;2,66;-2,87;-1,36;1,61
"1011";2016-06-21;2,78;-3,02;-1,42;1,69
"1012";2016-06-22;2,92;-3,23;-1,28;1,62
"1013";2016-06-23;3,2;-3,34;-1,32;1,49
"1014";2016-06-24;3,28;-3,53;-1,41;1,69
"1015";2016-06-27;3,39;-3,5;-1,67;1,82
"1016";2017-03-29;3,95;-2,67;-2,48;1,26
"1017";2017-03-30;4,11;-2,69;-2,5;1,14
"1018";2017-03-31;4,28;-2,77;-2,67;1,23
"1019";2017-04-03;4,26000000000001;-2,83;-2,69;1,33
"1020";2017-04-04;4,34;-2,75;-2,76;1,24
"1021";2017-04-05;4,14;-2,64;-2,92;1,49
"1022";2017-04-06;4,35;-2,79;-2,88;1,37
"1023";2017-04-07;4,23;-2,79;-2,78;1,4
"1024";2017-04-10;4,3;-2,83;-2,76;1,37
"1025";2017-04-11;4,3;-2,84;-2,68;1,28
"1026";2017-04-12;4,16;-2,92;-2,84;1,66
"1027";2017-04-13;4,18;-2,99;-2,79;1,67
"1028";2017-04-18;4,31;-3,14;-2,75;1,63
"1029";2017-04-19;4,26;-3,1;-2,8;1,7
"1030";2017-04-20;4,14;-3,09;-2,82;1,83
"1031";2017-04-21;4,01;-3,19;-2,63;1,87
"1032";2017-04-25;4,04;-2,87;-2,54;1,44
"1033";2017-04-26;4,3;-3,05;-2,68;1,5
"1034";2017-04-27;4,39;-3;-2,86;1,53
"1035";2017-04-28;4,33;-2,92;-2,72;1,37
"1036";2017-05-02;4,36;-2,91;-2,81;1,43
"1037";2017-05-03;4,41;-2,96;-2,74;1,36
"1038";2017-05-04;4,46;-2,77;-2,76;1,13
"1039";2017-05-05;4,33;-2,9;-2,59;1,23
"1040";2017-05-08;4,2;-2,78;-2,55;1,2
"1041";2017-05-09;4,4;-2,81;-2,66;1,14
"1042";2017-05-10;4,26;-2,89;-2,56;1,25
"1043";2017-05-11;4,25;-2,85;-2,77;1,43
"1044";2017-05-12;4,39;-2,94;-2,65;1,27
"1045";2017-05-15;4,4;-2,85;-2,67;1,19
"1046";2017-05-16;4,28;-2,83;-2,69;1,3
"1047";2017-05-17;4,5;-2,82;-2,73;1,12
"1048";2017-05-18;4,37;-2,9;-2,75;1,33
"1049";2017-05-19;4,3;-2,82;-2,78;1,36
"1050";2017-05-22;4,42;-2,98;-2,81;1,43
"1051";2017-05-23;4,47;-2,95;-2,78;1,33
"1052";2017-05-24;4,34;-2,9;-2,76;1,39
"1053";2017-05-25;4,34;-2,9;-2,76;1,39
"1054";2017-05-26;4,45;-2,99;-2,81;1,43
"1055";2017-05-29;4,5;-3,01;-2,87;1,45
"1056";2017-05-30;4,5;-3,05;-2,98;1,6
"1057";2017-05-31;4,59;-3,1;-2,85;1,44
"1058";2017-06-01;4,38;-3;-2,73;1,41
"1059";2017-06-02;4,36;-3,12;-2,84;1,67
"1060";2017-06-05;4,29;-3,27;-2,49;1,54
"1061";2017-06-06;4,29;-3,15;-2,6;1,53
"1062";2017-06-07;4,3;-2,96;-2,75;1,48
"1063";2017-06-08;4,26;-3,1;-2,73;1,63
"1064";2017-06-09;4,44;-3,01;-2,75;1,39
"1065";2017-06-12;4,41;-3;-2,63;1,3
"1066";2017-06-13;4,4;-2,98;-2,59;1,25
"1067";2017-06-14;4,35;-3;-2,58;1,3
"1068";2017-06-15;4,28;-2,9;-2,54;1,23
"1069";2017-06-16;4,47;-3,13;-2,69;1,42
"1070";2017-06-19;4,3;-3,1;-2,6;1,46
"1071";2017-06-20;4,37;-3,08;-2,71;1,48
"1072";2017-06-21;4,38;-3,03;-2,68;1,4
"1073";2017-06-22;4,19;-3,09;-2,58;1,54
"1074";2017-06-23;4,18;-2,87;-2,72;1,48
"1075";2017-06-26;4,27;-2,98;-2,71;1,49
"1076";2017-06-27;4,31;-2,91;-2,63;1,31
"1077";2018-03-28;4,63;-4,04;-3,55;3,02
"1078";2018-03-29;4,93;-4,15;-3,65;2,95
"1079";2018-04-03;4,62;-4,12;-3,2;2,77
"1080";2018-04-04;4,75;-4,32;-3,31;2,95
"1081";2018-04-05;4,51;-4,16;-3,19;2,88
"1082";2018-04-06;4,54;-4,09;-3,15;2,75
"1083";2018-04-09;4,4;-3,9;-3,27;2,82
"1084";2018-04-10;4,52;-3,43;-3,33;2,31
"1085";2018-04-11;4,4;-3,68;-3,34;2,67
"1086";2018-04-12;4,31;-3,72;-3,25;2,71
"1087";2018-04-13;4,35;-3,86;-3,28;2,84
"1088";2018-04-16;4,37;-3,91;-3,17;2,78
"1089";2018-04-17;4,27;-3,82;-3;2,6
"1090";2018-04-18;4,18;-3,84;-3,14;2,84999999999999
"1091";2018-04-19;4,27999999999999;-4,04000000000001;-3,18;2,98999999999999
"1092";2018-04-20;4,27;-3,85;-3,25;2,89
"1093";2018-04-23;4,23999999999999;-3,91;-3,07;2,79
"1094";2018-04-24;4,19;-3,94;-3,09;2,88
"1095";2018-04-25;4,16;-3,84;-3,24;2,97
"1096";2018-04-26;4,32;-4,11;-3,03;2,87
"1097";2018-04-27;4,23999999999999;-3,86;-3,3;2,98
"1098";2018-04-30;4,32;-4,14;-3,22;3,09
"1099";2018-05-02;4,26000000000001;-4,09;-3,04;2,93
"1100";2018-05-03;4,22;-4,11;-3,25;3,2
"1101";2018-05-04;4,22;-4,09;-3,28;3,21
"1102";2018-05-07;4,24;-4,13;-3,08;3,02
"1103";2018-05-08;4,34999999999999;-4,2;-2,99;2,88999999999999
"1104";2018-05-09;4,46;-4,24;-3,06;2,9
"1105";2018-05-10;4,63;-4,18;-3,15000000000001;2,76
"1106";2018-05-11;4,65;-4,31;-3,27;2,98
"1107";2018-05-14;4,75;-4,35;-3,31;2,97
"1108";2018-05-15;4,76000000000001;-4,25;-3,22;2,77
"1109";2018-05-16;4,81;-4,25;-3,15000000000001;2,65
"1110";2018-05-17;4,89;-4,25;-3,38;2,8
"1111";2018-05-18;4,9;-4,3;-3,24;2,7
"1112";2018-05-21;4,95999999999999;-4,3;-3,24;2,64
"1113";2018-05-22;5,05;-4,39;-3,44;2,84999999999999
"1114";2018-05-23;5;-4,36;-3,36;2,79
"1115";2018-05-24;5,05;-4,4;-3,25;2,67
"1116";2018-05-25;5,21;-4,43;-3,38;2,65
"1117";2018-05-28;5,15;-4,2;-3,42;2,53
"1118";2018-05-29;5,61;-4,29;-3,52;2,27
"1119";2018-05-30;5,56;-4,34;-3,38;2,23
"1120";2018-05-31;5,93;-4,45;-3,47;2,07
"1121";2018-06-01;5,81;-4,38;-3,48999999999999;2,15000000000001
"1122";2018-06-04;5,85;-4,5;-3,29;2,02
"1123";2018-06-05;5,79;-4,56;-3,51;2,37
"1124";2018-06-06;5,58;-4,35;-3,17;2,01
"1125";2018-06-07;5,55;-4,33;-3,09;1,95
"1126";2018-06-08;5,65;-4,38;-3,15000000000001;1,95
"1127";2018-06-11;5,63;-4,22;-3,28;1,94
"1128";2018-06-12;5,86;-4,29;-3,17;1,68
"1129";2018-06-13;6,05;-4,39;-3,09999999999999;1,54000000000001
"1130";2018-06-14;6,43;-4,41;-3,48;1,55
"1131";2018-06-15;6,24;-4,36;-3,32;1,52
"1132";2018-06-18;6,43;-4,3;-3,57;1,54
"1133";2018-06-19;6,39;-4,48;-3,58;1,76000000000001
"1134";2018-06-20;6,22000000000001;-4,48999999999999;-3,56;1,93
"1135";2018-06-21;5,93;-4,36;-3,46;1,98
"1136";2018-06-22;5,96;-4,45;-3,38999999999999;1,96
"1137";2018-06-25;5,88;-4,32;-3,47;1,99
"1138";2018-06-26;5,55;-4,28;-3,5;2,29
"1139";2018-06-27;5,52999999999999;-4,45;-3,15000000000001;2,15
"1140";2019-03-28;3,2;-3,95;-2,75;3,48
"1141";2019-03-29;3,38;-4,06;-2,82;3,5
"1142";2019-04-01;3,43;-4,34;-2,83;3,74
"1143";2019-04-02;3,27;-4,25;-2,73;3,69
"1144";2019-04-03;3,11;-4;-2,75;3,63
"1145";2019-04-04;3,33000000000001;-4,13999999999999;-2,69;3,49
"1146";2019-04-05;3,57;-4,08;-2,81;3,31
"1147";2019-04-08;3,99;-4,16;-2,91999999999999;3,09
"1148";2019-04-09;4,02;-4,05;-3;3,02
"1149";2019-04-10;4,23;-4,3;-3,12;3,2
"1150";2019-04-11;4,05;-4,26;-3,04;3,26
"1151";2019-04-12;4,01;-4,11;-2,92;3,03
"1152";2019-04-15;4;-4,22;-2,94;3,15
"1153";2019-04-16;4,01;-4,18;-2,93;3,11
"1154";2019-04-17;4,16;-4,15000000000001;-2,93;2,91
"1155";2019-04-18;4,11;-4,32;-3,14;3,35
"1156";2019-04-23;4,19;-4,51;-3,01;3,34
"1157";2019-04-24;4,27999999999999;-4,8;-3,1;3,61
"1158";2019-04-25;4,27;-4,42;-3,19;3,33
"1159";2019-04-26;4,24;-4,49;-3,2;3,45
"1160";2019-04-29;4,07;-4,48;-3,16;3,56
"1161";2019-04-30;4,07;-4,29;-3;3,21
"1162";2019-05-02;3,92;-4,11;-3,03;3,22
"1163";2019-05-03;3,98;-4,22000000000001;-2,93;3,16
"1164";2019-05-06;4,05;-4,35;-3,05;3,35
"1165";2019-05-07;4,23999999999999;-4,22000000000001;-3,07;3,06
"1166";2019-05-08;4,18;-4,21;-2,84;2,87
"1167";2019-05-09;4,16;-4,31;-3,09;3,23
"1168";2019-05-10;4,18;-4,26;-3,07;3,15
"1169";2019-05-13;3,97;-4,29;-2,75;3,07
"1170";2019-05-14;4,1;-4,2;-3;3,1
"1171";2019-05-15;4,06;-4,22;-3,01;3,16
"1172";2019-05-16;3,9;-4,26000000000001;-2,88;3,25
"1173";2019-05-17;4;-4,34;-2,88;3,21
"1174";2019-05-20;3,88;-4,42;-2,67;3,21
"1175";2019-05-21;3,96;-4,44;-2,86;3,34
"1176";2019-05-22;3,82;-4,44;-2,64;3,26
"1177";2019-05-23;3,88;-4,51;-2,89;3,53
"1178";2019-05-24;3,67;-4,31;-2,79;3,43
"1179";2019-05-27;3,81;-4,43;-2,85;3,45
"1180";2019-05-28;3,91999999999999;-4,46;-2,83000000000001;3,36
"1181";2019-05-29;3,81;-4,2;-2,7;3,07
"1182";2019-05-30;4,02;-4,19;-2,93;3,09
"1183";2019-05-31;3,72000000000001;-4,27;-2,69;3,23
"1184";2019-06-03;3,7;-4,27;-2,79;3,36
"1185";2019-06-04;3,55;-4,24;-2,51000000000001;3,18
"1186";2019-06-05;3,5;-4,23;-2,5;3,23
"1187";2019-06-06;3,32;-4,16;-2,51;3,34
"1188";2019-06-07;3,23;-4,18;-2,4;3,33000000000001
"1189";2019-06-10;3,21;-4,15;-2,45;3,37
"1190";2019-06-11;3,18;-4,2;-2,32;3,33
"1191";2019-06-12;3,19;-4,11;-2,52;3,42
"1192";2019-06-13;3,2;-4,22000000000001;-2,35;3,37
"1193";2019-06-14;3,12;-4,14;-2,35;3,35
"1194";2019-06-17;3,02;-4,2;-2,14;3,31
"1195";2019-06-18;3,08000000000001;-4,11;-2,37;3,40000000000001
"1196";2019-06-19;2,88;-4,03;-2,27;3,42
"1197";2019-06-20;2,88;-4,21;-2,16;3,47
"1198";2019-06-21;2,83;-4,18;-2,09;3,43
"1199";2019-06-24;2,87;-4,23;-2,12;3,45
"1200";2019-06-25;2,94;-4,16;-2,26;3,47
"1201";2019-06-26;2,86;-4,2;-2,22000000000001;3,55
"1202";2020-03-27;1,64;-3,38;-1,91999999999999;3,65000000000001
"1203";2020-03-30;1,54;-3,28;-1,98;3,73
"1204";2020-03-31;1,16;-3,17;-1,84;3,84
"1205";2020-04-01;1,29;-3,35;-1,73;3,77
"1206";2020-04-02;1,22;-3,85;-1,55;4,16
"1207";2020-04-03;1,3;-4,17;-1,53;4,38
"1208";2020-04-06;1,33;-3,95;-1,89;4,48999999999999
"1209";2020-04-07;1,49;-3,95;-1,69;4,15
"1210";2020-04-08;1,31;-3,86000000000001;-1,61000000000001;4,16
"1211";2020-04-09;1,49;-3,78;-2,09;4,36
"1212";2020-04-14;1,55;-3,87;-1,76000000000001;4,08
"1213";2020-04-15;1,43;-3,75;-2,01;4,31
"1214";2020-04-16;1,63;-3,6;-1,7;3,65
"1215";2020-04-17;1,76;-4,1;-1,99;4,31
"1216";2020-04-20;1,82;-3,91;-2,1;4,18
"1217";2020-04-21;1,62;-3,97;-1,93;4,27
"1218";2020-04-22;2,31;-4,25;-2,1;4,04
"1219";2020-04-23;2,06;-3,85;-1,83;3,63
"1220";2020-04-24;2;-3,95;-1,95;3,89
"1221";2020-04-27;1,82;-4,01;-1,78;3,98
"1222";2020-04-28;1,73999999999999;-3,94;-1,5;3,69
"1223";2020-04-29;1,5;-3,84;-1,68;4,01
"1224";2020-04-30;1,45;-3,72;-1,74;4,01
"1225";2020-05-04;1,26000000000001;-3,62;-1,44;3,79000000000001
"1226";2020-05-05;1,3;-3,52;-1,59;3,79
"1227";2020-05-06;1,5;-3,45;-1,52;3,46
"1228";2020-05-07;1,44;-3,39;-1,67;3,61
"1229";2020-05-08;1,71;-3,65;-1,65;3,58
"1230";2020-05-11;1,47;-3,81;-1,51000000000001;3,85
"1231";2020-05-12;1,28;-3,8;-1,58;4,1
"1232";2020-05-13;1,37;-3,73;-1,76;4,1
"1233";2020-05-14;1,42;-3,77;-1,67;4,01
"1234";2020-05-15;1,38;-3,67;-1,77;4,05
"1235";2020-05-18;1,36;-3,74;-1,77;4,13
"1236";2020-05-19;1,05;-3,91;-1,68;4,52
"1237";2020-05-20;1,2;-3,77;-1,86;4,41
"1238";2020-05-21;1,1;-3,79;-1,83;4,5
"1239";2020-05-22;1,07;-3,76000000000001;-1,78;4,45
"1240";2020-05-25;1,09;-3,95;-1,89;4,73
"1241";2020-05-26;1,02;-3,97;-1,83;4,76000000000001
"1242";2020-05-27;0,950000000000003;-3,97;-1,89;4,89
"1243";2020-05-28;1,04;-3,81;-1,86;4,6
"1244";2020-05-29;0,93;-3,86;-1,77;4,68
"1245";2020-06-01;0,840000000000003;-3,86;-1,71;4,71
"1246";2020-06-02;0,950000000000003;-3,83;-1,81;4,68
"1247";2020-06-03;0,980000000000004;-3,96;-1,8;4,76000000000001
"1248";2020-06-04;0,939999999999998;-3,94;-1,63;4,62
"1249";2020-06-05;0,980000000000004;-3,99;-1,88;4,86
"1250";2020-06-08;1,18;-3,91;-1,77999999999999;4,49
"1251";2020-06-09;0,769999999999996;-3,82;-1,74;4,77
"1252";2020-06-10;0,869999999999997;-4;-1,62;4,73
"1253";2020-06-11;0,910000000000004;-4,08;-1,58;4,73
"1254";2020-06-12;0,82;-4,07;-1,42;4,64
"1255";2020-06-15;1;-3,92;-1,72000000000001;4,62
"1256";2020-06-16;0,799999999999997;-3,94;-1,71;4,81999999999999
"1257";2020-06-17;0,849999999999994;-3,76000000000001;-1,7;4,56999999999999
"1258";2020-06-18;0,989999999999995;-3,89;-1,76000000000001;4,65
"1259";2020-06-19;0,93;-3,97;-1,7;4,72
"1260";2020-06-22;1;-3,94;-1,86;4,78
"1261";2020-06-23;1,04;-3,86;-1,98;4,77
"1262";2020-06-24;1,01;-3,95;-1,66;4,58
"1263";2020-06-25;1,06;-3,94;-1,74;4,59
