Base;Date
20,7813;01.01.2011
43,1613;02.01.2011
59,8596;03.01.2011
57,6379;04.01.2011
55,0763;05.01.2011
47,2821;06.01.2011
52,2308;07.01.2011
35,2113;08.01.2011
35,8904;09.01.2011
48,9;10.01.2011
56,7721;11.01.2011
49,4754;12.01.2011
47,5063;13.01.2011
45,585;14.01.2011
41,295;15.01.2011
32,6492;16.01.2011
48,1917;17.01.2011
52,9358;18.01.2011
57,1396;19.01.2011
56,595;20.01.2011
57,285;21.01.2011
53,8408;22.01.2011
48,0492;23.01.2011
58,1671;24.01.2011
53,9788;25.01.2011
58,985;26.01.2011
58,265;27.01.2011
57,5783;28.01.2011
51,9904;29.01.2011
49,8271;30.01.2011
61,7592;31.01.2011
58,8167;01.02.2011
55,5508;02.02.2011
51,4333;03.02.2011
34,0638;04.02.2011
23,0558;05.02.2011
33,8338;06.02.2011
42,0275;07.02.2011
50,14;08.02.2011
55,3171;09.02.2011
54,0475;10.02.2011
53,6896;11.02.2011
49,7371;12.02.2011
42,0196;13.02.2011
47,2508;14.02.2011
55,3271;15.02.2011
54,7583;16.02.2011
56,5813;17.02.2011
57,4183;18.02.2011
50,0004;19.02.2011
46,4167;20.02.2011
58,7054;21.02.2011
58,7738;22.02.2011
59,18;23.02.2011
58,3117;24.02.2011
56,3133;25.02.2011
50,8696;26.02.2011
50,2963;27.02.2011
60,1463;28.02.2011
58,2538;01.03.2011
55,9313;02.03.2011
59,1217;03.03.2011
59,8096;04.03.2011
48,4121;05.03.2011
46,6746;06.03.2011
56,5783;07.03.2011
53,0192;08.03.2011
54,6967;09.03.2011
50,2854;10.03.2011
54,4058;11.03.2011
53,2992;12.03.2011
50,5717;13.03.2011
59,2133;14.03.2011
53,8292;15.03.2011
52,9892;16.03.2011
56,0392;17.03.2011
60,2821;18.03.2011
49,6279;19.03.2011
47,4808;20.03.2011
56,0442;21.03.2011
55,6854;22.03.2011
56,02;23.03.2011
55,0317;24.03.2011
54,9521;25.03.2011
54,9167;26.03.2011
49,3365;27.03.2011
57,5225;28.03.2011
56,6596;29.03.2011
58,2733;30.03.2011
53,5871;31.03.2011
54,685;01.04.2011
52,0146;02.04.2011
46,3758;03.04.2011
58,4929;04.04.2011
55,2125;05.04.2011
55,3271;06.04.2011
55,2229;07.04.2011
51,8217;08.04.2011
43,8446;09.04.2011
33,4688;10.04.2011
56,5654;11.04.2011
53,1533;12.04.2011
55,9579;13.04.2011
60,6942;14.04.2011
58,6083;15.04.2011
54,2825;16.04.2011
49,7033;17.04.2011
59,5575;18.04.2011
56,4575;19.04.2011
57,2992;20.04.2011
56,8713;21.04.2011
51,4321;22.04.2011
47,2708;23.04.2011
33,9671;24.04.2011
27,9513;25.04.2011
53,0046;26.04.2011
56,2279;27.04.2011
55,3129;28.04.2011
52,6342;29.04.2011
43,9963;30.04.2011
31,2654;01.05.2011
54,3846;02.05.2011
61,21;03.05.2011
59,8104;04.05.2011
62,3046;05.05.2011
56,9879;06.05.2011
51,9117;07.05.2011
45,8792;08.05.2011
60,5692;09.05.2011
63,3154;10.05.2011
65,1204;11.05.2011
68,2988;12.05.2011
60,0829;13.05.2011
53,5092;14.05.2011
49,7667;15.05.2011
56,2963;16.05.2011
62,3517;17.05.2011
61,3483;18.05.2011
62,1538;19.05.2011
66,8754;20.05.2011
53,6883;21.05.2011
48,2583;22.05.2011
61,4692;23.05.2011
56,3629;24.05.2011
63,015;25.05.2011
55,4871;26.05.2011
57,7738;27.05.2011
51,4613;28.05.2011
42,9133;29.05.2011
59,9363;30.05.2011
57,9671;31.05.2011
60,0583;01.06.2011
50,9133;02.06.2011
53,5542;03.06.2011
50,74;04.06.2011
48,6867;05.06.2011
60,3971;06.06.2011
62,2938;07.06.2011
60,9079;08.06.2011
55,7688;09.06.2011
58,8667;10.06.2011
52,9479;11.06.2011
50,3671;12.06.2011
52,145;13.06.2011
59,8929;14.06.2011
63,2413;15.06.2011
59,5058;16.06.2011
55,9479;17.06.2011
50,3613;18.06.2011
13,6292;19.06.2011
45,6675;20.06.2011
56,1208;21.06.2011
53,9425;22.06.2011
45,3421;23.06.2011
50,3271;24.06.2011
46,2296;25.06.2011
43,0188;26.06.2011
54,4221;27.06.2011
50,4004;28.06.2011
51,9746;29.06.2011
51,1963;30.06.2011
50,9079;01.07.2011
43,0438;02.07.2011
30,2429;03.07.2011
53,2954;04.07.2011
54,6913;05.07.2011
53,5367;06.07.2011
55,2888;07.07.2011
52,0604;08.07.2011
49,6283;09.07.2011
44,3608;10.07.2011
56,1533;11.07.2011
51,0475;12.07.2011
50,6338;13.07.2011
48,4013;14.07.2011
48,1379;15.07.2011
42,8475;16.07.2011
35,4258;17.07.2011
43,6379;18.07.2011
51,9204;19.07.2011
50,6233;20.07.2011
51,1079;21.07.2011
48,2321;22.07.2011
27,6567;23.07.2011
19,8213;24.07.2011
44,8263;25.07.2011
49,7663;26.07.2011
49,9733;27.07.2011
49,7246;28.07.2011
48,9188;29.07.2011
42,3321;30.07.2011
40,1038;31.07.2011
49,8871;01.08.2011
48,6425;02.08.2011
47,5975;03.08.2011
49,6871;04.08.2011
48,0063;05.08.2011
45,19;06.08.2011
27,61;07.08.2011
44,6625;08.08.2011
35,6692;09.08.2011
40,7642;10.08.2011
42,5779;11.08.2011
48,4058;12.08.2011
47,6163;13.08.2011
43,3675;14.08.2011
46,6238;15.08.2011
51,1775;16.08.2011
51,2321;17.08.2011
52,1608;18.08.2011
51,1404;19.08.2011
48,35;20.08.2011
45,4967;21.08.2011
57,5021;22.08.2011
54,6929;23.08.2011
58,7513;24.08.2011
63,7433;25.08.2011
53,4025;26.08.2011
48,4925;27.08.2011
41,0683;28.08.2011
49,8208;29.08.2011
56,9183;30.08.2011
55,5021;31.08.2011
59,0133;01.09.2011
56,9033;02.09.2011
50,8813;03.09.2011
45,3358;04.09.2011
53,8838;05.09.2011
46,2346;06.09.2011
43,9404;07.09.2011
50,3313;08.09.2011
61,0325;09.09.2011
49,5529;10.09.2011
39,215;11.09.2011
48,935;12.09.2011
48,0692;13.09.2011
50,6554;14.09.2011
56,4467;15.09.2011
58,0817;16.09.2011
52,7008;17.09.2011
45,6346;18.09.2011
61,2671;19.09.2011
57,9733;20.09.2011
55,7908;21.09.2011
52,0029;22.09.2011
55,9679;23.09.2011
48,3358;24.09.2011
43,3096;25.09.2011
54,295;26.09.2011
60,2179;27.09.2011
58,4238;28.09.2011
57,2467;29.09.2011
57,6;30.09.2011
50,2267;01.10.2011
41,5892;02.10.2011
48,6333;03.10.2011
51,9113;04.10.2011
54,3613;05.10.2011
46,2429;06.10.2011
50,8004;07.10.2011
49,7338;08.10.2011
44,3042;09.10.2011
50,9754;10.10.2011
53,1542;11.10.2011
54,3883;12.10.2011
57,6333;13.10.2011
54,6454;14.10.2011
47,7108;15.10.2011
43,5779;16.10.2011
57,6842;17.10.2011
49,5938;18.10.2011
55,3625;19.10.2011
62,4129;20.10.2011
55,4883;21.10.2011
48,6742;22.10.2011
41,2621;23.10.2011
49,2821;24.10.2011
54,3158;25.10.2011
59,4583;26.10.2011
60,0742;27.10.2011
56,7488;28.10.2011
50,6671;29.10.2011
45,044;30.10.2011
55,3429;31.10.2011
47,3671;01.11.2011
58,6117;02.11.2011
52,6708;03.11.2011
55,9804;04.11.2011
47,6329;05.11.2011
46,0813;06.11.2011
56,3;07.11.2011
56,8658;08.11.2011
59,4133;09.11.2011
58,9529;10.11.2011
50,9146;11.11.2011
49,2008;12.11.2011
45,6488;13.11.2011
62,4329;14.11.2011
62,1292;15.11.2011
61,7779;16.11.2011
63,2146;17.11.2011
61,9533;18.11.2011
51,8413;19.11.2011
49,13;20.11.2011
64,2238;21.11.2011
63,89;22.11.2011
65,2667;23.11.2011
61,0667;24.11.2011
55,7096;25.11.2011
45,9321;26.11.2011
33,9196;27.11.2011
58,9904;28.11.2011
55,9742;29.11.2011
57,6683;30.11.2011
52,7608;01.12.2011
53,0163;02.12.2011
46,3188;03.12.2011
36,7517;04.12.2011
46,0475;05.12.2011
49,5938;06.12.2011
48,9521;07.12.2011
46,4133;08.12.2011
42,5863;09.12.2011
46,1317;10.12.2011
45,3883;11.12.2011
49,8388;12.12.2011
45,6388;13.12.2011
45,9808;14.12.2011
45,9942;15.12.2011
48,1267;16.12.2011
33,2038;17.12.2011
34,1525;18.12.2011
48,8929;19.12.2011
47,5396;20.12.2011
49,8279;21.12.2011
49,6517;22.12.2011
46,4875;23.12.2011
28,155;24.12.2011
15,6867;25.12.2011
27,6675;26.12.2011
42,6671;27.12.2011
44,3271;28.12.2011
33,8229;29.12.2011
39,0088;30.12.2011
39,1883;31.12.2011
18,1896;01.01.2012
33,8188;02.01.2012
35,0263;03.01.2012
32,1633;04.01.2012
20,35;05.01.2012
36,2571;06.01.2012
32,5758;07.01.2012
26,8283;08.01.2012
47,9083;09.01.2012
45,7733;10.01.2012
47,8333;11.01.2012
43,1038;12.01.2012
36,6929;13.01.2012
40,0608;14.01.2012
41,5821;15.01.2012
49,5088;16.01.2012
50,0183;17.01.2012
45,3721;18.01.2012
45,1583;19.01.2012
42,7338;20.01.2012
37,6054;21.01.2012
13,6575;22.01.2012
44,0083;23.01.2012
49,3508;24.01.2012
47,1583;25.01.2012
45,1825;26.01.2012
48,7558;27.01.2012
45,3392;28.01.2012
41,4975;29.01.2012
44,3088;30.01.2012
48,7213;31.01.2012
51,21;01.02.2012
62,3383;02.02.2012
63,8133;03.02.2012
51,3783;04.02.2012
44,33;05.02.2012
78,9467;06.02.2012
78,1221;07.02.2012
98,9825;08.02.2012
76,4871;09.02.2012
82,4775;10.02.2012
53,1929;11.02.2012
42,4975;12.02.2012
84,4267;13.02.2012
63,8733;14.02.2012
35,9771;15.02.2012
54,8875;16.02.2012
48,0679;17.02.2012
42,0954;18.02.2012
28,7454;19.02.2012
50,6375;20.02.2012
43,6196;21.02.2012
43,7942;22.02.2012
41,0258;23.02.2012
44,7808;24.02.2012
40,2996;25.02.2012
42,7667;26.02.2012
47,2579;27.02.2012
47,4204;28.02.2012
49,325;29.02.2012
47,4479;01.03.2012
49,0363;02.03.2012
39,3842;03.03.2012
37,4663;04.03.2012
44,5463;05.03.2012
48,5525;06.03.2012
43,2454;07.03.2012
45,8954;08.03.2012
47,7367;09.03.2012
41,7354;10.03.2012
31,6833;11.03.2012
45,0533;12.03.2012
47,9017;13.03.2012
46,7354;14.03.2012
47,4708;15.03.2012
43,6808;16.03.2012
40,2204;17.03.2012
34,3988;18.03.2012
46,0204;19.03.2012
43,4371;20.03.2012
45,5625;21.03.2012
45,3467;22.03.2012
41,7471;23.03.2012
38,63;24.03.2012
25,3691;25.03.2012
41,6033;26.03.2012
39,4033;27.03.2012
39,2563;28.03.2012
31,6154;29.03.2012
35,5583;30.03.2012
19,2379;31.03.2012
24,1033;01.04.2012
43,5433;02.04.2012
50,5508;03.04.2012
47,77;04.04.2012
50,0221;05.04.2012
41,7729;06.04.2012
39,4513;07.04.2012
35,1992;08.04.2012
21,86;09.04.2012
40,6708;10.04.2012
53,8563;11.04.2012
52,9592;12.04.2012
56,6771;13.04.2012
45,09;14.04.2012
34,3688;15.04.2012
45,2625;16.04.2012
51,4954;17.04.2012
50,8775;18.04.2012
50,3988;19.04.2012
53,8667;20.04.2012
42,1633;21.04.2012
37,7767;22.04.2012
51,3946;23.04.2012
51,2133;24.04.2012
44,1;25.04.2012
41,6296;26.04.2012
46,9008;27.04.2012
37,2154;28.04.2012
22,4646;29.04.2012
42,3025;30.04.2012
23,7754;01.05.2012
48,1758;02.05.2012
50,2883;03.05.2012
42,9254;04.05.2012
36,7675;05.05.2012
32,68;06.05.2012
47,3821;07.05.2012
40,3354;08.05.2012
48,6742;09.05.2012
43,1192;10.05.2012
38,8333;11.05.2012
35,3767;12.05.2012
31,1954;13.05.2012
44,67;14.05.2012
49,1879;15.05.2012
40,8717;16.05.2012
30,4054;17.05.2012
35,4933;18.05.2012
36,5238;19.05.2012
25,0588;20.05.2012
39,05;21.05.2012
46,1163;22.05.2012
43,4704;23.05.2012
43,1725;24.05.2012
38,6825;25.05.2012
29,8933;26.05.2012
20,4567;27.05.2012
25,6304;28.05.2012
41,1167;29.05.2012
46,0775;30.05.2012
48,9204;31.05.2012
38,1463;01.06.2012
30,255;02.06.2012
30,9463;03.06.2012
46,5096;04.06.2012
41,7475;05.06.2012
48,5013;06.06.2012
37,4833;07.06.2012
38,0325;08.06.2012
23,0392;09.06.2012
24,3683;10.06.2012
45,5675;11.06.2012
48,8625;12.06.2012
48,0258;13.06.2012
47,8858;14.06.2012
39,7308;15.06.2012
27,9483;16.06.2012
22,0029;17.06.2012
38,24;18.06.2012
47,5821;19.06.2012
50,8917;20.06.2012
48,6079;21.06.2012
39,2229;22.06.2012
32,1429;23.06.2012
18,585;24.06.2012
32,2513;25.06.2012
37,4525;26.06.2012
48,9667;27.06.2012
47,5333;28.06.2012
46,5163;29.06.2012
37,175;30.06.2012
25,0879;01.07.2012
44,4713;02.07.2012
49,6304;03.07.2012
47,3679;04.07.2012
46,2942;05.07.2012
48,5271;06.07.2012
39,7533;07.07.2012
24,6829;08.07.2012
40,7871;09.07.2012
47,715;10.07.2012
45,2975;11.07.2012
39,6475;12.07.2012
46,0363;13.07.2012
31,7179;14.07.2012
26,1896;15.07.2012
38,4154;16.07.2012
44,4929;17.07.2012
43,8142;18.07.2012
40,2517;19.07.2012
45,4642;20.07.2012
38,3858;21.07.2012
28,0888;22.07.2012
42,7292;23.07.2012
45,5408;24.07.2012
49,3583;25.07.2012
49,5767;26.07.2012
48,6308;27.07.2012
38,67;28.07.2012
30,6475;29.07.2012
39,8696;30.07.2012
44,4617;31.07.2012
41,4879;01.08.2012
42,5867;02.08.2012
46,7425;03.08.2012
40,1596;04.08.2012
35,9888;05.08.2012
43,6725;06.08.2012
38,1154;07.08.2012
44,2221;08.08.2012
47,1217;09.08.2012
44,8533;10.08.2012
41,0258;11.08.2012
26,4683;12.08.2012
45,1629;13.08.2012
47,9158;14.08.2012
41,4792;15.08.2012
51,4463;16.08.2012
51,7821;17.08.2012
40,4992;18.08.2012
36,7496;19.08.2012
49,9254;20.08.2012
61,0258;21.08.2012
49,3808;22.08.2012
53,2858;23.08.2012
51,3292;24.08.2012
42,6513;25.08.2012
24,8033;26.08.2012
47,8817;27.08.2012
49,445;28.08.2012
52,2308;29.08.2012
52,5204;30.08.2012
49,8563;31.08.2012
43,8204;01.09.2012
34,2767;02.09.2012
50,81;03.09.2012
49,0988;04.09.2012
49,6217;05.09.2012
50,0733;06.09.2012
45,4042;07.09.2012
46,9892;08.09.2012
38,5638;09.09.2012
51,2896;10.09.2012
53,5242;11.09.2012
55,865;12.09.2012
52,7425;13.09.2012
33,3271;14.09.2012
38,2721;15.09.2012
33,6879;16.09.2012
50,1267;17.09.2012
53,1917;18.09.2012
51,5713;19.09.2012
50,4371;20.09.2012
48,8513;21.09.2012
38,4458;22.09.2012
33,1321;23.09.2012
39,3783;24.09.2012
44,4183;25.09.2012
49,885;26.09.2012
47,6613;27.09.2012
43,3629;28.09.2012
34,7042;29.09.2012
27,6217;30.09.2012
50,9296;01.10.2012
47,4738;02.10.2012
29,7513;03.10.2012
47,7729;04.10.2012
40,5813;05.10.2012
38,8438;06.10.2012
33,1188;07.10.2012
41,1233;08.10.2012
44,8988;09.10.2012
51,5496;10.10.2012
52,6858;11.10.2012
46,9454;12.10.2012
36,9763;13.10.2012
30,2738;14.10.2012
43,5154;15.10.2012
42,45;16.10.2012
42,07;17.10.2012
41,0071;18.10.2012
44,7617;19.10.2012
38,1142;20.10.2012
37,2025;21.10.2012
49,2121;22.10.2012
51,0867;23.10.2012
54,8304;24.10.2012
50,1279;25.10.2012
51,4658;26.10.2012
39,5667;27.10.2012
37,3336;28.10.2012
42,635;29.10.2012
55,5196;30.10.2012
48,0408;31.10.2012
33,1421;01.11.2012
35,0079;02.11.2012
35,4763;03.11.2012
28,4463;04.11.2012
43,1117;05.11.2012
43,5917;06.11.2012
35,4571;07.11.2012
39,8113;08.11.2012
51,0229;09.11.2012
39,5071;10.11.2012
34,7183;11.11.2012
52,555;12.11.2012
52,0483;13.11.2012
50,8867;14.11.2012
55,5458;15.11.2012
52,0888;16.11.2012
40,9408;17.11.2012
42,6067;18.11.2012
54,2613;19.11.2012
52,2;20.11.2012
50,395;21.11.2012
48,8038;22.11.2012
47,3421;23.11.2012
41,6133;24.11.2012
19,9125;25.11.2012
44,2242;26.11.2012
55,4921;27.11.2012
52,9467;28.11.2012
52,7358;29.11.2012
57,6858;30.11.2012
46,0083;01.12.2012
41,1075;02.12.2012
51,2625;03.12.2012
47,3833;04.12.2012
54,8583;05.12.2012
53,8967;06.12.2012
52,9013;07.12.2012
50,1183;08.12.2012
35,0788;09.12.2012
52,9546;10.12.2012
60,3242;11.12.2012
72,0688;12.12.2012
65,4413;13.12.2012
49,3496;14.12.2012
33,8792;15.12.2012
33,2408;16.12.2012
53,2763;17.12.2012
55,24;18.12.2012
52,9675;19.12.2012
46,7275;20.12.2012
38,1542;21.12.2012
37,3608;22.12.2012
16,1638;23.12.2012
16,6033;24.12.2012
-56,87;25.12.2012
-45,7679;26.12.2012
20,445;27.12.2012
31,2979;28.12.2012
16,6779;29.12.2012
10,3658;30.12.2012
8,3954;31.12.2012
17,9254;01.01.2013
38,2354;02.01.2013
33,7725;03.01.2013
32,1233;04.01.2013
33,0275;05.01.2013
29,0108;06.01.2013
52,3963;07.01.2013
53,1458;08.01.2013
51,9738;09.01.2013
50,0317;10.01.2013
52,8025;11.01.2013
44,5171;12.01.2013
38,8088;13.01.2013
52,0471;14.01.2013
55,8525;15.01.2013
54,9638;16.01.2013
53,4367;17.01.2013
50,9946;18.01.2013
39,4371;19.01.2013
34,6708;20.01.2013
47,5904;21.01.2013
53,9558;22.01.2013
59,7425;23.01.2013
59,2475;24.01.2013
52,2588;25.01.2013
36,8433;26.01.2013
31,1196;27.01.2013
44,9029;28.01.2013
32,2679;29.01.2013
29,3521;30.01.2013
26,0588;31.01.2013
34,9775;01.02.2013
35,5263;02.02.2013
28,8013;03.02.2013
32,3521;04.02.2013
32,3175;05.02.2013
46,83;06.02.2013
50,8738;07.02.2013
49,4371;08.02.2013
40,7179;09.02.2013
35,0329;10.02.2013
40,9638;11.02.2013
49,4621;12.02.2013
52,6842;13.02.2013
46,6646;14.02.2013
50,9588;15.02.2013
41,2925;16.02.2013
38,4363;17.02.2013
53,5321;18.02.2013
48,5492;19.02.2013
46,1929;20.02.2013
52,8458;21.02.2013
47,9508;22.02.2013
37,3179;23.02.2013
33,7483;24.02.2013
52,6825;25.02.2013
55,4913;26.02.2013
59,665;27.02.2013
53,9592;28.02.2013
51,045;01.03.2013
42,2854;02.03.2013
38,3517;03.03.2013
48,9013;04.03.2013
41,5896;05.03.2013
49,0038;06.03.2013
41,455;07.03.2013
36,2363;08.03.2013
30,4454;09.03.2013
18,5717;10.03.2013
37,8696;11.03.2013
46,5267;12.03.2013
55,3367;13.03.2013
53,3404;14.03.2013
44,3133;15.03.2013
27,885;16.03.2013
10,8321;17.03.2013
36,5858;18.03.2013
43,7063;19.03.2013
50,3575;20.03.2013
55,5675;21.03.2013
38,9404;22.03.2013
21,1713;23.03.2013
12,6954;24.03.2013
34,3421;25.03.2013
38,6083;26.03.2013
47,0325;27.03.2013
49,2692;28.03.2013
38,74;29.03.2013
38,9575;30.03.2013
32,2387;31.03.2013
24,8946;01.04.2013
49,0513;02.04.2013
40,0696;03.04.2013
48,1113;04.04.2013
53,4525;05.04.2013
41,5558;06.04.2013
40,3438;07.04.2013
58,4138;08.04.2013
55,9721;09.04.2013
57,2658;10.04.2013
55,3863;11.04.2013
43,5783;12.04.2013
28,3833;13.04.2013
16,1079;14.04.2013
39,8479;15.04.2013
43,9367;16.04.2013
38,2633;17.04.2013
27,3475;18.04.2013
31,2292;19.04.2013
28,1796;20.04.2013
16,3946;21.04.2013
40,7063;22.04.2013
32,5763;23.04.2013
37,6904;24.04.2013
32,6633;25.04.2013
34,1292;26.04.2013
26,2179;27.04.2013
23,3692;28.04.2013
35,5942;29.04.2013
36,7992;30.04.2013
14,1963;01.05.2013
32,9775;02.05.2013
35,1363;03.05.2013
30,4888;04.05.2013
18,1404;05.05.2013
39,875;06.05.2013
35,7188;07.05.2013
33,1213;08.05.2013
24,0846;09.05.2013
31,575;10.05.2013
19,5346;11.05.2013
11,4917;12.05.2013
33,9025;13.05.2013
34,9758;14.05.2013
32,9338;15.05.2013
35,7271;16.05.2013
36,5575;17.05.2013
23,6067;18.05.2013
14,2417;19.05.2013
27,9704;20.05.2013
43,0133;21.05.2013
34,2458;22.05.2013
45,5879;23.05.2013
47,0383;24.05.2013
32,5129;25.05.2013
21,0754;26.05.2013
43,475;27.05.2013
42,1992;28.05.2013
49,8004;29.05.2013
36,5304;30.05.2013
32,2204;31.05.2013
29,4363;01.06.2013
9,2646;02.06.2013
31,0742;03.06.2013
39,0017;04.06.2013
37,6863;05.06.2013
35,9879;06.06.2013
33,8096;07.06.2013
26,3754;08.06.2013
14,4242;09.06.2013
30,2654;10.06.2013
31,8208;11.06.2013
31,1292;12.06.2013
29,0804;13.06.2013
29,1621;14.06.2013
15,4404;15.06.2013
-3,3263;16.06.2013
37,0454;17.06.2013
33,4192;18.06.2013
34,4917;19.06.2013
37,6408;20.06.2013
30,3446;21.06.2013
15,9233;22.06.2013
11,8246;23.06.2013
33,5225;24.06.2013
34,0492;25.06.2013
29,6992;26.06.2013
38,0046;27.06.2013
33,5883;28.06.2013
27,9558;29.06.2013
16,5388;30.06.2013
31,6925;01.07.2013
37,5938;02.07.2013
40,4129;03.07.2013
41,2;04.07.2013
34,4063;05.07.2013
26,2383;06.07.2013
18,5579;07.07.2013
33,0392;08.07.2013
36,5858;09.07.2013
33,0621;10.07.2013
37,1029;11.07.2013
35,1379;12.07.2013
31,9371;13.07.2013
20,2967;14.07.2013
38,2675;15.07.2013
41,7242;16.07.2013
46,8554;17.07.2013
44,1904;18.07.2013
37,0258;19.07.2013
31,6204;20.07.2013
25,8638;21.07.2013
42,4646;22.07.2013
46,8783;23.07.2013
51,0242;24.07.2013
50,5121;25.07.2013
43,0046;26.07.2013
33,2283;27.07.2013
22,5088;28.07.2013
45,5896;29.07.2013
37,1954;30.07.2013
33,9104;31.07.2013
39,8592;01.08.2013
36,6838;02.08.2013
30,9108;03.08.2013
30,5167;04.08.2013
43,7492;05.08.2013
36,9975;06.08.2013
39,4021;07.08.2013
37,7675;08.08.2013
39,9408;09.08.2013
29,2271;10.08.2013
18,3954;11.08.2013
36,7008;12.08.2013
36,7504;13.08.2013
32,8688;14.08.2013
32,7654;15.08.2013
36,575;16.08.2013
32,0546;17.08.2013
23,2354;18.08.2013
56,135;19.08.2013
43,2671;20.08.2013
44,3067;21.08.2013
47,1504;22.08.2013
45,9433;23.08.2013
30,3025;24.08.2013
26,02;25.08.2013
44,0579;26.08.2013
50,0225;27.08.2013
52,6983;28.08.2013
53,0921;29.08.2013
45,2046;30.08.2013
32,6504;31.08.2013
27,3575;01.09.2013
32,8554;02.09.2013
49,115;03.09.2013
53,0671;04.09.2013
46,0458;05.09.2013
39,4308;06.09.2013
37,3146;07.09.2013
30,2375;08.09.2013
47,0042;09.09.2013
47,8858;10.09.2013
48,2317;11.09.2013
50,2892;12.09.2013
48,6492;13.09.2013
35,4279;14.09.2013
27,3579;15.09.2013
41,2221;16.09.2013
36,4588;17.09.2013
46,9579;18.09.2013
47,4992;19.09.2013
50,2417;20.09.2013
36,2025;21.09.2013
26,2825;22.09.2013
39,6954;23.09.2013
51,5671;24.09.2013
54,9554;25.09.2013
54,3333;26.09.2013
52,5329;27.09.2013
37,1775;28.09.2013
19,1779;29.09.2013
36,7896;30.09.2013
48,4013;01.10.2013
37,1846;02.10.2013
28,5471;03.10.2013
38,4154;04.10.2013
35,7571;05.10.2013
33,4933;06.10.2013
54,9988;07.10.2013
52,1463;08.10.2013
52,8167;09.10.2013
53,82;10.10.2013
40,84;11.10.2013
35,3583;12.10.2013
31,1404;13.10.2013
43,675;14.10.2013
49,2992;15.10.2013
50,2908;16.10.2013
31,5721;17.10.2013
37,1333;18.10.2013
28,5788;19.10.2013
24,4088;20.10.2013
44,4983;21.10.2013
37,7896;22.10.2013
32,8038;23.10.2013
40,3021;24.10.2013
39,3167;25.10.2013
28,9929;26.10.2013
11,8856;27.10.2013
19,8983;28.10.2013
30,5017;29.10.2013
38,7642;30.10.2013
36,5504;31.10.2013
32,6175;01.11.2013
28,8563;02.11.2013
11,32;03.11.2013
28,3496;04.11.2013
35,9513;05.11.2013
32,0283;06.11.2013
35,2829;07.11.2013
46,0117;08.11.2013
23,9588;09.11.2013
22,5954;10.11.2013
40,6608;11.11.2013
47,15;12.11.2013
47,4833;13.11.2013
48,8554;14.11.2013
47,3313;15.11.2013
35,0325;16.11.2013
36,2704;17.11.2013
44,88;18.11.2013
52,44;19.11.2013
49,5338;20.11.2013
53,9133;21.11.2013
48,9438;22.11.2013
42,9563;23.11.2013
30,0317;24.11.2013
45,6017;25.11.2013
54,3896;26.11.2013
44,275;27.11.2013
39,11;28.11.2013
37,3858;29.11.2013
33,2513;30.11.2013
28,0379;01.12.2013
57,4683;02.12.2013
55,1288;03.12.2013
47,8792;04.12.2013
34,3192;05.12.2013
30,785;06.12.2013
32,4792;07.12.2013
32,2904;08.12.2013
38,7075;09.12.2013
62,0175;10.12.2013
62,8875;11.12.2013
61,9104;12.12.2013
62,6538;13.12.2013
36,7846;14.12.2013
23,6363;15.12.2013
36,6758;16.12.2013
53,2129;17.12.2013
46,1963;18.12.2013
34,4688;19.12.2013
37,4633;20.12.2013
24,4121;21.12.2013
3,6367;22.12.2013
24,285;23.12.2013
-6,28;24.12.2013
23,7042;25.12.2013
33,7046;26.12.2013
23,085;27.12.2013
22,6517;28.12.2013
27,7679;29.12.2013
30,2683;30.12.2013
25,9813;31.12.2013
17,3788;01.01.2014
27,9258;02.01.2014
27,7067;03.01.2014
25,3671;04.01.2014
24,5488;05.01.2014
22,1663;06.01.2014
27,5167;07.01.2014
33,4879;08.01.2014
31,1304;09.01.2014
28,3121;10.01.2014
29,6613;11.01.2014
19,5917;12.01.2014
41,9446;13.01.2014
49,3521;14.01.2014
45,6888;15.01.2014
40,7513;16.01.2014
39,5813;17.01.2014
31,8692;18.01.2014
24,6921;19.01.2014
48,5179;20.01.2014
49,5075;21.01.2014
52,6829;22.01.2014
48,0096;23.01.2014
50,2063;24.01.2014
35,3217;25.01.2014
27,7804;26.01.2014
38,9429;27.01.2014
43,2025;28.01.2014
39,6638;29.01.2014
43,7467;30.01.2014
45,8517;31.01.2014
30,3604;01.02.2014
27,6267;02.02.2014
46,7746;03.02.2014
43,8517;04.02.2014
35,9767;05.02.2014
35,8846;06.02.2014
28,8467;07.02.2014
27,6838;08.02.2014
18,6521;09.02.2014
40,7317;10.02.2014
38,5017;11.02.2014
34,3183;12.02.2014
32,9454;13.02.2014
34,4983;14.02.2014
17,2688;15.02.2014
14,715;16.02.2014
38,8588;17.02.2014
40,7458;18.02.2014
43,9363;19.02.2014
34,9346;20.02.2014
34,56;21.02.2014
28,3563;22.02.2014
20,8963;23.02.2014
30,5396;24.02.2014
34,5588;25.02.2014
41,3404;26.02.2014
41,7246;27.02.2014
41,3504;28.02.2014
33,575;01.03.2014
29,1092;02.03.2014
38,0033;03.03.2014
46,8308;04.03.2014
42,6863;05.03.2014
39,9221;06.03.2014
33,4321;07.03.2014
27,8192;08.03.2014
18,3217;09.03.2014
34,5146;10.03.2014
33,2467;11.03.2014
35,8479;12.03.2014
38,4996;13.03.2014
34,9479;14.03.2014
14,0504;15.03.2014
-4,1275;16.03.2014
26,7204;17.03.2014
32,41;18.03.2014
25,0058;19.03.2014
26,4079;20.03.2014
27,6571;21.03.2014
29,5742;22.03.2014
26,4971;23.03.2014
37,3363;24.03.2014
38,5892;25.03.2014
35,8533;26.03.2014
33,1617;27.03.2014
35,4208;28.03.2014
29,3204;29.03.2014
25,1422;30.03.2014
36,5621;31.03.2014
40,0033;01.04.2014
38,6533;02.04.2014
35,0079;03.04.2014
32,9421;04.04.2014
30,9683;05.04.2014
25,4375;06.04.2014
37,1917;07.04.2014
27,3613;08.04.2014
28,3825;09.04.2014
40,15;10.04.2014
40,0163;11.04.2014
27,7529;12.04.2014
13,2533;13.04.2014
23,9004;14.04.2014
28,2508;15.04.2014
34,9713;16.04.2014
33,1783;17.04.2014
28,5113;18.04.2014
26,3913;19.04.2014
15,1621;20.04.2014
21,6817;21.04.2014
36,6863;22.04.2014
36,8654;23.04.2014
37,0063;24.04.2014
33,0021;25.04.2014
32,1067;26.04.2014
25,295;27.04.2014
41,0192;28.04.2014
40,1929;29.04.2014
36,1513;30.04.2014
22,8817;01.05.2014
29,2567;02.05.2014
28,2458;03.05.2014
17,8467;04.05.2014
36,2017;05.05.2014
32,3517;06.05.2014
34,3388;07.05.2014
31,3371;08.05.2014
28,4758;09.05.2014
21,9758;10.05.2014
-2,1596;11.05.2014
28,9708;12.05.2014
39,8888;13.05.2014
32,365;14.05.2014
37,6825;15.05.2014
32,355;16.05.2014
29,0488;17.05.2014
24,7708;18.05.2014
40,2842;19.05.2014
40,1975;20.05.2014
38,5588;21.05.2014
33,4488;22.05.2014
39,8508;23.05.2014
29,345;24.05.2014
22,4825;25.05.2014
36,2038;26.05.2014
37,45;27.05.2014
36,9608;28.05.2014
29,095;29.05.2014
36,5921;30.05.2014
23,0904;31.05.2014
20,3979;01.06.2014
37,0346;02.06.2014
42,5033;03.06.2014
38,8004;04.06.2014
32,3042;05.06.2014
31,1929;06.06.2014
26,9067;07.06.2014
21,7579;08.06.2014
25,9796;09.06.2014
33,4233;10.06.2014
39,0504;11.06.2014
37,8758;12.06.2014
30,6613;13.06.2014
24,2179;14.06.2014
18,5029;15.06.2014
32,3892;16.06.2014
38,7204;17.06.2014
34,9558;18.06.2014
25,5617;19.06.2014
28,8863;20.06.2014
23,275;21.06.2014
18,1929;22.06.2014
34,5279;23.06.2014
39,68;24.06.2014
37,8871;25.06.2014
39,7267;26.06.2014
37,1467;27.06.2014
31,395;28.06.2014
28,0029;29.06.2014
34,7058;30.06.2014
34,3017;01.07.2014
34,745;02.07.2014
33,1638;03.07.2014
31,8983;04.07.2014
28,1125;05.07.2014
22,5317;06.07.2014
33,7358;07.07.2014
34,0196;08.07.2014
32,1758;09.07.2014
31,6117;10.07.2014
31,4596;11.07.2014
29,4621;12.07.2014
24,4833;13.07.2014
31,9392;14.07.2014
33,3508;15.07.2014
35,5867;16.07.2014
36,2717;17.07.2014
35,9354;18.07.2014
28,8371;19.07.2014
21,9996;20.07.2014
33,9138;21.07.2014
33,7154;22.07.2014
32,3525;23.07.2014
34,2779;24.07.2014
34,345;25.07.2014
31,4729;26.07.2014
27,2254;27.07.2014
36,0046;28.07.2014
34,4196;29.07.2014
32,7338;30.07.2014
32,1571;31.07.2014
32,5946;01.08.2014
20,8275;02.08.2014
17,6779;03.08.2014
33,3496;04.08.2014
33,5917;05.08.2014
31,0029;06.08.2014
32,2546;07.08.2014
31,8542;08.08.2014
21,6308;09.08.2014
13,4083;10.08.2014
23,3942;11.08.2014
30,9483;12.08.2014
35,6092;13.08.2014
30,3113;14.08.2014
29,5229;15.08.2014
20,1992;16.08.2014
-2,4017;17.08.2014
21,5754;18.08.2014
29,9796;19.08.2014
31,0271;20.08.2014
33,1975;21.08.2014
31,7425;22.08.2014
28,4696;23.08.2014
18,2325;24.08.2014
35,9821;25.08.2014
40,2696;26.08.2014
37,5063;27.08.2014
35,9913;28.08.2014
34,9488;29.08.2014
27,5933;30.08.2014
23,5371;31.08.2014
33,6063;01.09.2014
34,9717;02.09.2014
31,4567;03.09.2014
31,0996;04.09.2014
35,4217;05.09.2014
31,2758;06.09.2014
27,7913;07.09.2014
36,0763;08.09.2014
38,3058;09.09.2014
37,6125;10.09.2014
38,5096;11.09.2014
37,4692;12.09.2014
30,0192;13.09.2014
25,8604;14.09.2014
37,0046;15.09.2014
38,0221;16.09.2014
33,6054;17.09.2014
36,3363;18.09.2014
41,1533;19.09.2014
37,2192;20.09.2014
28,8992;21.09.2014
29,0883;22.09.2014
39,8758;23.09.2014
37,3517;24.09.2014
36,3929;25.09.2014
34,5817;26.09.2014
32,3642;27.09.2014
26,2888;28.09.2014
40,7358;29.09.2014
45,2158;30.09.2014
48,1921;01.10.2014
46,4292;02.10.2014
31,8004;03.10.2014
29,3458;04.10.2014
31,0008;05.10.2014
34,8171;06.10.2014
29,7958;07.10.2014
35,7946;08.10.2014
32,5983;09.10.2014
39,4392;10.10.2014
34,435;11.10.2014
30,5533;12.10.2014
37,5529;13.10.2014
41,6925;14.10.2014
42,72;15.10.2014
41,9038;16.10.2014
40,3013;17.10.2014
30,3392;18.10.2014
14,7479;19.10.2014
28,7583;20.10.2014
32,1346;21.10.2014
26,2321;22.10.2014
40,9238;23.10.2014
36,3425;24.10.2014
31,7929;25.10.2014
26,2408;26.10.2014
33,0996;27.10.2014
36,0675;28.10.2014
43,3021;29.10.2014
47,0292;30.10.2014
37,1663;31.10.2014
25,2321;01.11.2014
16,7217;02.11.2014
24,7183;03.11.2014
32,6454;04.11.2014
45,23;05.11.2014
49,1521;06.11.2014
35,3375;07.11.2014
27,8221;08.11.2014
23,6421;09.11.2014
40,7804;10.11.2014
36,3071;11.11.2014
40,3779;12.11.2014
43,21;13.11.2014
36,5663;14.11.2014
31,3904;15.11.2014
26,3058;16.11.2014
43,5875;17.11.2014
46,0942;18.11.2014
47,5775;19.11.2014
46,5958;20.11.2014
44,8092;21.11.2014
34,3658;22.11.2014
25,1738;23.11.2014
40,0317;24.11.2014
47,8983;25.11.2014
43,505;26.11.2014
42,6979;27.11.2014
31,3313;28.11.2014
31,5429;29.11.2014
30,5142;30.11.2014
39,33;01.12.2014
51,4946;02.12.2014
54,6929;03.12.2014
55,4813;04.12.2014
53,8163;05.12.2014
42,8825;06.12.2014
31,1075;07.12.2014
41,6021;08.12.2014
49,5279;09.12.2014
33,0125;10.12.2014
29,7679;11.12.2014
29,9092;12.12.2014
32,9654;13.12.2014
34,1221;14.12.2014
39,5879;15.12.2014
45,7517;16.12.2014
38,8867;17.12.2014
29,5875;18.12.2014
23,0963;19.12.2014
6,78;20.12.2014
10,5025;21.12.2014
7,6763;22.12.2014
16,2967;23.12.2014
9,3754;24.12.2014
12,3513;25.12.2014
33,1967;26.12.2014
27,2875;27.12.2014
30,365;28.12.2014
39,045;29.12.2014
37,775;30.12.2014
32,2867;31.12.2014
16,3104;01.01.2015
4,4529;02.01.2015
18,2554;03.01.2015
12,9808;04.01.2015
35,8571;05.01.2015
33,8792;06.01.2015
38,7175;07.01.2015
28,48;08.01.2015
24,2513;09.01.2015
12,8625;10.01.2015
1,1033;11.01.2015
22,5625;12.01.2015
24,8054;13.01.2015
27,2125;14.01.2015
25,3671;15.01.2015
33,0846;16.01.2015
31,4988;17.01.2015
26,9917;18.01.2015
42,5783;19.01.2015
47,0371;20.01.2015
44,9875;21.01.2015
43,8217;22.01.2015
42,3704;23.01.2015
29,7788;24.01.2015
28,275;25.01.2015
37,5029;26.01.2015
32,9367;27.01.2015
28,1817;28.01.2015
26,2375;29.01.2015
38,2375;30.01.2015
29,8146;31.01.2015
29,2292;01.02.2015
42,3783;02.02.2015
45,5304;03.02.2015
48,2829;04.02.2015
44,0396;05.02.2015
39,2979;06.02.2015
26,9138;07.02.2015
12,4417;08.02.2015
27,555;09.02.2015
44,1792;10.02.2015
48,3242;11.02.2015
48,3842;12.02.2015
38,7;13.02.2015
32,665;14.02.2015
29,4275;15.02.2015
35,5313;16.02.2015
42,9446;17.02.2015
43,1971;18.02.2015
38,1442;19.02.2015
30,7771;20.02.2015
30,3425;21.02.2015
33,5246;22.02.2015
31,6796;23.02.2015
34,6408;24.02.2015
44,2754;25.02.2015
37,2967;26.02.2015
38,8638;27.02.2015
29,5075;28.02.2015
10,7467;01.03.2015
26,7421;02.03.2015
27,2108;03.03.2015
26,1354;04.03.2015
36,3675;05.03.2015
39,9442;06.03.2015
28,6779;07.03.2015
22,4804;08.03.2015
38,9296;09.03.2015
37,895;10.03.2015
34,8546;11.03.2015
39,4625;12.03.2015
36,6683;13.03.2015
31,9475;14.03.2015
27,5479;15.03.2015
30,8442;16.03.2015
31,9325;17.03.2015
36,435;18.03.2015
37,2313;19.03.2015
35,3025;20.03.2015
30,9679;21.03.2015
25,9838;22.03.2015
41,195;23.03.2015
48,2779;24.03.2015
39,5413;25.03.2015
40,7325;26.03.2015
33,6879;27.03.2015
27,0621;28.03.2015
12,1335;29.03.2015
16,0525;30.03.2015
17,8471;31.03.2015
19,1017;01.04.2015
32,2463;02.04.2015
23,7079;03.04.2015
27,9821;04.04.2015
25,4021;05.04.2015
25,8433;06.04.2015
36,3658;07.04.2015
41,9825;08.04.2015
42,3696;09.04.2015
35,525;10.04.2015
23,5546;11.04.2015
-0,7983;12.04.2015
21,1738;13.04.2015
32,5667;14.04.2015
26,9621;15.04.2015
34,2929;16.04.2015
37,2913;17.04.2015
26,8592;18.04.2015
23,2704;19.04.2015
32,6938;20.04.2015
30,4133;21.04.2015
35,7004;22.04.2015
34,7142;23.04.2015
33,4133;24.04.2015
26,6146;25.04.2015
22,9692;26.04.2015
35,0354;27.04.2015
37,1317;28.04.2015
32,3704;29.04.2015
34,9763;30.04.2015
23,2067;01.05.2015
26,1054;02.05.2015
17,125;03.05.2015
30,8538;04.05.2015
26,7738;05.05.2015
25,9996;06.05.2015
27,865;07.05.2015
29,8792;08.05.2015
17,2796;09.05.2015
2,3904;10.05.2015
29,2417;11.05.2015
29,3642;12.05.2015
26,3988;13.05.2015
20,2104;14.05.2015
30,5771;15.05.2015
20,4917;16.05.2015
12,2663;17.05.2015
30,0813;18.05.2015
28,7475;19.05.2015
34,7658;20.05.2015
33,9921;21.05.2015
31,19;22.05.2015
24,4238;23.05.2015
19,7167;24.05.2015
23,5208;25.05.2015
33,1983;26.05.2015
31,9638;27.05.2015
30,4925;28.05.2015
31,1242;29.05.2015
21,5467;30.05.2015
15,3038;31.05.2015
31,4383;01.06.2015
22,03;02.06.2015
27,75;03.06.2015
28,9292;04.06.2015
29,6117;05.06.2015
23,6288;06.06.2015
18,0133;07.06.2015
30,6358;08.06.2015
33,7817;09.06.2015
32,4304;10.06.2015
35,7571;11.06.2015
35,2017;12.06.2015
26,5058;13.06.2015
18,49;14.06.2015
31,9033;15.06.2015
37,4663;16.06.2015
31,3608;17.06.2015
32,575;18.06.2015
32,3967;19.06.2015
28,0779;20.06.2015
23,4671;21.06.2015
33,2517;22.06.2015
31,8658;23.06.2015
30,5875;24.06.2015
36,465;25.06.2015
36,2683;26.06.2015
29,3788;27.06.2015
20,985;28.06.2015
36,1246;29.06.2015
35,5542;30.06.2015
33,5796;01.07.2015
33,8967;02.07.2015
44,7596;03.07.2015
33,6196;04.07.2015
28,2788;05.07.2015
37,0533;06.07.2015
49,0158;07.07.2015
29,5721;08.07.2015
28,7025;09.07.2015
32,1433;10.07.2015
33,2138;11.07.2015
27,8996;12.07.2015
40,9771;13.07.2015
41,6138;14.07.2015
47,7263;15.07.2015
45,5871;16.07.2015
38,0483;17.07.2015
37,635;18.07.2015
29,8375;19.07.2015
41,7679;20.07.2015
45,6;21.07.2015
46,7013;22.07.2015
47,1783;23.07.2015
45,4992;24.07.2015
15,83;25.07.2015
11,0383;26.07.2015
31,1138;27.07.2015
24,5571;28.07.2015
27,4017;29.07.2015
24,4958;30.07.2015
30,5233;31.07.2015
22,3967;01.08.2015
17,2867;02.08.2015
28,9342;03.08.2015
33,1992;04.08.2015
34,8071;05.08.2015
34,445;06.08.2015
34,2171;07.08.2015
28,2854;08.08.2015
26,985;09.08.2015
34,3142;10.08.2015
38,7883;11.08.2015
37,5875;12.08.2015
34,2071;13.08.2015
30,4704;14.08.2015
32,3817;15.08.2015
30,0679;16.08.2015
40,4454;17.08.2015
37,5763;18.08.2015
39,4571;19.08.2015
37,3504;20.08.2015
31,915;21.08.2015
27,5225;22.08.2015
16,8733;23.08.2015
30,9133;24.08.2015
25,9971;25.08.2015
29,3071;26.08.2015
30,8863;27.08.2015
41,0029;28.08.2015
30,0396;29.08.2015
26,5988;30.08.2015
35,4996;31.08.2015
39,135;01.09.2015
37,6246;02.09.2015
40,7558;03.09.2015
33,02;04.09.2015
19,7383;05.09.2015
1,5146;06.09.2015
32,5229;07.09.2015
35,4704;08.09.2015
34,5333;09.09.2015
33,7488;10.09.2015
33,4704;11.09.2015
30,6279;12.09.2015
25,9696;13.09.2015
33,9075;14.09.2015
28,2542;15.09.2015
33,9263;16.09.2015
27,7046;17.09.2015
36,4675;18.09.2015
30,5417;19.09.2015
21,8838;20.09.2015
36,7225;21.09.2015
33,4379;22.09.2015
43,2492;23.09.2015
32,0221;24.09.2015
35,3821;25.09.2015
32,9438;26.09.2015
26,0125;27.09.2015
34,4675;28.09.2015
34,37;29.09.2015
37,015;30.09.2015
39,0179;01.10.2015
37,9804;02.10.2015
28,8529;03.10.2015
31,1833;04.10.2015
39,2983;05.10.2015
37,2267;06.10.2015
40,4804;07.10.2015
47,1413;08.10.2015
44,3358;09.10.2015
33,6446;10.10.2015
21,905;11.10.2015
34,8354;12.10.2015
42,1546;13.10.2015
44,7021;14.10.2015
39,8521;15.10.2015
47,3375;16.10.2015
40,4633;17.10.2015
37,4783;18.10.2015
50,7204;19.10.2015
48,4029;20.10.2015
41,6954;21.10.2015
37,2058;22.10.2015
37,7842;23.10.2015
32,8067;24.10.2015
33,3236;25.10.2015
39,5217;26.10.2015
40,3688;27.10.2015
42,1963;28.10.2015
49,6417;29.10.2015
43,1958;30.10.2015
35,7279;31.10.2015
31,5725;01.11.2015
39,9596;02.11.2015
41,645;03.11.2015
42,31;04.11.2015
43,9679;05.11.2015
36,6675;06.11.2015
29,4504;07.11.2015
20,6388;08.11.2015
28,6808;09.11.2015
28,8433;10.11.2015
35,0792;11.11.2015
36,4463;12.11.2015
32,09;13.11.2015
20,6913;14.11.2015
23,8321;15.11.2015
30,5117;16.11.2015
31,7208;17.11.2015
20,4383;18.11.2015
24,8454;19.11.2015
38,1688;20.11.2015
29,7392;21.11.2015
26,0154;22.11.2015
49,4263;23.11.2015
35,2083;24.11.2015
41,7338;25.11.2015
51,2658;26.11.2015
36,7692;27.11.2015
27,8692;28.11.2015
10,8146;29.11.2015
25,28;30.11.2015
35,6654;01.12.2015
36,4;02.12.2015
42,5342;03.12.2015
30,7267;04.12.2015
23,4988;05.12.2015
17,5571;06.12.2015
40,6113;07.12.2015
34,7292;08.12.2015
34,945;09.12.2015
29,4608;10.12.2015
26,4033;11.12.2015
25,8225;12.12.2015
27,1021;13.12.2015
41,9413;14.12.2015
42,6121;15.12.2015
36,9679;16.12.2015
32,4679;17.12.2015
32,6446;18.12.2015
26,8696;19.12.2015
17,3304;20.12.2015
24,9821;21.12.2015
16,975;22.12.2015
19,5083;23.12.2015
17,2713;24.12.2015
13,3025;25.12.2015
6,7921;26.12.2015
15,5271;27.12.2015
30,8092;28.12.2015
30,9571;29.12.2015
26,8638;30.12.2015
21,9204;31.12.2015
24,9492;01.01.2016
18,1371;02.01.2016
14,1454;03.01.2016
27,4746;04.01.2016
33,3892;05.01.2016
33,6063;06.01.2016
33,3954;07.01.2016
26,9675;08.01.2016
28,8971;09.01.2016
20,5629;10.01.2016
33,6163;11.01.2016
29,4463;12.01.2016
29,1604;13.01.2016
33,5942;14.01.2016
35,4042;15.01.2016
28,3175;16.01.2016
27,5663;17.01.2016
38,8663;18.01.2016
48,2021;19.01.2016
48,7267;20.01.2016
52,1796;21.01.2016
33,2925;22.01.2016
28,2796;23.01.2016
26,345;24.01.2016
28,3404;25.01.2016
25,5104;26.01.2016
19,2025;27.01.2016
25,8021;28.01.2016
22,6475;29.01.2016
12,0521;30.01.2016
12,0513;31.01.2016
21,2542;01.02.2016
16,5696;02.02.2016
22,8667;03.02.2016
26,3633;04.02.2016
27,8604;05.02.2016
16,2963;06.02.2016
9,7729;07.02.2016
13,6413;08.02.2016
16,1521;09.02.2016
24,3292;10.02.2016
25,7154;11.02.2016
28,5917;12.02.2016
22,9367;13.02.2016
15,3663;14.02.2016
24,5271;15.02.2016
32,3688;16.02.2016
26,0892;17.02.2016
27,8638;18.02.2016
27,3625;19.02.2016
14,19;20.02.2016
8,9238;21.02.2016
19,1896;22.02.2016
24,5192;23.02.2016
23,9513;24.02.2016
27,88;25.02.2016
27,8338;26.02.2016
23,0008;27.02.2016
18,3367;28.02.2016
23,945;29.02.2016
24,9971;01.03.2016
24,0492;02.03.2016
28,1904;03.03.2016
24,8838;04.03.2016
23,1263;05.03.2016
21,3338;06.03.2016
29,4229;07.03.2016
28,3638;08.03.2016
25,7492;09.03.2016
26,155;10.03.2016
27,9225;11.03.2016
27,8146;12.03.2016
22,9267;13.03.2016
27,4546;14.03.2016
27,1454;15.03.2016
25,4096;16.03.2016
27,6308;17.03.2016
25,2408;18.03.2016
24,5492;19.03.2016
17,8829;20.03.2016
25,3008;21.03.2016
28,4225;22.03.2016
26,4421;23.03.2016
27,7838;24.03.2016
25,4529;25.03.2016
20,0908;26.03.2016
10,4117;27.03.2016
1,5221;28.03.2016
22,0667;29.03.2016
27,1938;30.03.2016
27,9421;31.03.2016
27,5963;01.04.2016
21,4983;02.04.2016
17,6896;03.04.2016
27,1392;04.04.2016
26,8725;05.04.2016
22,62;06.04.2016
22,8208;07.04.2016
28,3471;08.04.2016
24,1367;09.04.2016
19,3071;10.04.2016
23,5942;11.04.2016
28,355;12.04.2016
28,5379;13.04.2016
26,7388;14.04.2016
25,2375;15.04.2016
18,8946;16.04.2016
18,5125;17.04.2016
23,9317;18.04.2016
20,5404;19.04.2016
23,9096;20.04.2016
26,5867;21.04.2016
25,7458;22.04.2016
22,5988;23.04.2016
15,5492;24.04.2016
26,4871;25.04.2016
26,9946;26.04.2016
26,0913;27.04.2016
29,8958;28.04.2016
25,6542;29.04.2016
24,5217;30.04.2016
18,6317;01.05.2016
27,8283;02.05.2016
28,2742;03.05.2016
27,36;04.05.2016
19,45;05.05.2016
22,5354;06.05.2016
14,77;07.05.2016
-12,89;08.05.2016
21,5633;09.05.2016
27,0346;10.05.2016
25,0733;11.05.2016
25,3046;12.05.2016
27,3625;13.05.2016
12,85;14.05.2016
7,4004;15.05.2016
20,7875;16.05.2016
30,3029;17.05.2016
30,6279;18.05.2016
33,3558;19.05.2016
27,6613;20.05.2016
21,8183;21.05.2016
5,6517;22.05.2016
29,2317;23.05.2016
29,41;24.05.2016
30,5229;25.05.2016
27,5475;26.05.2016
28,6708;27.05.2016
23,7154;28.05.2016
13,4742;29.05.2016
24,8133;30.05.2016
28,6738;31.05.2016
30,4729;01.06.2016
28,7754;02.06.2016
29,0804;03.06.2016
25,1492;04.06.2016
20,3179;05.06.2016
30,5163;06.06.2016
29,1175;07.06.2016
29,0842;08.06.2016
30,6775;09.06.2016
26,1867;10.06.2016
26,3779;11.06.2016
22,4175;12.06.2016
29,2992;13.06.2016
30,1446;14.06.2016
30,5821;15.06.2016
30,5825;16.06.2016
28,04;17.06.2016
21,9813;18.06.2016
17,3988;19.06.2016
26,9567;20.06.2016
33,0867;21.06.2016
32,4463;22.06.2016
29,4121;23.06.2016
30,5813;24.06.2016
27,985;25.06.2016
16,335;26.06.2016
27,7704;27.06.2016
33,0783;28.06.2016
27,3267;29.06.2016
29,6333;30.06.2016
27,1083;01.07.2016
21,0575;02.07.2016
14,2429;03.07.2016
30,8267;04.07.2016
26,9792;05.07.2016
16,2104;06.07.2016
29,5821;07.07.2016
28,6604;08.07.2016
20,4733;09.07.2016
15,2917;10.07.2016
25,2275;11.07.2016
29,8654;12.07.2016
32,5767;13.07.2016
25,1992;14.07.2016
25,9983;15.07.2016
24,8442;16.07.2016
21,4913;17.07.2016
29,8288;18.07.2016
32,4333;19.07.2016
29,4446;20.07.2016
32,7771;21.07.2016
31,7442;22.07.2016
29,5604;23.07.2016
27,0917;24.07.2016
33,2163;25.07.2016
32,9367;26.07.2016
33,5175;27.07.2016
31,615;28.07.2016
30,0554;29.07.2016
27,7013;30.07.2016
25,2804;31.07.2016
29,7313;01.08.2016
32,5517;02.08.2016
29,2675;03.08.2016
27,89;04.08.2016
31,5479;05.08.2016
24,5679;06.08.2016
15,4017;07.08.2016
21,27;08.08.2016
28,7713;09.08.2016
28,1454;10.08.2016
28,8425;11.08.2016
28,0242;12.08.2016
18,81;13.08.2016
21,7504;14.08.2016
27,9817;15.08.2016
29,6621;16.08.2016
29,7771;17.08.2016
30,5892;18.08.2016
30,7317;19.08.2016
24,8746;20.08.2016
15,0883;21.08.2016
28,3358;22.08.2016
31,3788;23.08.2016
29,7729;24.08.2016
28,8046;25.08.2016
29,4367;26.08.2016
26,2283;27.08.2016
21,705;28.08.2016
28,9454;29.08.2016
32,1104;30.08.2016
30,6654;31.08.2016
31,2558;01.09.2016
30,5454;02.09.2016
29,4854;03.09.2016
24,44;04.09.2016
36,7783;05.09.2016
33,0892;06.09.2016
30,765;07.09.2016
30,9713;08.09.2016
32,3242;09.09.2016
28,3988;10.09.2016
27,2542;11.09.2016
33,1271;12.09.2016
31,9325;13.09.2016
29,0875;14.09.2016
27,9663;15.09.2016
32,4483;16.09.2016
27,6046;17.09.2016
24,7363;18.09.2016
34,7875;19.09.2016
34,5333;20.09.2016
35,0246;21.09.2016
32,5942;22.09.2016
31,0996;23.09.2016
29,3596;24.09.2016
23,0675;25.09.2016
36,4871;26.09.2016
34,9042;27.09.2016
24,5925;28.09.2016
22,4383;29.09.2016
33,7175;30.09.2016
33,1342;01.10.2016
30,0221;02.10.2016
30,5775;03.10.2016
30,3283;04.10.2016
29,6754;05.10.2016
31,1883;06.10.2016
38,3871;07.10.2016
36,0817;08.10.2016
33,2888;09.10.2016
50,1875;10.10.2016
38,3133;11.10.2016
36,8671;12.10.2016
34,0746;13.10.2016
29,7046;14.10.2016
31,06;15.10.2016
33,7;16.10.2016
41,9442;17.10.2016
40,0267;18.10.2016
40,4113;19.10.2016
40,5142;20.10.2016
39,5792;21.10.2016
37,755;22.10.2016
34,71;23.10.2016
41,9208;24.10.2016
52,8613;25.10.2016
45,1742;26.10.2016
39,5954;27.10.2016
35,9592;28.10.2016
34,3842;29.10.2016
36,5056;30.10.2016
43,0642;31.10.2016
34,7467;01.11.2016
33,0321;02.11.2016
45,5992;03.11.2016
40,3542;04.11.2016
38,8625;05.11.2016
35,4571;06.11.2016
38,0125;07.11.2016
54,2483;08.11.2016
48,3;09.11.2016
51,7788;10.11.2016
47,6563;11.11.2016
39,8238;12.11.2016
37,0371;13.11.2016
39,8554;14.11.2016
40,1383;15.11.2016
43,0288;16.11.2016
33,9617;17.11.2016
24,1746;18.11.2016
31,5592;19.11.2016
-0,3158;20.11.2016
33,8267;21.11.2016
38,3396;22.11.2016
45,3867;23.11.2016
39,7258;24.11.2016
42,7271;25.11.2016
38,6388;26.11.2016
31,1213;27.11.2016
40,7775;28.11.2016
42,8092;29.11.2016
36,0133;30.11.2016
27,6258;01.12.2016
38,6054;02.12.2016
40,985;03.12.2016
38,2554;04.12.2016
48,8525;05.12.2016
58,3329;06.12.2016
37,93;07.12.2016
30,4192;08.12.2016
35,8463;09.12.2016
32,1975;10.12.2016
28,9754;11.12.2016
47,4529;12.12.2016
49,1975;13.12.2016
60,0583;14.12.2016
49,8458;15.12.2016
53,0596;16.12.2016
46,7917;17.12.2016
43,6929;18.12.2016
57,4071;19.12.2016
48,825;20.12.2016
40,0538;21.12.2016
45,2338;22.12.2016
38,1696;23.12.2016
8,4525;24.12.2016
-2,695;25.12.2016
-12,2479;26.12.2016
4,4804;27.12.2016
41,3029;28.12.2016
46,4379;29.12.2016
41,9929;30.12.2016
36,2775;31.12.2016
29,3788;01.01.2017
46,2458;02.01.2017
38,6338;03.01.2017
27,0546;04.01.2017
49,9608;05.01.2017
49,5542;06.01.2017
38,5233;07.01.2017
42,6413;08.01.2017
55,9192;09.01.2017
54,6058;10.01.2017
35,9175;11.01.2017
34,1767;12.01.2017
39,7963;13.01.2017
33,33;14.01.2017
35,6171;15.01.2017
80,2771;16.01.2017
85,3733;17.01.2017
69,7358;18.01.2017
66,8579;19.01.2017
62,8838;20.01.2017
48,2604;21.01.2017
41,3554;22.01.2017
75,6363;23.01.2017
101,9217;24.01.2017
86,0075;25.01.2017
48,9654;26.01.2017
43,7896;27.01.2017
42,3917;28.01.2017
37,6492;29.01.2017
51,9192;30.01.2017
69,1825;31.01.2017
51,2988;01.02.2017
44,8808;02.02.2017
48,1542;03.02.2017
45,2992;04.02.2017
43,5129;05.02.2017
61,7863;06.02.2017
53,4167;07.02.2017
59,6621;08.02.2017
57,9221;09.02.2017
44,8592;10.02.2017
38,5483;11.02.2017
33,1258;12.02.2017
42,3338;13.02.2017
42,9813;14.02.2017
47,3204;15.02.2017
40,625;16.02.2017
43,0217;17.02.2017
40,1921;18.02.2017
28,4167;19.02.2017
31,1979;20.02.2017
32,6775;21.02.2017
24,1417;22.02.2017
25,5988;23.02.2017
28,7463;24.02.2017
29,7258;25.02.2017
13,5708;26.02.2017
28,9533;27.02.2017
29,6758;28.02.2017
35,6317;01.03.2017
27,3483;02.03.2017
38,2663;03.03.2017
33,845;04.03.2017
17,8421;05.03.2017
38,8375;06.03.2017
44,505;07.03.2017
36,4146;08.03.2017
38,2229;09.03.2017
33,5583;10.03.2017
32,9454;11.03.2017
18,7642;12.03.2017
36,3121;13.03.2017
34,5571;14.03.2017
33,6725;15.03.2017
34,4158;16.03.2017
28,485;17.03.2017
19,6717;18.03.2017
13,5675;19.03.2017
29,0596;20.03.2017
30,4688;21.03.2017
35,4983;22.03.2017
34,165;23.03.2017
34,2858;24.03.2017
28,3538;25.03.2017
27,9626;26.03.2017
34,9604;27.03.2017
34,4821;28.03.2017
31,2246;29.03.2017
33,6204;30.03.2017
31,6429;31.03.2017
30,3808;01.04.2017
29,5508;02.04.2017
37,705;03.04.2017
38,6475;04.04.2017
32,6879;05.04.2017
29,99;06.04.2017
33,8308;07.04.2017
34,4763;08.04.2017
28,2275;09.04.2017
27,3742;10.04.2017
33,5113;11.04.2017
27,6846;12.04.2017
29,27;13.04.2017
30,2938;14.04.2017
14,6038;15.04.2017
18,5658;16.04.2017
25,2971;17.04.2017
34,3029;18.04.2017
37,0275;19.04.2017
37,1846;20.04.2017
27,6892;21.04.2017
12,2671;22.04.2017
11,1633;23.04.2017
31,1133;24.04.2017
36,1967;25.04.2017
39,9088;26.04.2017
36,785;27.04.2017
36,8704;28.04.2017
30,2333;29.04.2017
-6,7417;30.04.2017
-24,2713;01.05.2017
28,8696;02.05.2017
34,4933;03.05.2017
32,7846;04.05.2017
38,0458;05.05.2017
32,7763;06.05.2017
28,0454;07.05.2017
33,5125;08.05.2017
39,755;09.05.2017
38,8313;10.05.2017
33,9258;11.05.2017
35,6233;12.05.2017
31,985;13.05.2017
28,0292;14.05.2017
36,4333;15.05.2017
34,2296;16.05.2017
32,5188;17.05.2017
32,7375;18.05.2017
34,4675;19.05.2017
26,4658;20.05.2017
18,775;21.05.2017
36,0521;22.05.2017
33,4733;23.05.2017
32,2188;24.05.2017
27,8958;25.05.2017
32,5204;26.05.2017
27,0179;27.05.2017
20,3633;28.05.2017
36,9071;29.05.2017
36,835;30.05.2017
32,9588;31.05.2017
36,2613;01.06.2017
36,4467;02.06.2017
30,5046;03.06.2017
22,7621;04.06.2017
27,9563;05.06.2017
21,5304;06.06.2017
13,3129;07.06.2017
28,7883;08.06.2017
33,3788;09.06.2017
31,03;10.06.2017
20,9138;11.06.2017
24,6913;12.06.2017
32,7521;13.06.2017
37,4179;14.06.2017
32,1938;15.06.2017
20,1954;16.06.2017
24,4742;17.06.2017
28,7513;18.06.2017
38,0763;19.06.2017
35,5567;20.06.2017
39,53;21.06.2017
35,5704;22.06.2017
29,9508;23.06.2017
22,1508;24.06.2017
18,6254;25.06.2017
33,0333;26.06.2017
38,8479;27.06.2017
35,2817;28.06.2017
38,0771;29.06.2017
31,9871;30.06.2017
28,445;01.07.2017
24,175;02.07.2017
32,4213;03.07.2017
34,8871;04.07.2017
38,8354;05.07.2017
39,3575;06.07.2017
37,3213;07.07.2017
34,4021;08.07.2017
33,1317;09.07.2017
40,0533;10.07.2017
36,575;11.07.2017
34,6413;12.07.2017
33,8671;13.07.2017
36,8133;14.07.2017
32,4967;15.07.2017
30,4217;16.07.2017
37,4504;17.07.2017
37,6558;18.07.2017
35,9108;19.07.2017
37,2325;20.07.2017
35,925;21.07.2017
33,3225;22.07.2017
28,7675;23.07.2017
39,3371;24.07.2017
34,1438;25.07.2017
32,7958;26.07.2017
33,7417;27.07.2017
31,3604;28.07.2017
20,4346;29.07.2017
5,1492;30.07.2017
32,2108;31.07.2017
34,7371;01.08.2017
33,0492;02.08.2017
28,0725;03.08.2017
24,5567;04.08.2017
27,9938;05.08.2017
19,5342;06.08.2017
33,2642;07.08.2017
31,2925;08.08.2017
30,2729;09.08.2017
35,5079;10.08.2017
37,7313;11.08.2017
21,6758;12.08.2017
20,1429;13.08.2017
33,0808;14.08.2017
26,6292;15.08.2017
35,8854;16.08.2017
33,4767;17.08.2017
33,6833;18.08.2017
14,7225;19.08.2017
8,7033;20.08.2017
29,2958;21.08.2017
37,2192;22.08.2017
36,5679;23.08.2017
35,6479;24.08.2017
37,8492;25.08.2017
34,3275;26.08.2017
30,4475;27.08.2017
38,6646;28.08.2017
37,62;29.08.2017
36,1888;30.08.2017
38,4596;31.08.2017
38,7979;01.09.2017
33,9283;02.09.2017
30,8263;03.09.2017
36,55;04.09.2017
37,6638;05.09.2017
31,8713;06.09.2017
33,4029;07.09.2017
27,2421;08.09.2017
32,1542;09.09.2017
22,9667;10.09.2017
21,47;11.09.2017
29,4329;12.09.2017
13,605;13.09.2017
22,6938;14.09.2017
35,0258;15.09.2017
37,0283;16.09.2017
33,3875;17.09.2017
42,0733;18.09.2017
41,3346;19.09.2017
39,1492;20.09.2017
39,2583;21.09.2017
40,0725;22.09.2017
36,2421;23.09.2017
34,9475;24.09.2017
42,3633;25.09.2017
40,4438;26.09.2017
40,8821;27.09.2017
40,3;28.09.2017
39,7213;29.09.2017
35,6238;30.09.2017
29,8067;01.10.2017
18,305;02.10.2017
24,4838;03.10.2017
28,6096;04.10.2017
18,0258;05.10.2017
27,2529;06.10.2017
7,5479;07.10.2017
23,45;08.10.2017
42,3871;09.10.2017
37,3213;10.10.2017
34,2554;11.10.2017
25,38;12.10.2017
39,5521;13.10.2017
31,4992;14.10.2017
30,7467;15.10.2017
38,55;16.10.2017
37,5383;17.10.2017
52,5525;18.10.2017
46,3483;19.10.2017
37,7613;20.10.2017
34,24;21.10.2017
21,8538;22.10.2017
41,4167;23.10.2017
38,125;24.10.2017
33,7742;25.10.2017
40,4342;26.10.2017
30,4513;27.10.2017
-9,3025;28.10.2017
-52,1132;29.10.2017
31,9421;30.10.2017
36,9613;31.10.2017
30,8992;01.11.2017
34,0742;02.11.2017
50,4367;03.11.2017
34,5329;04.11.2017
30,4067;05.11.2017
51,0167;06.11.2017
52,5417;07.11.2017
67,2496;08.11.2017
51,5254;09.11.2017
31,515;10.11.2017
23,2375;11.11.2017
33,2475;12.11.2017
45,735;13.11.2017
40,1754;14.11.2017
64,6725;15.11.2017
47,5467;16.11.2017
42,8946;17.11.2017
19,7588;18.11.2017
9,42;19.11.2017
38,4808;20.11.2017
49,2983;21.11.2017
31,7154;22.11.2017
23,3625;23.11.2017
42,7267;24.11.2017
40,0283;25.11.2017
18,81;26.11.2017
29,2079;27.11.2017
37,4154;28.11.2017
71,5017;29.11.2017
67,5658;30.11.2017
61,0254;01.12.2017
40,2742;02.12.2017
33,3054;03.12.2017
34,8796;04.12.2017
35,9104;05.12.2017
31,2517;06.12.2017
34,1433;07.12.2017
30,6558;08.12.2017
15,7338;09.12.2017
17,4838;10.12.2017
41,6667;11.12.2017
34,3483;12.12.2017
26,875;13.12.2017
31,0083;14.12.2017
46,2588;15.12.2017
37,4442;16.12.2017
35,3338;17.12.2017
55,4183;18.12.2017
60,6713;19.12.2017
61,8304;20.12.2017
43,0417;21.12.2017
39,4875;22.12.2017
11,2538;23.12.2017
-11,7825;24.12.2017
6,7967;25.12.2017
-4,5921;26.12.2017
35,1675;27.12.2017
32,485;28.12.2017
20,8683;29.12.2017
12,8908;30.12.2017
2,6025;31.12.2017
-25,3046;01.01.2018
33,4371;02.01.2018
8,9688;03.01.2018
29,8638;04.01.2018
31,5088;05.01.2018
36,6017;06.01.2018
23,3871;07.01.2018
30,5042;08.01.2018
30,2638;09.01.2018
41,3333;10.01.2018
47,7304;11.01.2018
41,8779;12.01.2018
33,7767;13.01.2018
28,6425;14.01.2018
26,5742;15.01.2018
27,2192;16.01.2018
29,0379;17.01.2018
30,3196;18.01.2018
40,4771;19.01.2018
35,8692;20.01.2018
34,6117;21.01.2018
37,8983;22.01.2018
37,2754;23.01.2018
23,8808;24.01.2018
32,9708;25.01.2018
45,1458;26.01.2018
32,8079;27.01.2018
5,1125;28.01.2018
16,4854;29.01.2018
35,8088;30.01.2018
29,2238;31.01.2018
33,9754;01.02.2018
40,4783;02.02.2018
40,2842;03.02.2018
33,5596;04.02.2018
45,105;05.02.2018
47,1179;06.02.2018
47,2292;07.02.2018
49,8646;08.02.2018
40,7979;09.02.2018
39,3767;10.02.2018
11,4796;11.02.2018
32,8154;12.02.2018
39,6033;13.02.2018
39,8604;14.02.2018
34,1567;15.02.2018
40,3917;16.02.2018
40,6879;17.02.2018
36,5792;18.02.2018
50,3025;19.02.2018
49,0504;20.02.2018
46,7546;21.02.2018
47,4154;22.02.2018
44,2704;23.02.2018
23,9346;24.02.2018
35,1204;25.02.2018
46,6996;26.02.2018
48,6129;27.02.2018
37,6992;28.02.2018
30,0196;01.03.2018
40,42;02.03.2018
34,4917;03.03.2018
31,3267;04.03.2018
49,0588;05.03.2018
49,9213;06.03.2018
48,3813;07.03.2018
37,5288;08.03.2018
37,0775;09.03.2018
34,7608;10.03.2018
28,7208;11.03.2018
41,2196;12.03.2018
39,855;13.03.2018
46,7821;14.03.2018
24,6279;15.03.2018
29,3225;16.03.2018
3,9783;17.03.2018
1,7933;18.03.2018
49,1188;19.03.2018
42,9421;20.03.2018
51,8325;21.03.2018
43,5908;22.03.2018
52,89;23.03.2018
41,4013;24.03.2018
37,7222;25.03.2018
52,8163;26.03.2018
45,0729;27.03.2018
40,5342;28.03.2018
38,0929;29.03.2018
29,3913;30.03.2018
23,5917;31.03.2018
24,1717;01.04.2018
27,6075;02.04.2018
34,4167;03.04.2018
36,525;04.04.2018
32,5638;05.04.2018
35,2042;06.04.2018
16,4763;07.04.2018
22,9817;08.04.2018
42,6142;09.04.2018
36,0338;10.04.2018
31,5188;11.04.2018
29,8429;12.04.2018
38,5283;13.04.2018
35,3029;14.04.2018
31,6458;15.04.2018
46,6258;16.04.2018
43,8008;17.04.2018
41,0621;18.04.2018
39,8442;19.04.2018
38,6317;20.04.2018
30,0025;21.04.2018
18,5883;22.04.2018
32,5629;23.04.2018
34,3204;24.04.2018
27,2946;25.04.2018
30,4542;26.04.2018
39,6379;27.04.2018
29,0917;28.04.2018
21,3875;29.04.2018
12,95;30.04.2018
-5,7029;01.05.2018
39,9504;02.05.2018
39,9867;03.05.2018
40,5083;04.05.2018
28,4079;05.05.2018
19,6788;06.05.2018
34,3967;07.05.2018
27,47;08.05.2018
36,6238;09.05.2018
25,225;10.05.2018
42,2025;11.05.2018
32,5004;12.05.2018
16,6454;13.05.2018
34,6971;14.05.2018
42,4258;15.05.2018
41,6029;16.05.2018
35,3863;17.05.2018
39,1079;18.05.2018
36,3571;19.05.2018
16,6788;20.05.2018
5,6625;21.05.2018
42,7579;22.05.2018
42,3329;23.05.2018
38,9508;24.05.2018
40,3625;25.05.2018
37,0754;26.05.2018
32,8846;27.05.2018
43,7979;28.05.2018
42,9104;29.05.2018
46,6758;30.05.2018
42,2475;31.05.2018
51,2979;01.06.2018
40,2246;02.06.2018
32,4892;03.06.2018
46,8408;04.06.2018
51,01;05.06.2018
49,6913;06.06.2018
49,61;07.06.2018
49,3996;08.06.2018
42,4704;09.06.2018
39,3283;10.06.2018
48,5333;11.06.2018
49,7271;12.06.2018
48,1496;13.06.2018
43,6488;14.06.2018
49,4463;15.06.2018
40,2088;16.06.2018
24,3358;17.06.2018
44,3667;18.06.2018
46,5175;19.06.2018
46,795;20.06.2018
30,2367;21.06.2018
20,7254;22.06.2018
23,8871;23.06.2018
31,9342;24.06.2018
45,2013;25.06.2018
49,2663;26.06.2018
47,4879;27.06.2018
44,8933;28.06.2018
44,3167;29.06.2018
40,6575;30.06.2018
28,9192;01.07.2018
48,0683;02.07.2018
49,7592;03.07.2018
53,2092;04.07.2018
51,8117;05.07.2018
47,8133;06.07.2018
32,895;07.07.2018
34,2604;08.07.2018
46,6004;09.07.2018
52,9504;10.07.2018
52,4996;11.07.2018
53,3067;12.07.2018
50,8346;13.07.2018
48,1792;14.07.2018
45,8733;15.07.2018
53,8033;16.07.2018
52,1375;17.07.2018
49,75;18.07.2018
51,645;19.07.2018
53,5429;20.07.2018
50,1725;21.07.2018
46,2529;22.07.2018
55,0221;23.07.2018
56,6408;24.07.2018
58,4138;25.07.2018
55,0713;26.07.2018
53,6263;27.07.2018
46,4013;28.07.2018
44,8708;29.07.2018
55,1875;30.07.2018
56,3288;31.07.2018
56,3183;01.08.2018
59,4788;02.08.2018
62,7213;03.08.2018
51,1175;04.08.2018
50,485;05.08.2018
62,6929;06.08.2018
64,6775;07.08.2018
56,1075;08.08.2018
55,0646;09.08.2018
44,9417;10.08.2018
44,5192;11.08.2018
42,6458;12.08.2018
55,9913;13.08.2018
55,0579;14.08.2018
53,4492;15.08.2018
56,0354;16.08.2018
57,9542;17.08.2018
53,7733;18.08.2018
49,7671;19.08.2018
57,2229;20.08.2018
66,4463;21.08.2018
65,3975;22.08.2018
63,8675;23.08.2018
57,6013;24.08.2018
53,6463;25.08.2018
48,5017;26.08.2018
45,5688;27.08.2018
66,065;28.08.2018
62,8733;29.08.2018
57,4017;30.08.2018
64,4813;31.08.2018
59,7629;01.09.2018
52,9433;02.09.2018
63,5463;03.09.2018
66,5838;04.09.2018
66,6408;05.09.2018
65,3346;06.09.2018
62,4346;07.09.2018
50,1058;08.09.2018
49,1613;09.09.2018
64,31;10.09.2018
57,7958;11.09.2018
63,7838;12.09.2018
71,5229;13.09.2018
64,8404;14.09.2018
51,7888;15.09.2018
47,3367;16.09.2018
62,4083;17.09.2018
57,9604;18.09.2018
57,5983;19.09.2018
58,06;20.09.2018
40,7992;21.09.2018
25,4092;22.09.2018
44,1504;23.09.2018
38,88;24.09.2018
62,3396;25.09.2018
45,3775;26.09.2018
53,8892;27.09.2018
51,9679;28.09.2018
46,49;29.09.2018
41,7425;30.09.2018
61,2446;01.10.2018
42,3388;02.10.2018
18,2938;03.10.2018
65,1521;04.10.2018
60,2958;05.10.2018
57,9142;06.10.2018
54,9183;07.10.2018
63,8838;08.10.2018
71,565;09.10.2018
62,1721;10.10.2018
54,3517;11.10.2018
56,7704;12.10.2018
44,8817;13.10.2018
28,0858;14.10.2018
59,4492;15.10.2018
71,9979;16.10.2018
70,9104;17.10.2018
63,1642;18.10.2018
67,6129;19.10.2018
59,3788;20.10.2018
55,5071;21.10.2018
56,13;22.10.2018
34,6225;23.10.2018
44,5721;24.10.2018
48,74;25.10.2018
58,5263;26.10.2018
48,1242;27.10.2018
43,4608;28.10.2018
43,9742;29.10.2018
33,6729;30.10.2018
45,1392;31.10.2018
47,9133;01.11.2018
54,7688;02.11.2018
52,0429;03.11.2018
47,4675;04.11.2018
57,1942;05.11.2018
58,5496;06.11.2018
56,0079;07.11.2018
62,8704;08.11.2018
59,5146;09.11.2018
43,0654;10.11.2018
39,7283;11.11.2018
54,9046;12.11.2018
53,1079;13.11.2018
61,8679;14.11.2018
63,4792;15.11.2018
57,7692;16.11.2018
48,2071;17.11.2018
47,6042;18.11.2018
48,215;19.11.2018
46,6538;20.11.2018
55,3588;21.11.2018
77,8033;22.11.2018
80,3313;23.11.2018
61,9458;24.11.2018
53,8458;25.11.2018
73,6688;26.11.2018
75,5054;27.11.2018
52,9888;28.11.2018
50,3988;29.11.2018
57,5021;30.11.2018
46,8625;01.12.2018
30,1992;02.12.2018
44,6167;03.12.2018
50,6488;04.12.2018
59,2108;05.12.2018
54,7471;06.12.2018
42,5779;07.12.2018
11,8654;08.12.2018
8,9171;09.12.2018
36,1613;10.12.2018
55,37;11.12.2018
69,9142;12.12.2018
66,2429;13.12.2018
71,1592;14.12.2018
54,4067;15.12.2018
49,7092;16.12.2018
69,3908;17.12.2018
59,445;18.12.2018
56,4417;19.12.2018
56,6888;20.12.2018
49,6242;21.12.2018
36,6208;22.12.2018
42,6675;23.12.2018
46,8308;24.12.2018
19,0075;25.12.2018
47,4025;26.12.2018
60,015;27.12.2018
59,7967;28.12.2018
47,3367;29.12.2018
33,5333;30.12.2018
54,6858;31.12.2018
-4,2971;01.01.2019
25,9175;02.01.2019
57,7163;03.01.2019
49,91;04.01.2019
42,1808;05.01.2019
54,5454;06.01.2019
51,8125;07.01.2019
34,4967;08.01.2019
40,0013;09.01.2019
67,6721;10.01.2019
49,9183;11.01.2019
40,8017;12.01.2019
15,1008;13.01.2019
32,6108;14.01.2019
45,4479;15.01.2019
45,1988;16.01.2019
42,8367;17.01.2019
61,7325;18.01.2019
55,3883;19.01.2019
53,8917;20.01.2019
69,9004;21.01.2019
62,9988;22.01.2019
75,0833;23.01.2019
85,7958;24.01.2019
66,5021;25.01.2019
49,0863;26.01.2019
35,4396;27.01.2019
50,4017;28.01.2019
60,1883;29.01.2019
53,0729;30.01.2019
59,8425;31.01.2019
55,4758;01.02.2019
50,1929;02.02.2019
46,7233;03.02.2019
44,0513;04.02.2019
53,7888;05.02.2019
51,3175;06.02.2019
44,5488;07.02.2019
41,6158;08.02.2019
6,8079;09.02.2019
28,0258;10.02.2019
31,97;11.02.2019
46,7354;12.02.2019
45,3833;13.02.2019
49,0904;14.02.2019
47,6183;15.02.2019
39,2196;16.02.2019
39,0513;17.02.2019
46,3971;18.02.2019
41,3133;19.02.2019
45,6025;20.02.2019
43,2325;21.02.2019
47,2025;22.02.2019
40,1392;23.02.2019
39,9917;24.02.2019
44,4138;25.02.2019
44,6021;26.02.2019
44,2108;27.02.2019
40,2604;28.02.2019
45,8504;01.03.2019
41,2492;02.03.2019
10,2233;03.03.2019
13,3088;04.03.2019
31,3383;05.03.2019
34,7692;06.03.2019
29,0225;07.03.2019
26,3875;08.03.2019
7,9783;09.03.2019
17,5088;10.03.2019
38,6692;11.03.2019
36,5871;12.03.2019
18,0471;13.03.2019
32,5446;14.03.2019
25,2071;15.03.2019
17,2192;16.03.2019
0,4258;17.03.2019
31,9242;18.03.2019
45,3358;19.03.2019
41,4983;20.03.2019
39,7917;21.03.2019
40,5708;22.03.2019
35,6088;23.03.2019
33,4638;24.03.2019
32,2858;25.03.2019
36,4983;26.03.2019
40,1925;27.03.2019
42,3238;28.03.2019
39,8525;29.03.2019
35,0425;30.03.2019
28,6274;31.03.2019
38,0079;01.04.2019
33,8513;02.04.2019
42,2379;03.04.2019
42,0163;04.04.2019
42,2829;05.04.2019
38,3317;06.04.2019
37,9808;07.04.2019
44,4017;08.04.2019
41,9929;09.04.2019
42,8171;10.04.2019
44,7413;11.04.2019
44,9017;12.04.2019
41,4167;13.04.2019
37,25;14.04.2019
41,8288;15.04.2019
41,6158;16.04.2019
40,8083;17.04.2019
40,8417;18.04.2019
33,84;19.04.2019
34,5167;20.04.2019
31,5975;21.04.2019
-14,0088;22.04.2019
14,7513;23.04.2019
34,7013;24.04.2019
39,3113;25.04.2019
43,5413;26.04.2019
31,9875;27.04.2019
35,0925;28.04.2019
43,1533;29.04.2019
42,8688;30.04.2019
25,4708;01.05.2019
37,9417;02.05.2019
40,6954;03.05.2019
39,5133;04.05.2019
30,4875;05.05.2019
44,2871;06.05.2019
50,4688;07.05.2019
39,4733;08.05.2019
45,2533;09.05.2019
44,7938;10.05.2019
37,6075;11.05.2019
19,4246;12.05.2019
39,2346;13.05.2019
41,0058;14.05.2019
40,8508;15.05.2019
39,7275;16.05.2019
42,9525;17.05.2019
37,1896;18.05.2019
35,3621;19.05.2019
46,2908;20.05.2019
43,2875;21.05.2019
40,085;22.05.2019
40,6717;23.05.2019
40,4617;24.05.2019
36,6754;25.05.2019
21,5988;26.05.2019
35,3513;27.05.2019
43,3325;28.05.2019
41,7563;29.05.2019
16,0946;30.05.2019
35,805;31.05.2019
29,9629;01.06.2019
21,8675;02.06.2019
36,9029;03.06.2019
38,9921;04.06.2019
37,9296;05.06.2019
36,48;06.06.2019
37,6104;07.06.2019
-42,2396;08.06.2019
22,4996;09.06.2019
31,3679;10.06.2019
44,6679;11.06.2019
44,0021;12.06.2019
38,5117;13.06.2019
41,6175;14.06.2019
30,5758;15.06.2019
31,1496;16.06.2019
41,6588;17.06.2019
42,28;18.06.2019
41,1988;19.06.2019
36,3904;20.06.2019
38,6871;21.06.2019
31,6308;22.06.2019
20,92;23.06.2019
34,4733;24.06.2019
40,5175;25.06.2019
38,5646;26.06.2019
35,4738;27.06.2019
43,4517;28.06.2019
33,2504;29.06.2019
15,1325;30.06.2019
32,9625;01.07.2019
33,3517;02.07.2019
34,6625;03.07.2019
33,9825;04.07.2019
35,2613;05.07.2019
29,7604;06.07.2019
24,6633;07.07.2019
35,6921;08.07.2019
37,3875;09.07.2019
41,4696;10.07.2019
45,9129;11.07.2019
45,2442;12.07.2019
37,2438;13.07.2019
35,6146;14.07.2019
41,5558;15.07.2019
42,8913;16.07.2019
45,8838;17.07.2019
43,9338;18.07.2019
44,8079;19.07.2019
35,085;20.07.2019
31,5275;21.07.2019
42,6229;22.07.2019
46,6013;23.07.2019
50,6408;24.07.2019
50,2283;25.07.2019
44,5025;26.07.2019
36,1642;27.07.2019
32,0858;28.07.2019
45,5025;29.07.2019
44,5288;30.07.2019
48,465;31.07.2019
44,6621;01.08.2019
43,6996;02.08.2019
36,3658;03.08.2019
35,1517;04.08.2019
46,2846;05.08.2019
42,0621;06.08.2019
40,8683;07.08.2019
34,7179;08.08.2019
38,6879;09.08.2019
12,4388;10.08.2019
14,3517;11.08.2019
41,2408;12.08.2019
38,035;13.08.2019
38,7683;14.08.2019
30,5033;15.08.2019
35,6896;16.08.2019
26,2213;17.08.2019
27,685;18.08.2019
34,4313;19.08.2019
39,8013;20.08.2019
41,6838;21.08.2019
36,3096;22.08.2019
37,3238;23.08.2019
32,2904;24.08.2019
30,6358;25.08.2019
45,6563;26.08.2019
46,4163;27.08.2019
50,825;28.08.2019
44,4921;29.08.2019
41,3446;30.08.2019
33,6596;31.08.2019
30,1063;01.09.2019
39,175;02.09.2019
35,4042;03.09.2019
34,005;04.09.2019
31,7167;05.09.2019
32,4479;06.09.2019
35,9388;07.09.2019
36,8729;08.09.2019
45,5071;09.09.2019
36,82;10.09.2019
33,9275;11.09.2019
37,7796;12.09.2019
39,0175;13.09.2019
36,1988;14.09.2019
23,7563;15.09.2019
47,1504;16.09.2019
33,8683;17.09.2019
36,4792;18.09.2019
43,78;19.09.2019
42,6963;20.09.2019
34,6508;21.09.2019
29,6408;22.09.2019
44,1279;23.09.2019
47,445;24.09.2019
46,7446;25.09.2019
41,5663;26.09.2019
38,4375;27.09.2019
24,1029;28.09.2019
11,0567;29.09.2019
22,1013;30.09.2019
42,55;01.10.2019
40,8596;02.10.2019
40,0671;03.10.2019
43,6846;04.10.2019
36,8946;05.10.2019
31,995;06.10.2019
44,625;07.10.2019
34,8629;08.10.2019
35,195;09.10.2019
30,4621;10.10.2019
25,9733;11.10.2019
19,7304;12.10.2019
22,1438;13.10.2019
35,5625;14.10.2019
43,6304;15.10.2019
39,4625;16.10.2019
43,7654;17.10.2019
35,3546;18.10.2019
33,0854;19.10.2019
34,8296;20.10.2019
43,7225;21.10.2019
46,8283;22.10.2019
43,515;23.10.2019
38,6121;24.10.2019
36,1113;25.10.2019
20,2054;26.10.2019
20,762;27.10.2019
42,4446;28.10.2019
48,1142;29.10.2019
48,0221;30.10.2019
42,6346;31.10.2019
32,2658;01.11.2019
27,4754;02.11.2019
26,6883;03.11.2019
38,7017;04.11.2019
42,7021;05.11.2019
51,7908;06.11.2019
42,7167;07.11.2019
47,1225;08.11.2019
41,6925;09.11.2019
40,9725;10.11.2019
41,1063;11.11.2019
42,2004;12.11.2019
47,0796;13.11.2019
45,3233;14.11.2019
37,9;15.11.2019
38,0983;16.11.2019
36,8183;17.11.2019
41,3617;18.11.2019
46,4879;19.11.2019
53,2533;20.11.2019
50,0863;21.11.2019
43,58;22.11.2019
30,5788;23.11.2019
33,47;24.11.2019
51,1196;25.11.2019
47,3646;26.11.2019
39,4996;27.11.2019
30,4867;28.11.2019
40,0813;29.11.2019
42,0121;30.11.2019
42,4479;01.12.2019
46,1808;02.12.2019
51,3558;03.12.2019
47,9433;04.12.2019
41,8163;05.12.2019
31,0996;06.12.2019
24,9125;07.12.2019
-16,3833;08.12.2019
23,3654;09.12.2019
40,1738;10.12.2019
38,1196;11.12.2019
44,6175;12.12.2019
36,5325;13.12.2019
23,2292;14.12.2019
12,6813;15.12.2019
40,8383;16.12.2019
36,7158;17.12.2019
40,2042;18.12.2019
34,6454;19.12.2019
29,4063;20.12.2019
28,1075;21.12.2019
26,4754;22.12.2019
24,4963;23.12.2019
20,5154;24.12.2019
27,2488;25.12.2019
33,6275;26.12.2019
37,8167;27.12.2019
34,2925;28.12.2019
30,1663;29.12.2019
25,5671;30.12.2019
32,735;31.12.2019
34,9642;01.01.2020
38,8692;02.01.2020
26,1113;03.01.2020
20,3229;04.01.2020
35,5525;05.01.2020
38,1342;06.01.2020
40,5238;07.01.2020
33,5813;08.01.2020
36,2483;09.01.2020
34,7996;10.01.2020
31,8558;11.01.2020
22,6375;12.01.2020
37,68;13.01.2020
23,3554;14.01.2020
24,96;15.01.2020
38,17;16.01.2020
36,895;17.01.2020
31,8479;18.01.2020
33,8925;19.01.2020
44,5338;20.01.2020
41,5975;21.01.2020
45,9021;22.01.2020
51,5375;23.01.2020
50,2442;24.01.2020
40,35;25.01.2020
33,8896;26.01.2020
37,4883;27.01.2020
31,61;28.01.2020
33,2242;29.01.2020
32,8204;30.01.2020
22,4833;31.01.2020
6,835;01.02.2020
16,9879;02.02.2020
27,6579;03.02.2020
27,8754;04.02.2020
36,1992;05.02.2020
36,9196;06.02.2020
36,6867;07.02.2020
28,0504;08.02.2020
1,5663;09.02.2020
7,8817;10.02.2020
11,62;11.02.2020
19,4613;12.02.2020
37,5888;13.02.2020
36,0346;14.02.2020
20,4363;15.02.2020
-8,2742;16.02.2020
18,2467;17.02.2020
21,8671;18.02.2020
30,9108;19.02.2020
28,6771;20.02.2020
24,3279;21.02.2020
-1,5088;22.02.2020
6,9525;23.02.2020
28,4858;24.02.2020
24,1017;25.02.2020
31,6713;26.02.2020
38,4421;27.02.2020
31,04;28.02.2020
8,9104;29.02.2020
7,1404;01.03.2020
33,1792;02.03.2020
36,2492;03.03.2020
39,6108;04.03.2020
36,0717;05.03.2020
30,4775;06.03.2020
29,0888;07.03.2020
17,1067;08.03.2020
37,1133;09.03.2020
23,2496;10.03.2020
22,6875;11.03.2020
12,2363;12.03.2020
16,5375;13.03.2020
30,2671;14.03.2020
4,6483;15.03.2020
31,1908;16.03.2020
28,1829;17.03.2020
26,4188;18.03.2020
28,6908;19.03.2020
25,1354;20.03.2020
10,7367;21.03.2020
-0,9471;22.03.2020
16,9829;23.03.2020
20,4517;24.03.2020
23,0613;25.03.2020
22,2292;26.03.2020
21,5483;27.03.2020
14,2417;28.03.2020
4,2226;29.03.2020
23,32;30.03.2020
25,17;31.03.2020
23,3608;01.04.2020
19,9517;02.04.2020
22,5329;03.04.2020
20,1454;04.04.2020
2,6817;05.04.2020
17,3354;06.04.2020
23,5396;07.04.2020
26,5121;08.04.2020
23,5104;09.04.2020
23,1388;10.04.2020
20,8558;11.04.2020
12,45;12.04.2020
-15,9663;13.04.2020
19,9;14.04.2020
20,1708;15.04.2020
25,3167;16.04.2020
27,77;17.04.2020
20,2346;18.04.2020
7,4108;19.04.2020
2,4417;20.04.2020
-16,1496;21.04.2020
7,8763;22.04.2020
27,7563;23.04.2020
20,6504;24.04.2020
16,8621;25.04.2020
18,8892;26.04.2020
25,4996;27.04.2020
25,06;28.04.2020
23,0529;29.04.2020
20,0042;30.04.2020
6,5313;01.05.2020
12,4738;02.05.2020
14,0554;03.05.2020
26,3771;04.05.2020
21,7188;05.05.2020
21,4867;06.05.2020
23,8304;07.05.2020
23,7829;08.05.2020
21,9838;09.05.2020
12,5796;10.05.2020
14,0692;11.05.2020
22,2738;12.05.2020
29,7583;13.05.2020
22,7863;14.05.2020
21,0838;15.05.2020
16,9558;16.05.2020
9,4629;17.05.2020
19,7425;18.05.2020
23,6871;19.05.2020
32,0517;20.05.2020
19,5796;21.05.2020
18,8325;22.05.2020
10,265;23.05.2020
-26,1308;24.05.2020
18,6304;25.05.2020
27,425;26.05.2020
22,8971;27.05.2020
20,4121;28.05.2020
22,6921;29.05.2020
12,5367;30.05.2020
1,6613;31.05.2020
6,0704;01.06.2020
28,3413;02.06.2020
28,8396;03.06.2020
26,5525;04.06.2020
24,3;05.06.2020
6,685;06.06.2020
17,6433;07.06.2020
31,3692;08.06.2020
36,6767;09.06.2020
31,3646;10.06.2020
24,0633;11.06.2020
20,7221;12.06.2020
19,8442;13.06.2020
18,5067;14.06.2020
31,0533;15.06.2020
34,12;16.06.2020
37,235;17.06.2020
31,8033;18.06.2020
29,8533;19.06.2020
24,0846;20.06.2020
19,4996;21.06.2020
29,58;22.06.2020
32,7417;23.06.2020
35,5704;24.06.2020
34,4504;25.06.2020
34,8033;26.06.2020
26,8308;27.06.2020
17,1071;28.06.2020
27,4808;29.06.2020
18,3542;30.06.2020
32,385;01.07.2020
38,9138;02.07.2020
34,9313;03.07.2020
15,4033;04.07.2020
-15,3371;05.07.2020
14,2825;06.07.2020
31,9021;07.07.2020
41,2138;08.07.2020
42,4233;09.07.2020
36,6188;10.07.2020
28,6013;11.07.2020
24,7717;12.07.2020
34,1754;13.07.2020
36,7633;14.07.2020
41,7096;15.07.2020
44,4458;16.07.2020
37,5771;17.07.2020
29,0129;18.07.2020
27,7796;19.07.2020
32,9625;20.07.2020
31,7133;21.07.2020
34,3517;22.07.2020
35,6913;23.07.2020
31,155;24.07.2020
25,52;25.07.2020
12,6067;26.07.2020
32,5321;27.07.2020
22,9658;28.07.2020
20,7492;29.07.2020
35,6192;30.07.2020
38,5088;31.07.2020
28,3104;01.08.2020
28,19;02.08.2020
36,7192;03.08.2020
36,3938;04.08.2020
29,605;05.08.2020
33,28;06.08.2020
35,9792;07.08.2020
32,0388;08.08.2020
28,5338;09.08.2020
36,9788;10.08.2020
36,2975;11.08.2020
35,8646;12.08.2020
38,5858;13.08.2020
40,8263;14.08.2020
31,8608;15.08.2020
28,6846;16.08.2020
40,3633;17.08.2020
42,3929;18.08.2020
38,2283;19.08.2020
38,1067;20.08.2020
31,8092;21.08.2020
23,8292;22.08.2020
16,3263;23.08.2020
44,7208;24.08.2020
38,4625;25.08.2020
17,89;26.08.2020
46,3071;27.08.2020
40,7008;28.08.2020
35,6408;29.08.2020
33,8196;30.08.2020
54,0367;31.08.2020
49,8092;01.09.2020
49,8213;02.09.2020
40,5358;03.09.2020
38,3238;04.09.2020
33,4142;05.09.2020
34,8346;06.09.2020
43,5404;07.09.2020
37,5983;08.09.2020
36,6292;09.09.2020
47,3375;10.09.2020
47,8142;11.09.2020
31,8717;12.09.2020
20,1892;13.09.2020
53,1129;14.09.2020
70,1979;15.09.2020
53,4129;16.09.2020
46,4021;17.09.2020
42,1271;18.09.2020
36,5371;19.09.2020
37,515;20.09.2020
61,0954;21.09.2020
53,3133;22.09.2020
46,4283;23.09.2020
38,1842;24.09.2020
41,3717;25.09.2020
33,1308;26.09.2020
30,0263;27.09.2020
47,2604;28.09.2020
58,6183;29.09.2020
50,2529;30.09.2020
41,0158;01.10.2020
35,6771;02.10.2020
16,4554;03.10.2020
7,105;04.10.2020
32,0921;05.10.2020
34,4513;06.10.2020
36,6229;07.10.2020
29,8325;08.10.2020
39,9708;09.10.2020
31,2325;10.10.2020
32,1842;11.10.2020
46,9025;12.10.2020
45,2308;13.10.2020
35,6721;14.10.2020
40,9358;15.10.2020
46,9358;16.10.2020
40,7571;17.10.2020
30,5563;18.10.2020
44,6379;19.10.2020
35,2238;20.10.2020
32,6146;21.10.2020
32,3925;22.10.2020
44,7808;23.10.2020
30,5825;24.10.2020
13,3792;25.10.2020
38,265;26.10.2020
34,6063;27.10.2020
29,9421;28.10.2020
32,6471;29.10.2020
30,1921;30.10.2020
31,0208;31.10.2020
16,9467;01.11.2020
23,3958;02.11.2020
