Peak (09-20);Date
23,1583;01.01.2011
50,945;02.01.2011
69,7308;03.01.2011
66,7617;04.01.2011
62,3783;05.01.2011
56,4767;06.01.2011
61,2533;07.01.2011
43,045;08.01.2011
44,7817;09.01.2011
62,69;10.01.2011
64,9058;11.01.2011
61,2775;12.01.2011
57,6917;13.01.2011
57,6042;14.01.2011
53,0558;15.01.2011
40,2158;16.01.2011
60,8117;17.01.2011
62,9517;18.01.2011
65,2308;19.01.2011
64,9233;20.01.2011
64,1858;21.01.2011
57,935;22.01.2011
51,2558;23.01.2011
65,2783;24.01.2011
62,3283;25.01.2011
66,5933;26.01.2011
65,8725;27.01.2011
63,6142;28.01.2011
55,7575;29.01.2011
51,565;30.01.2011
70,0683;31.01.2011
65,4833;01.02.2011
62,205;02.02.2011
60,1817;03.02.2011
47,9725;04.02.2011
31,1183;05.02.2011
39,6258;06.02.2011
54,1683;07.02.2011
58,1642;08.02.2011
63,0308;09.02.2011
59,4358;10.02.2011
59,5442;11.02.2011
54,4958;12.02.2011
47,4567;13.02.2011
55,0217;14.02.2011
62,9342;15.02.2011
62,3433;16.02.2011
63,4375;17.02.2011
63,6392;18.02.2011
52,4542;19.02.2011
47,8167;20.02.2011
65,0083;21.02.2011
66,8083;22.02.2011
66,7208;23.02.2011
65,6558;24.02.2011
63,5458;25.02.2011
54,1275;26.02.2011
52,7025;27.02.2011
67,6808;28.02.2011
64,9008;01.03.2011
60,5425;02.03.2011
63,6258;03.03.2011
64,1208;04.03.2011
50,735;05.03.2011
46,6083;06.03.2011
61,035;07.03.2011
56,9217;08.03.2011
55,2433;09.03.2011
53,0833;10.03.2011
59,8825;11.03.2011
54,6317;12.03.2011
52,5058;13.03.2011
66,575;14.03.2011
57,715;15.03.2011
60,2833;16.03.2011
65,5967;17.03.2011
66,2192;18.03.2011
52,8058;19.03.2011
47,9842;20.03.2011
61,9692;21.03.2011
59,0692;22.03.2011
60,6783;23.03.2011
58,0792;24.03.2011
57,755;25.03.2011
57,4108;26.03.2011
50,5942;27.03.2011
61,0158;28.03.2011
60,1567;29.03.2011
63,84;30.03.2011
58,0308;31.03.2011
60,6808;01.04.2011
52,4092;02.04.2011
49,0833;03.04.2011
65,0058;04.04.2011
57,8925;05.04.2011
58,7183;06.04.2011
58,575;07.04.2011
55,6975;08.04.2011
49,8467;09.04.2011
29,9158;10.04.2011
60,5758;11.04.2011
56;12.04.2011
59,2858;13.04.2011
66,4975;14.04.2011
61,6342;15.04.2011
54,425;16.04.2011
48,6267;17.04.2011
64,5292;18.04.2011
60,185;19.04.2011
61,7433;20.04.2011
60,8467;21.04.2011
52,2042;22.04.2011
47,5267;23.04.2011
35,0983;24.04.2011
26,1717;25.04.2011
59,4333;26.04.2011
61,16;27.04.2011
61,0225;28.04.2011
56,4517;29.04.2011
43,235;30.04.2011
28,3808;01.05.2011
59,0467;02.05.2011
67,2975;03.05.2011
64,1917;04.05.2011
66,5775;05.05.2011
60,5558;06.05.2011
53,5225;07.05.2011
47,3883;08.05.2011
69,9483;09.05.2011
71,9242;10.05.2011
71,4358;11.05.2011
76,82;12.05.2011
63,8267;13.05.2011
55,1458;14.05.2011
48,2583;15.05.2011
62,9583;16.05.2011
70,7275;17.05.2011
67,0092;18.05.2011
69,165;19.05.2011
75,6708;20.05.2011
55,3175;21.05.2011
49,1517;22.05.2011
70,9567;23.05.2011
61,8542;24.05.2011
70,0925;25.05.2011
59,2558;26.05.2011
63,0025;27.05.2011
52,9483;28.05.2011
42,3017;29.05.2011
65,8508;30.05.2011
66,3892;31.05.2011
66,6417;01.06.2011
50,7425;02.06.2011
56,2717;03.06.2011
52,9042;04.06.2011
49,8867;05.06.2011
67,9325;06.06.2011
70,1717;07.06.2011
69,6958;08.06.2011
61,585;09.06.2011
65,79;10.06.2011
55,1875;11.06.2011
51,1283;12.06.2011
57,4158;13.06.2011
66,2592;14.06.2011
71,7492;15.06.2011
66,625;16.06.2011
61,5867;17.06.2011
55,505;18.06.2011
8,2033;19.06.2011
61,6675;20.06.2011
63,5842;21.06.2011
60,9167;22.06.2011
51,1092;23.06.2011
56,2583;24.06.2011
51,98;25.06.2011
47,9942;26.06.2011
61,7292;27.06.2011
57,4058;28.06.2011
59,1608;29.06.2011
57,3217;30.06.2011
56,3042;01.07.2011
48,3575;02.07.2011
35,5908;03.07.2011
61,86;04.07.2011
61,9283;05.07.2011
58,5133;06.07.2011
62,1267;07.07.2011
56,4967;08.07.2011
51,6717;09.07.2011
46,8017;10.07.2011
62,9042;11.07.2011
56,5983;12.07.2011
58,1625;13.07.2011
53,4575;14.07.2011
53,74;15.07.2011
43,9533;16.07.2011
42,6267;17.07.2011
50,8042;18.07.2011
57,8717;19.07.2011
57,5433;20.07.2011
55,575;21.07.2011
54,3908;22.07.2011
32,7308;23.07.2011
23,2192;24.07.2011
56,645;25.07.2011
54,0342;26.07.2011
54,3283;27.07.2011
53,6592;28.07.2011
53,41;29.07.2011
46,1542;30.07.2011
45,6267;31.07.2011
54,7608;01.08.2011
54,275;02.08.2011
54,2267;03.08.2011
54,5558;04.08.2011
53,74;05.08.2011
48,955;06.08.2011
29,6225;07.08.2011
49,8092;08.08.2011
43,8592;09.08.2011
50,8592;10.08.2011
50,005;11.08.2011
53,755;12.08.2011
50,6908;13.08.2011
43,8525;14.08.2011
50,8375;15.08.2011
55,8308;16.08.2011
57,06;17.08.2011
57,4592;18.08.2011
55,2575;19.08.2011
50,375;20.08.2011
46,5075;21.08.2011
64,9725;22.08.2011
61,6433;23.08.2011
67,1267;24.08.2011
74,0067;25.08.2011
57,9625;26.08.2011
52,965;27.08.2011
42,0817;28.08.2011
55,865;29.08.2011
64,6342;30.08.2011
61,33;31.08.2011
65,3967;01.09.2011
62,9983;02.09.2011
53,9708;03.09.2011
46,6925;04.09.2011
59,8633;05.09.2011
51,2033;06.09.2011
54,8058;07.09.2011
57,7858;08.09.2011
68,91;09.09.2011
51,8842;10.09.2011
45,5558;11.09.2011
58,565;12.09.2011
57,99;13.09.2011
58,3067;14.09.2011
61,9475;15.09.2011
64,02;16.09.2011
55,9008;17.09.2011
48,9817;18.09.2011
71,8192;19.09.2011
66,8083;20.09.2011
63,5242;21.09.2011
60,8142;22.09.2011
61,8308;23.09.2011
50,9158;24.09.2011
47,0508;25.09.2011
61,9458;26.09.2011
69,08;27.09.2011
66,2683;28.09.2011
64,5158;29.09.2011
63,9608;30.09.2011
53,455;01.10.2011
43,015;02.10.2011
54,585;03.10.2011
61,3175;04.10.2011
61,1275;05.10.2011
51,8633;06.10.2011
57,9308;07.10.2011
54,3783;08.10.2011
45,3917;09.10.2011
60,2975;10.10.2011
62,9358;11.10.2011
66,905;12.10.2011
65,9075;13.10.2011
60,9458;14.10.2011
51,9725;15.10.2011
46,2667;16.10.2011
65,975;17.10.2011
56,9967;18.10.2011
64,15;19.10.2011
71,8;20.10.2011
61,2233;21.10.2011
51,4;22.10.2011
43,4867;23.10.2011
55,7408;24.10.2011
60,6317;25.10.2011
69,8042;26.10.2011
68,8658;27.10.2011
63,9992;28.10.2011
55,1125;29.10.2011
52,2742;30.10.2011
63,4108;31.10.2011
52,1725;01.11.2011
69,7525;02.11.2011
60,545;03.11.2011
65,1417;04.11.2011
52,1775;05.11.2011
50,2292;06.11.2011
67,1167;07.11.2011
67,2325;08.11.2011
69,8733;09.11.2011
68,955;10.11.2011
55,495;11.11.2011
56,1658;12.11.2011
48,9108;13.11.2011
76,4267;14.11.2011
73,5067;15.11.2011
74,505;16.11.2011
76,945;17.11.2011
72,9508;18.11.2011
57,1867;19.11.2011
51,6942;20.11.2011
76,6325;21.11.2011
76,695;22.11.2011
77,405;23.11.2011
71,7775;24.11.2011
64,0417;25.11.2011
53,11;26.11.2011
39,6725;27.11.2011
71,9692;28.11.2011
64,4133;29.11.2011
70,2933;30.11.2011
59,2608;01.12.2011
61,2475;02.12.2011
49,0083;03.12.2011
45,2183;04.12.2011
54,5708;05.12.2011
56,61;06.12.2011
54,5908;07.12.2011
53,2942;08.12.2011
52,7567;09.12.2011
51,9442;10.12.2011
50,5908;11.12.2011
57,64;12.12.2011
51,7958;13.12.2011
54,9175;14.12.2011
53,8342;15.12.2011
54,41;16.12.2011
40,7333;17.12.2011
41,6758;18.12.2011
57,2283;19.12.2011
53,7933;20.12.2011
56,37;21.12.2011
56,2833;22.12.2011
51,345;23.12.2011
34,5833;24.12.2011
23,1533;25.12.2011
39,1808;26.12.2011
54,5467;27.12.2011
49,1017;28.12.2011
45,5333;29.12.2011
47,9625;30.12.2011
47,0292;31.12.2011
18,7458;01.01.2012
49,8933;02.01.2012
42,2708;03.01.2012
47,135;04.01.2012
40,6325;05.01.2012
47,3375;06.01.2012
39,505;07.01.2012
37,2358;08.01.2012
56,0567;09.01.2012
54,2742;10.01.2012
54,315;11.01.2012
46,7275;12.01.2012
44,3967;13.01.2012
46,1025;14.01.2012
43,865;15.01.2012
56,3275;16.01.2012
55,9617;17.01.2012
48,2908;18.01.2012
51,1267;19.01.2012
48,605;20.01.2012
40,1167;21.01.2012
22,3675;22.01.2012
51,3292;23.01.2012
56,0433;24.01.2012
51,9242;25.01.2012
49,5925;26.01.2012
55,2667;27.01.2012
50,0008;28.01.2012
44,7225;29.01.2012
51,0467;30.01.2012
54,6425;31.01.2012
58,1408;01.02.2012
75,5242;02.02.2012
77,1075;03.02.2012
56,5867;04.02.2012
44,7983;05.02.2012
98,8967;06.02.2012
95,5208;07.02.2012
129,9383;08.02.2012
92,9933;09.02.2012
101,3483;10.02.2012
59,2958;11.02.2012
42,6392;12.02.2012
113,6375;13.02.2012
78,4958;14.02.2012
42,3975;15.02.2012
64,0792;16.02.2012
54,505;17.02.2012
45,365;18.02.2012
31,8775;19.02.2012
55,3417;20.02.2012
47,8675;21.02.2012
47,0383;22.02.2012
52,6667;23.02.2012
50,7558;24.02.2012
42,5992;25.02.2012
45,7108;26.02.2012
52,2892;27.02.2012
52,1775;28.02.2012
57,42;29.02.2012
52,69;01.03.2012
52,8008;02.03.2012
41,2117;03.03.2012
40,9617;04.03.2012
51,9433;05.03.2012
52,8225;06.03.2012
44,565;07.03.2012
52,0275;08.03.2012
50,7908;09.03.2012
46,0942;10.03.2012
35,8517;11.03.2012
52,1917;12.03.2012
52,4258;13.03.2012
51,8917;14.03.2012
52,5558;15.03.2012
45,4867;16.03.2012
43,9625;17.03.2012
36,4208;18.03.2012
52,9717;19.03.2012
46,6217;20.03.2012
48,3108;21.03.2012
47,9292;22.03.2012
45,2225;23.03.2012
39,3167;24.03.2012
21,87;25.03.2012
45,6583;26.03.2012
41,9317;27.03.2012
43,7417;28.03.2012
34,2408;29.03.2012
41,0558;30.03.2012
21,565;31.03.2012
18,9275;01.04.2012
52,03;02.04.2012
54,8308;03.04.2012
52,4008;04.04.2012
55,9592;05.04.2012
42,3033;06.04.2012
39,1983;07.04.2012
30,5892;08.04.2012
23,8425;09.04.2012
47,5983;10.04.2012
60,0167;11.04.2012
56,3767;12.04.2012
61,0292;13.04.2012
47,3392;14.04.2012
33,4408;15.04.2012
49,3642;16.04.2012
53,985;17.04.2012
58,8617;18.04.2012
53,1533;19.04.2012
57,8775;20.04.2012
40,6658;21.04.2012
36,6733;22.04.2012
57,0667;23.04.2012
57,925;24.04.2012
46,3567;25.04.2012
43,7967;26.04.2012
47,1533;27.04.2012
38,6217;28.04.2012
21,5092;29.04.2012
47,3367;30.04.2012
21,3875;01.05.2012
57,9767;02.05.2012
57,11;03.05.2012
45,8883;04.05.2012
37,4583;05.05.2012
31,9008;06.05.2012
54,2608;07.05.2012
42,1367;08.05.2012
54,9658;09.05.2012
45,3458;10.05.2012
41,1017;11.05.2012
36,8075;12.05.2012
30,0633;13.05.2012
46,7217;14.05.2012
55,9133;15.05.2012
43,7383;16.05.2012
26,1575;17.05.2012
37,4242;18.05.2012
38,36;19.05.2012
23,1675;20.05.2012
47,09;21.05.2012
52,6567;22.05.2012
50,0117;23.05.2012
48,0933;24.05.2012
42,0833;25.05.2012
27,3142;26.05.2012
18,8833;27.05.2012
26,5092;28.05.2012
44,9325;29.05.2012
52,1525;30.05.2012
55,3692;31.05.2012
41,6683;01.06.2012
29,7125;02.06.2012
33,3317;03.06.2012
59,0108;04.06.2012
45,325;05.06.2012
56,9483;06.06.2012
40,9317;07.06.2012
43,9533;08.06.2012
22,6217;09.06.2012
26,2725;10.06.2012
55,2592;11.06.2012
56,235;12.06.2012
56,1642;13.06.2012
54,5908;14.06.2012
44,9533;15.06.2012
27,9392;16.06.2012
19,6092;17.06.2012
41,8908;18.06.2012
55,2617;19.06.2012
59,0492;20.06.2012
56,345;21.06.2012
41,7808;22.06.2012
33,9033;23.06.2012
17;24.06.2012
41,4525;25.06.2012
42,6525;26.06.2012
56,0825;27.06.2012
54,7583;28.06.2012
53,06;29.06.2012
38,7967;30.06.2012
23,4475;01.07.2012
55,375;02.07.2012
57,6275;03.07.2012
54,7167;04.07.2012
55,0992;05.07.2012
56,3817;06.07.2012
41,0175;07.07.2012
22,6467;08.07.2012
47,9833;09.07.2012
53,4658;10.07.2012
50,8592;11.07.2012
42,7525;12.07.2012
54,2975;13.07.2012
29,4967;14.07.2012
25,8942;15.07.2012
45,2825;16.07.2012
52,1142;17.07.2012
49,06;18.07.2012
42,66;19.07.2012
51,35;20.07.2012
39,2742;21.07.2012
25,31;22.07.2012
46,9383;23.07.2012
50,1133;24.07.2012
55,0292;25.07.2012
53,5425;26.07.2012
53,6367;27.07.2012
39,4108;28.07.2012
29,6158;29.07.2012
46,3033;30.07.2012
50,5317;31.07.2012
45,085;01.08.2012
49,3808;02.08.2012
50,95;03.08.2012
41,5783;04.08.2012
35,9775;05.08.2012
49,9567;06.08.2012
42,2;07.08.2012
49,635;08.08.2012
51,1317;09.08.2012
48,4608;10.08.2012
42,2833;11.08.2012
23,4308;12.08.2012
51,895;13.08.2012
51,33;14.08.2012
42,6333;15.08.2012
57,045;16.08.2012
56,915;17.08.2012
40,9375;18.08.2012
35,3058;19.08.2012
55,9333;20.08.2012
69,1625;21.08.2012
51,8675;22.08.2012
57,3108;23.08.2012
57,2958;24.08.2012
43,8492;25.08.2012
22,1792;26.08.2012
51,7092;27.08.2012
55,9842;28.08.2012
57,8742;29.08.2012
58,7567;30.08.2012
56,9167;31.08.2012
46,6067;01.09.2012
34,5408;02.09.2012
58,6108;03.09.2012
53,6833;04.09.2012
56,235;05.09.2012
54,42;06.09.2012
47,4333;07.09.2012
48,635;08.09.2012
36,4358;09.09.2012
57,5242;10.09.2012
59,4292;11.09.2012
64,4992;12.09.2012
60,0217;13.09.2012
31,1442;14.09.2012
42,0083;15.09.2012
32,0317;16.09.2012
58,3408;17.09.2012
59,6025;18.09.2012
57,0958;19.09.2012
54,2333;20.09.2012
53,7492;21.09.2012
39,7333;22.09.2012
35,3442;23.09.2012
51,7092;24.09.2012
51,9383;25.09.2012
59,04;26.09.2012
55,135;27.09.2012
49,3125;28.09.2012
38,2058;29.09.2012
29,8675;30.09.2012
59,2067;01.10.2012
54,5075;02.10.2012
31,0633;03.10.2012
57,1392;04.10.2012
43,43;05.10.2012
43,77;06.10.2012
35,1542;07.10.2012
46,96;08.10.2012
48,9758;09.10.2012
58,9592;10.10.2012
60,71;11.10.2012
55,3683;12.10.2012
40,0133;13.10.2012
34,2358;14.10.2012
53,9858;15.10.2012
47,6533;16.10.2012
48,7792;17.10.2012
45,9867;18.10.2012
49,4892;19.10.2012
40,1633;20.10.2012
39,4983;21.10.2012
55,635;22.10.2012
59,6867;23.10.2012
64,4092;24.10.2012
58,2933;25.10.2012
61,9133;26.10.2012
43,6692;27.10.2012
40,8942;28.10.2012
50,79;29.10.2012
68,23;30.10.2012
55,365;31.10.2012
37,9583;01.11.2012
43,305;02.11.2012
44,785;03.11.2012
35,0533;04.11.2012
56,8583;05.11.2012
53,4333;06.11.2012
49,4275;07.11.2012
48,7808;08.11.2012
59,7942;09.11.2012
45,41;10.11.2012
41,8283;11.11.2012
64,3917;12.11.2012
62,5175;13.11.2012
60,1833;14.11.2012
63,7992;15.11.2012
60,9225;16.11.2012
46,365;17.11.2012
47,2783;18.11.2012
64,7908;19.11.2012
61,2908;20.11.2012
59,7092;21.11.2012
60,8942;22.11.2012
55,1933;23.11.2012
47,3575;24.11.2012
22,7217;25.11.2012
59,2633;26.11.2012
65,9183;27.11.2012
63,925;28.11.2012
62,775;29.11.2012
69,8708;30.11.2012
53,9967;01.12.2012
45,4708;02.12.2012
62,8458;03.12.2012
57,3017;04.12.2012
66,2858;05.12.2012
65,0017;06.12.2012
62,5008;07.12.2012
59,4033;08.12.2012
35,6175;09.12.2012
66,7758;10.12.2012
73,7717;11.12.2012
93,1925;12.12.2012
81,2183;13.12.2012
57,6975;14.12.2012
41,3625;15.12.2012
39,1683;16.12.2012
64,9367;17.12.2012
64,92;18.12.2012
64,2617;19.12.2012
55,4117;20.12.2012
47,5817;21.12.2012
42,9458;22.12.2012
21,735;23.12.2012
26,3083;24.12.2012
10,9433;25.12.2012
14,815;26.12.2012
36,2225;27.12.2012
39,985;28.12.2012
21,1542;29.12.2012
15,1408;30.12.2012
17,4925;31.12.2012
21,3525;01.01.2013
48,5075;02.01.2013
41,855;03.01.2013
39,9908;04.01.2013
41,2358;05.01.2013
32,3492;06.01.2013
64,6183;07.01.2013
63,2783;08.01.2013
63,2825;09.01.2013
59,2792;10.01.2013
61,6983;11.01.2013
49,7658;12.01.2013
40,7892;13.01.2013
62,95;14.01.2013
66,12;15.01.2013
65,7475;16.01.2013
63,9533;17.01.2013
60,0508;18.01.2013
44,4033;19.01.2013
37,45;20.01.2013
58,84;21.01.2013
65,7392;22.01.2013
72,1;23.01.2013
70,4742;24.01.2013
60,8667;25.01.2013
39,845;26.01.2013
31,0592;27.01.2013
55,1442;28.01.2013
41,0992;29.01.2013
38,3283;30.01.2013
36,81;31.01.2013
45,6392;01.02.2013
38,5;02.02.2013
33,9608;03.02.2013
37,2233;04.02.2013
40,77;05.02.2013
55,5075;06.02.2013
59,5842;07.02.2013
58,5925;08.02.2013
46,0342;09.02.2013
35,7483;10.02.2013
45,4792;11.02.2013
56,7458;12.02.2013
62,1008;13.02.2013
53,5908;14.02.2013
59,5433;15.02.2013
45,0733;16.02.2013
40,2458;17.02.2013
60,6792;18.02.2013
57,8558;19.02.2013
52,4125;20.02.2013
60,8792;21.02.2013
54,4267;22.02.2013
38,6767;23.02.2013
36,3808;24.02.2013
62,3633;25.02.2013
65,44;26.02.2013
70,5967;27.02.2013
62,1725;28.02.2013
58,2508;01.03.2013
46,7017;02.03.2013
43,6242;03.03.2013
53,4908;04.03.2013
45,1125;05.03.2013
55,6283;06.03.2013
45,3417;07.03.2013
40,6642;08.03.2013
36,0225;09.03.2013
19,1558;10.03.2013
46,6042;11.03.2013
52,7442;12.03.2013
66,7858;13.03.2013
58,8558;14.03.2013
49,2825;15.03.2013
23,6325;16.03.2013
12,9192;17.03.2013
50,3317;18.03.2013
48,2908;19.03.2013
59,1008;20.03.2013
65,07;21.03.2013
38,855;22.03.2013
25,36;23.03.2013
3,8792;24.03.2013
34,7383;25.03.2013
38,8517;26.03.2013
51,8175;27.03.2013
51,0142;28.03.2013
40,0308;29.03.2013
41,3942;30.03.2013
32,205;31.03.2013
21,2233;01.04.2013
50,6583;02.04.2013
40,225;03.04.2013
52,2508;04.04.2013
63,1133;05.04.2013
44,3433;06.04.2013
39,8642;07.04.2013
64,7875;08.04.2013
66,9375;09.04.2013
66,6792;10.04.2013
63,4192;11.04.2013
49,0567;12.04.2013
25,0892;13.04.2013
14,5408;14.04.2013
43,6083;15.04.2013
46,4558;16.04.2013
41,6367;17.04.2013
28,5675;18.04.2013
37,6742;19.04.2013
30,4225;20.04.2013
12,5033;21.04.2013
49,8067;22.04.2013
34,4967;23.04.2013
40,155;24.04.2013
33,0183;25.04.2013
38,715;26.04.2013
28,2625;27.04.2013
22,9008;28.04.2013
38,0442;29.04.2013
41,1925;30.04.2013
10,3267;01.05.2013
40,6192;02.05.2013
37,7717;03.05.2013
30,7658;04.05.2013
16,7475;05.05.2013
45,5142;06.05.2013
40,9367;07.05.2013
35,4467;08.05.2013
22,5525;09.05.2013
34,8858;10.05.2013
19,9817;11.05.2013
8,6833;12.05.2013
41,5117;13.05.2013
39,7375;14.05.2013
34,2508;15.05.2013
40,4125;16.05.2013
42,8142;17.05.2013
22,5308;18.05.2013
11,0058;19.05.2013
31,3367;20.05.2013
49,3133;21.05.2013
38,3592;22.05.2013
53,0492;23.05.2013
54,4633;24.05.2013
32,3133;25.05.2013
20,77;26.05.2013
53,5525;27.05.2013
45,5183;28.05.2013
58,97;29.05.2013
38,8125;30.05.2013
37,645;31.05.2013
31,6617;01.06.2013
8,9233;02.06.2013
38,7275;03.06.2013
42,5067;04.06.2013
38,5142;05.06.2013
35,5017;06.06.2013
36,1567;07.06.2013
23,7525;08.06.2013
13,685;09.06.2013
37,2333;10.06.2013
35,7225;11.06.2013
33,4492;12.06.2013
34,6442;13.06.2013
32,9183;14.06.2013
10,4725;15.06.2013
-18,9908;16.06.2013
41,4875;17.06.2013
37,4358;18.06.2013
39,0425;19.06.2013
44,8333;20.06.2013
33,9625;21.06.2013
18,5867;22.06.2013
9,9567;23.06.2013
40,9233;24.06.2013
40,0925;25.06.2013
33,4233;26.06.2013
45,57;27.06.2013
37,9033;28.06.2013
28,4275;29.06.2013
13,5992;30.06.2013
34,4375;01.07.2013
41,2158;02.07.2013
50,635;03.07.2013
48,4525;04.07.2013
37,6408;05.07.2013
25,3417;06.07.2013
15,3567;07.07.2013
36,0208;08.07.2013
41,0567;09.07.2013
35,8167;10.07.2013
40,6658;11.07.2013
37,2133;12.07.2013
32,4442;13.07.2013
15,86;14.07.2013
39,6292;15.07.2013
45,6517;16.07.2013
52,3258;17.07.2013
47,8525;18.07.2013
38,9158;19.07.2013
29,7817;20.07.2013
21,1233;21.07.2013
46,7975;22.07.2013
53,3233;23.07.2013
59,6342;24.07.2013
58,9967;25.07.2013
46,7675;26.07.2013
32,6408;27.07.2013
21,4492;28.07.2013
54,4642;29.07.2013
39,6667;30.07.2013
36,8025;31.07.2013
44,205;01.08.2013
38,6692;02.08.2013
32,1283;03.08.2013
28,5558;04.08.2013
48,6767;05.08.2013
41,0942;06.08.2013
45,31;07.08.2013
42,9683;08.08.2013
44,2283;09.08.2013
27,3742;10.08.2013
14,9708;11.08.2013
42,6375;12.08.2013
38,5608;13.08.2013
33,3208;14.08.2013
31,7592;15.08.2013
38,215;16.08.2013
32,0442;17.08.2013
21,84;18.08.2013
71,8367;19.08.2013
50,0217;20.08.2013
48,27;21.08.2013
53,2917;22.08.2013
52,5575;23.08.2013
31,52;24.08.2013
26,7667;25.08.2013
52,5525;26.08.2013
58,145;27.08.2013
60,7108;28.08.2013
59,9617;29.08.2013
50,0183;30.08.2013
32,8792;31.08.2013
26,14;01.09.2013
35,3825;02.09.2013
57,2842;03.09.2013
61,9642;04.09.2013
51,2733;05.09.2013
40,4442;06.09.2013
38,9125;07.09.2013
29,5092;08.09.2013
55,8517;09.09.2013
57,2242;10.09.2013
57,5208;11.09.2013
59,615;12.09.2013
58,0375;13.09.2013
38,8308;14.09.2013
32,2825;15.09.2013
52,155;16.09.2013
38,7575;17.09.2013
59,8742;18.09.2013
55,9033;19.09.2013
59,8383;20.09.2013
39,6492;21.09.2013
26,2083;22.09.2013
49,7808;23.09.2013
58,36;24.09.2013
64,5958;25.09.2013
63,6033;26.09.2013
59,3792;27.09.2013
37,7975;28.09.2013
15,9858;29.09.2013
42,7367;30.09.2013
54,0592;01.10.2013
39,96;02.10.2013
25,8717;03.10.2013
45,2533;04.10.2013
40,2;05.10.2013
38,5133;06.10.2013
64,8325;07.10.2013
59,8433;08.10.2013
63,1058;09.10.2013
64,9108;10.10.2013
46,1333;11.10.2013
38,5567;12.10.2013
32,3925;13.10.2013
53,9533;14.10.2013
59,5583;15.10.2013
61,1875;16.10.2013
34,4075;17.10.2013
46,8608;18.10.2013
30,25;19.10.2013
31,75;20.10.2013
54,7283;21.10.2013
45,0442;22.10.2013
38,9992;23.10.2013
48,9042;24.10.2013
44,3667;25.10.2013
33,1075;26.10.2013
14,3325;27.10.2013
29,8883;28.10.2013
38,7183;29.10.2013
44,7442;30.10.2013
40,5258;31.10.2013
36,2492;01.11.2013
36,585;02.11.2013
13,6992;03.11.2013
36,6217;04.11.2013
44,3408;05.11.2013
39,8833;06.11.2013
44,1592;07.11.2013
57,6192;08.11.2013
24,5358;09.11.2013
29,245;10.11.2013
51,7642;11.11.2013
59,8642;12.11.2013
59,0008;13.11.2013
59,9983;14.11.2013
57,4825;15.11.2013
38,8033;16.11.2013
41,8292;17.11.2013
54,4208;18.11.2013
66,6025;19.11.2013
62,6725;20.11.2013
69,1517;21.11.2013
61,2242;22.11.2013
53,0892;23.11.2013
33,1058;24.11.2013
55,4967;25.11.2013
69,14;26.11.2013
53,8033;27.11.2013
47,6675;28.11.2013
42,7225;29.11.2013
44,0258;30.11.2013
28,9425;01.12.2013
71,2583;02.12.2013
68,3308;03.12.2013
57,1883;04.12.2013
39,3758;05.12.2013
39,8283;06.12.2013
42,6392;07.12.2013
35,715;08.12.2013
54,2017;09.12.2013
76,0058;10.12.2013
80,495;11.12.2013
77,7042;12.12.2013
80,0592;13.12.2013
41,2233;14.12.2013
29,6758;15.12.2013
44,0975;16.12.2013
66,6492;17.12.2013
57,2425;18.12.2013
43,0708;19.12.2013
42,2858;20.12.2013
32,3592;21.12.2013
18,8117;22.12.2013
36,1092;23.12.2013
4,1625;24.12.2013
32,2033;25.12.2013
39,38;26.12.2013
28,7967;27.12.2013
33,755;28.12.2013
33,1425;29.12.2013
37,1792;30.12.2013
32,675;31.12.2013
20,5008;01.01.2014
39,3233;02.01.2014
32,1125;03.01.2014
35,1925;04.01.2014
30,8092;05.01.2014
28,7408;06.01.2014
38,8183;07.01.2014
40,0192;08.01.2014
34,985;09.01.2014
36,68;10.01.2014
33,86;11.01.2014
25,2267;12.01.2014
49,5392;13.01.2014
61,1792;14.01.2014
56,0583;15.01.2014
49,9883;16.01.2014
47,5517;17.01.2014
35,4475;18.01.2014
30,9833;19.01.2014
61,3167;20.01.2014
60,2158;21.01.2014
63,9708;22.01.2014
58,7425;23.01.2014
60,72;24.01.2014
39,3275;25.01.2014
35,8583;26.01.2014
53,4475;27.01.2014
49,6275;28.01.2014
45,53;29.01.2014
52,4008;30.01.2014
54,7358;31.01.2014
34,6433;01.02.2014
33,8408;02.02.2014
54,945;03.02.2014
50,9967;04.02.2014
40,6067;05.02.2014
42,1275;06.02.2014
34,55;07.02.2014
29,9367;08.02.2014
20,1542;09.02.2014
49,4425;10.02.2014
44,81;11.02.2014
37,9733;12.02.2014
41,7258;13.02.2014
38,795;14.02.2014
23,775;15.02.2014
18,225;16.02.2014
44,2417;17.02.2014
45,5333;18.02.2014
52,0458;19.02.2014
39,2033;20.02.2014
39,9808;21.02.2014
31,5633;22.02.2014
19,8033;23.02.2014
36,3525;24.02.2014
38,6475;25.02.2014
48,0858;26.02.2014
47,5883;27.02.2014
48,2042;28.02.2014
35,8642;01.03.2014
29,1942;02.03.2014
41,7875;03.03.2014
55,0108;04.03.2014
47,5333;05.03.2014
43,3425;06.03.2014
34,0858;07.03.2014
29,0217;08.03.2014
18,5183;09.03.2014
37,3567;10.03.2014
35,8775;11.03.2014
38,1308;12.03.2014
39,2475;13.03.2014
35,9192;14.03.2014
15,3958;15.03.2014
7,4617;16.03.2014
35,0892;17.03.2014
36,2158;18.03.2014
28,2642;19.03.2014
31,0383;20.03.2014
30,5417;21.03.2014
31,8783;22.03.2014
27,1775;23.03.2014
42,3092;24.03.2014
41,5342;25.03.2014
38,2967;26.03.2014
35,2492;27.03.2014
36,2208;28.03.2014
29,2075;29.03.2014
22,1617;30.03.2014
37,1792;31.03.2014
43,9808;01.04.2014
41,185;02.04.2014
36,8358;03.04.2014
33,7308;04.04.2014
31,0425;05.04.2014
23,4775;06.04.2014
42,4392;07.04.2014
29,4383;08.04.2014
28,0558;09.04.2014
46,6325;10.04.2014
44,5583;11.04.2014
27,5808;12.04.2014
8,505;13.04.2014
25,095;14.04.2014
29,9067;15.04.2014
34,0617;16.04.2014
32,0475;17.04.2014
29,5458;18.04.2014
26,0375;19.04.2014
13,9717;20.04.2014
21,0533;21.04.2014
40,5775;22.04.2014
38,1525;23.04.2014
38,9275;24.04.2014
34,0383;25.04.2014
33,1133;26.04.2014
24,9808;27.04.2014
46,9825;28.04.2014
44,6475;29.04.2014
39,8108;30.04.2014
20,9517;01.05.2014
32,3133;02.05.2014
27,9367;03.05.2014
12,8067;04.05.2014
37,8775;05.05.2014
33,8567;06.05.2014
37,1692;07.05.2014
30,2467;08.05.2014
30,2592;09.05.2014
23,6292;10.05.2014
-17,5858;11.05.2014
31,7508;12.05.2014
45,435;13.05.2014
33,3675;14.05.2014
41,76;15.05.2014
33,4733;16.05.2014
29,4658;17.05.2014
24,3975;18.05.2014
45,0033;19.05.2014
42,4367;20.05.2014
41,9575;21.05.2014
36,765;22.05.2014
45,1842;23.05.2014
28,5942;24.05.2014
21,0258;25.05.2014
40,6667;26.05.2014
43,4442;27.05.2014
42,4175;28.05.2014
29,4042;29.05.2014
39,0608;30.05.2014
21,34;31.05.2014
18,4533;01.06.2014
39,5667;02.06.2014
47,9267;03.06.2014
43,5808;04.06.2014
34,0692;05.06.2014
31,9983;06.06.2014
25,3292;07.06.2014
19,4742;08.06.2014
25,4342;09.06.2014
39,2467;10.06.2014
45,24;11.06.2014
42,54;12.06.2014
31,6933;13.06.2014
24,6133;14.06.2014
14,8033;15.06.2014
35,235;16.06.2014
43,9358;17.06.2014
37,7183;18.06.2014
23,4425;19.06.2014
31,4875;20.06.2014
22,6867;21.06.2014
13,5342;22.06.2014
38,4283;23.06.2014
45,1533;24.06.2014
41,9708;25.06.2014
44,18;26.06.2014
40,1958;27.06.2014
31,7883;28.06.2014
29,0458;29.06.2014
38,245;30.06.2014
36,83;01.07.2014
37,8233;02.07.2014
34,535;03.07.2014
34,3592;04.07.2014
29,1692;05.07.2014
19,1583;06.07.2014
37,4392;07.07.2014
39,365;08.07.2014
37,405;09.07.2014
35,7917;10.07.2014
33,58;11.07.2014
29,8492;12.07.2014
23,9892;13.07.2014
35,025;14.07.2014
35,6825;15.07.2014
38,2092;16.07.2014
38,9083;17.07.2014
38,0025;18.07.2014
28,2658;19.07.2014
21,8417;20.07.2014
39,8842;21.07.2014
37,3042;22.07.2014
34,6;23.07.2014
36,8717;24.07.2014
37,4558;25.07.2014
31,2183;26.07.2014
26,3567;27.07.2014
39,6775;28.07.2014
38,3958;29.07.2014
35,7142;30.07.2014
33,8875;31.07.2014
33,1525;01.08.2014
19,185;02.08.2014
16,5183;03.08.2014
37,5675;04.08.2014
35,5267;05.08.2014
31,8542;06.08.2014
35,0125;07.08.2014
32,8692;08.08.2014
21,1717;09.08.2014
10,3958;10.08.2014
26,1258;11.08.2014
31,6917;12.08.2014
41,7333;13.08.2014
33,1683;14.08.2014
32,6042;15.08.2014
20,2133;16.08.2014
-15,1458;17.08.2014
23,0083;18.08.2014
32,855;19.08.2014
35,1833;20.08.2014
34,2417;21.08.2014
32,595;22.08.2014
28,4858;23.08.2014
14,8817;24.08.2014
40,5875;25.08.2014
46,8517;26.08.2014
41,2242;27.08.2014
38,9867;28.08.2014
38,7683;29.08.2014
27,1642;30.08.2014
24,4358;31.08.2014
40,6267;01.09.2014
41,0417;02.09.2014
34,3283;03.09.2014
35,1525;04.09.2014
39,2517;05.09.2014
32,2392;06.09.2014
28,9442;07.09.2014
39,2133;08.09.2014
42,155;09.09.2014
41,9958;10.09.2014
44,0117;11.09.2014
42,51;12.09.2014
33,4425;13.09.2014
28,4517;14.09.2014
44,8708;15.09.2014
43,1567;16.09.2014
36,925;17.09.2014
40,4692;18.09.2014
45,8392;19.09.2014
40,8275;20.09.2014
30,3783;21.09.2014
33,0617;22.09.2014
43,0042;23.09.2014
40,2617;24.09.2014
39,7408;25.09.2014
38,2783;26.09.2014
33,6492;27.09.2014
25,1308;28.09.2014
47,1942;29.09.2014
52,855;30.09.2014
56,0525;01.10.2014
51,6925;02.10.2014
31,5133;03.10.2014
30,82;04.10.2014
33,955;05.10.2014
38,6325;06.10.2014
35,1892;07.10.2014
45,0275;08.10.2014
38,0633;09.10.2014
45,54;10.10.2014
37,1733;11.10.2014
32,775;12.10.2014
45,3033;13.10.2014
47,0342;14.10.2014
50,5267;15.10.2014
50,5758;16.10.2014
47,5158;17.10.2014
32,7658;18.10.2014
15,4867;19.10.2014
37,1708;20.10.2014
36,1733;21.10.2014
34,3533;22.10.2014
52,6042;23.10.2014
41,7317;24.10.2014
37,5317;25.10.2014
29,2908;26.10.2014
40,6942;27.10.2014
41,2817;28.10.2014
52,3167;29.10.2014
55,8758;30.10.2014
41,6483;31.10.2014
29,7333;01.11.2014
19,7058;02.11.2014
35,6075;03.11.2014
41,8683;04.11.2014
54,8575;05.11.2014
59,905;06.11.2014
40,3667;07.11.2014
33,3183;08.11.2014
27,2517;09.11.2014
50,0333;10.11.2014
42,4092;11.11.2014
50,7392;12.11.2014
52,5742;13.11.2014
42,4192;14.11.2014
35,3908;15.11.2014
30,3758;16.11.2014
56,265;17.11.2014
56,1308;18.11.2014
57,3758;19.11.2014
54,3158;20.11.2014
53,2083;21.11.2014
37,4067;22.11.2014
29,1583;23.11.2014
52,2633;24.11.2014
57,7308;25.11.2014
52,2;26.11.2014
52,2692;27.11.2014
37,0667;28.11.2014
35,09;29.11.2014
33,42;30.11.2014
50,5642;01.12.2014
63,2658;02.12.2014
67,7608;03.12.2014
69,3883;04.12.2014
65,2017;05.12.2014
51,6758;06.12.2014
33,11;07.12.2014
51,69;08.12.2014
62,095;09.12.2014
42,185;10.12.2014
35,9692;11.12.2014
34,405;12.12.2014
39,2933;13.12.2014
38,5417;14.12.2014
49,9808;15.12.2014
55,12;16.12.2014
46,9292;17.12.2014
36,3408;18.12.2014
32,405;19.12.2014
11,66;20.12.2014
16,9808;21.12.2014
19,63;22.12.2014
23,0092;23.12.2014
13,435;24.12.2014
15,6817;25.12.2014
36,8058;26.12.2014
31,6617;27.12.2014
37,005;28.12.2014
48,0042;29.12.2014
46,0458;30.12.2014
36,5333;31.12.2014
18,5525;01.01.2015
16,9292;02.01.2015
28,5258;03.01.2015
16,1042;04.01.2015
45,11;05.01.2015
37,1425;06.01.2015
49,0825;07.01.2015
34,33;08.01.2015
30,6692;09.01.2015
14,5733;10.01.2015
4,7817;11.01.2015
31,9667;12.01.2015
30,8917;13.01.2015
34,3858;14.01.2015
29,8408;15.01.2015
43,2992;16.01.2015
35,5158;17.01.2015
30,3858;18.01.2015
50,275;19.01.2015
56,3067;20.01.2015
52,9633;21.01.2015
52,8917;22.01.2015
50,2058;23.01.2015
33,3492;24.01.2015
32,1392;25.01.2015
44,6692;26.01.2015
40,2108;27.01.2015
30,1942;28.01.2015
32,6958;29.01.2015
46,04;30.01.2015
32,6783;31.01.2015
31,8308;01.02.2015
50,2858;02.02.2015
54,3783;03.02.2015
58,5008;04.02.2015
49,8492;05.02.2015
44,2408;06.02.2015
30,7883;07.02.2015
20,0283;08.02.2015
33,6792;09.02.2015
53,3067;10.02.2015
57,0358;11.02.2015
55,24;12.02.2015
42,9733;13.02.2015
35,2025;14.02.2015
28,92;15.02.2015
39,0983;16.02.2015
48,9667;17.02.2015
50,3858;18.02.2015
43,865;19.02.2015
33,5333;20.02.2015
31,7325;21.02.2015
36,5367;22.02.2015
40,3483;23.02.2015
39,1725;24.02.2015
51,1225;25.02.2015
40,4908;26.02.2015
43,5975;27.02.2015
33,1842;28.02.2015
14,2133;01.03.2015
32,27;02.03.2015
33,2825;03.03.2015
28,1125;04.03.2015
40,1858;05.03.2015
45,9133;06.03.2015
29,7867;07.03.2015
21,9517;08.03.2015
44,1292;09.03.2015
40,4692;10.03.2015
35,57;11.03.2015
43,3033;12.03.2015
39,4883;13.03.2015
34,2708;14.03.2015
28,4642;15.03.2015
32,6217;16.03.2015
34,1717;17.03.2015
38,5783;18.03.2015
38,4592;19.03.2015
35,8175;20.03.2015
33,4758;21.03.2015
25,9042;22.03.2015
43,5908;23.03.2015
55,4725;24.03.2015
43,97;25.03.2015
48,96;26.03.2015
37,1358;27.03.2015
28,6967;28.03.2015
14,5183;29.03.2015
21,1908;30.03.2015
21,6267;31.03.2015
22,6908;01.04.2015
34,9842;02.04.2015
20,2092;03.04.2015
28,1383;04.04.2015
21,2142;05.04.2015
23,5692;06.04.2015
34,4275;07.04.2015
45,2575;08.04.2015
43,0683;09.04.2015
35,2692;10.04.2015
20,9183;11.04.2015
-11,38;12.04.2015
28,5692;13.04.2015
32,4433;14.04.2015
23,4117;15.04.2015
34,2567;16.04.2015
39,9383;17.04.2015
22,2275;18.04.2015
19,7492;19.04.2015
31,59;20.04.2015
27,6808;21.04.2015
37,61;22.04.2015
34,7375;23.04.2015
33,5925;24.04.2015
27,4042;25.04.2015
21,7708;26.04.2015
38,5058;27.04.2015
40,84;28.04.2015
32,4933;29.04.2015
36,7783;30.04.2015
22,0458;01.05.2015
26,2375;02.05.2015
16,645;03.05.2015
38,6508;04.05.2015
29,63;05.05.2015
26,6025;06.05.2015
28,6158;07.05.2015
31,2675;08.05.2015
15,8842;09.05.2015
0,0033;10.05.2015
32,655;11.05.2015
31,7508;12.05.2015
27,095;13.05.2015
18,9642;14.05.2015
31,8633;15.05.2015
18,41;16.05.2015
9,5867;17.05.2015
32,93;18.05.2015
30,1425;19.05.2015
39,9708;20.05.2015
36,64;21.05.2015
31,5425;22.05.2015
23,7633;23.05.2015
18,2992;24.05.2015
23,6317;25.05.2015
36,1367;26.05.2015
35,185;27.05.2015
30,515;28.05.2015
32,5792;29.05.2015
19,7025;30.05.2015
14,0467;31.05.2015
38,8125;01.06.2015
22,095;02.06.2015
31,1542;03.06.2015
25,415;04.06.2015
30,4658;05.06.2015
23,0267;06.06.2015
16,0583;07.06.2015
35,0233;08.06.2015
39,9183;09.06.2015
34,7308;10.06.2015
39,3383;11.06.2015
37,465;12.06.2015
26,6567;13.06.2015
17,7467;14.06.2015
37,4283;15.06.2015
42,7117;16.06.2015
32,4408;17.06.2015
35,7892;18.06.2015
34,5108;19.06.2015
27,7333;20.06.2015
21,9608;21.06.2015
38,63;22.06.2015
34,5092;23.06.2015
32,1533;24.06.2015
39,3967;25.06.2015
38,3392;26.06.2015
30,3058;27.06.2015
18,1525;28.06.2015
38,4333;29.06.2015
37,0792;30.06.2015
33,9767;01.07.2015
34,735;02.07.2015
47,7817;03.07.2015
33,7458;04.07.2015
26,25;05.07.2015
37,2758;06.07.2015
53,8317;07.07.2015
27,9825;08.07.2015
28,4958;09.07.2015
31,6225;10.07.2015
30,78;11.07.2015
24,6067;12.07.2015
47,6142;13.07.2015
47,1733;14.07.2015
52,6117;15.07.2015
49,0825;16.07.2015
37,75;17.07.2015
37,1358;18.07.2015
28,4508;19.07.2015
49,0967;20.07.2015
48,9;21.07.2015
51,705;22.07.2015
52,6617;23.07.2015
51,295;24.07.2015
15,4683;25.07.2015
10,0333;26.07.2015
35,9658;27.07.2015
26,685;28.07.2015
31,4325;29.07.2015
27,1967;30.07.2015
31,815;31.07.2015
20,0183;01.08.2015
14,4608;02.08.2015
31,8358;03.08.2015
36,5392;04.08.2015
36,5367;05.08.2015
35,9558;06.08.2015
35,8858;07.08.2015
27,7025;08.08.2015
26,5083;09.08.2015
37,8408;10.08.2015
42,8817;11.08.2015
41,0092;12.08.2015
37,7017;13.08.2015
32,7092;14.08.2015
34,0008;15.08.2015
31,4492;16.08.2015
46,9958;17.08.2015
42,2492;18.08.2015
44,0275;19.08.2015
41,7133;20.08.2015
33,4767;21.08.2015
24,8892;22.08.2015
14,5158;23.08.2015
38,4175;24.08.2015
28,5375;25.08.2015
31,12;26.08.2015
35,1533;27.08.2015
45,3792;28.08.2015
27,0267;29.08.2015
24,13;30.08.2015
37,3;31.08.2015
44,2433;01.09.2015
40,5892;02.09.2015
45,8667;03.09.2015
34,6108;04.09.2015
19,63;05.09.2015
-4,1858;06.09.2015
39,2808;07.09.2015
38,1117;08.09.2015
36,5025;09.09.2015
36,3975;10.09.2015
34,7008;11.09.2015
30,9958;12.09.2015
26,2183;13.09.2015
41,6875;14.09.2015
31,7633;15.09.2015
40,56;16.09.2015
31,9983;17.09.2015
43,0792;18.09.2015
31,6292;19.09.2015
20,7542;20.09.2015
40,6958;21.09.2015
38,0358;22.09.2015
51,1883;23.09.2015
33,8458;24.09.2015
37,9042;25.09.2015
34,1725;26.09.2015
24,1842;27.09.2015
37,2667;28.09.2015
35,48;29.09.2015
39,2458;30.09.2015
40,4225;01.10.2015
39,4933;02.10.2015
28,0192;03.10.2015
31,4358;04.10.2015
46,1617;05.10.2015
44,5367;06.10.2015
48,3675;07.10.2015
55,9167;08.10.2015
51,4017;09.10.2015
36,3617;10.10.2015
21,2858;11.10.2015
38,4325;12.10.2015
47,9792;13.10.2015
54,1717;14.10.2015
46,74;15.10.2015
57,6992;16.10.2015
44,9017;17.10.2015
39,5083;18.10.2015
60,8117;19.10.2015
58,7283;20.10.2015
48,5483;21.10.2015
43,6508;22.10.2015
43,02;23.10.2015
34,4758;24.10.2015
36,2483;25.10.2015
44,4292;26.10.2015
47,4833;27.10.2015
48,0833;28.10.2015
58,8683;29.10.2015
49,035;30.10.2015
39,2242;31.10.2015
33,3883;01.11.2015
46,9067;02.11.2015
47,225;03.11.2015
48,7625;04.11.2015
51,125;05.11.2015
42,3842;06.11.2015
35,7633;07.11.2015
32,0983;08.11.2015
35,295;09.11.2015
36,1058;10.11.2015
40,7033;11.11.2015
43,0575;12.11.2015
35,605;13.11.2015
24,9525;14.11.2015
24,76;15.11.2015
33,915;16.11.2015
38,3533;17.11.2015
31,6;18.11.2015
30,315;19.11.2015
46,0075;20.11.2015
34,66;21.11.2015
26,7883;22.11.2015
65,1183;23.11.2015
38,8683;24.11.2015
50,5808;25.11.2015
63,82;26.11.2015
41,8275;27.11.2015
32,7475;28.11.2015
17,7575;29.11.2015
35,3583;30.11.2015
46,035;01.12.2015
45,05;02.12.2015
50,2892;03.12.2015
36,4567;04.12.2015
29,9267;05.12.2015
18,3142;06.12.2015
49,5508;07.12.2015
40,0142;08.12.2015
41,0517;09.12.2015
35,2433;10.12.2015
31,32;11.12.2015
30,5208;12.12.2015
33,7708;13.12.2015
50,1217;14.12.2015
52,1533;15.12.2015
42,7267;16.12.2015
38,665;17.12.2015
37,7125;18.12.2015
31,6892;19.12.2015
19,8;20.12.2015
33,215;21.12.2015
26,2183;22.12.2015
24,6058;23.12.2015
21,2717;24.12.2015
16,8375;25.12.2015
11,07;26.12.2015
17,6825;27.12.2015
37,5308;28.12.2015
38,3025;29.12.2015
32,4383;30.12.2015
28,655;31.12.2015
27,4517;01.01.2016
21,1067;02.01.2016
19,0908;03.01.2016
36,7092;04.01.2016
39,085;05.01.2016
39,0417;06.01.2016
39,3208;07.01.2016
32,2358;08.01.2016
33,4108;09.01.2016
23,3075;10.01.2016
41,7633;11.01.2016
36,5142;12.01.2016
35,7433;13.01.2016
39,2567;14.01.2016
43,58;15.01.2016
31,2392;16.01.2016
31,8792;17.01.2016
50,2392;18.01.2016
61,7183;19.01.2016
64,3375;20.01.2016
69,2492;21.01.2016
38,1733;22.01.2016
32,2275;23.01.2016
28,3458;24.01.2016
33,7525;25.01.2016
30,2975;26.01.2016
26,1042;27.01.2016
31,4783;28.01.2016
25,6525;29.01.2016
16,5225;30.01.2016
15,9433;31.01.2016
25,6742;01.02.2016
23,8225;02.02.2016
28,1325;03.02.2016
30,9067;04.02.2016
31,6992;05.02.2016
17,7158;06.02.2016
13,1392;07.02.2016
18,015;08.02.2016
27,9725;09.02.2016
30,0933;10.02.2016
28,4783;11.02.2016
32,1383;12.02.2016
25,9817;13.02.2016
18,9358;14.02.2016
28,7708;15.02.2016
38,8333;16.02.2016
29,8;17.02.2016
32,2617;18.02.2016
31,1608;19.02.2016
16,9208;20.02.2016
11,7908;21.02.2016
27,2308;22.02.2016
28,575;23.02.2016
26,8117;24.02.2016
30,8833;25.02.2016
30,8992;26.02.2016
23,755;27.02.2016
17,8517;28.02.2016
26,0792;29.02.2016
28,5092;01.03.2016
29,1808;02.03.2016
32,9633;03.03.2016
26,7917;04.03.2016
25,2858;05.03.2016
21,2933;06.03.2016
33,5017;07.03.2016
31,1883;08.03.2016
27,215;09.03.2016
28,4833;10.03.2016
30,6425;11.03.2016
28,1208;12.03.2016
21,6692;13.03.2016
29,6133;14.03.2016
30,54;15.03.2016
26,5992;16.03.2016
28,2875;17.03.2016
26,32;18.03.2016
25,7308;19.03.2016
16,2383;20.03.2016
26,9642;21.03.2016
31,6208;22.03.2016
27,9933;23.03.2016
30,1683;24.03.2016
26,6142;25.03.2016
19,6583;26.03.2016
10,6433;27.03.2016
-6,6408;28.03.2016
23,8042;29.03.2016
27,8633;30.03.2016
30,6067;31.03.2016
29,2917;01.04.2016
20,055;02.04.2016
16,6167;03.04.2016
28,5408;04.04.2016
29,4683;05.04.2016
23,1492;06.04.2016
24,4558;07.04.2016
30,3642;08.04.2016
23,3083;09.04.2016
18,2333;10.04.2016
25,575;11.04.2016
30,2533;12.04.2016
30,7558;13.04.2016
28,0633;14.04.2016
26,5617;15.04.2016
17,2683;16.04.2016
16,9733;17.04.2016
24,0392;18.04.2016
19,3917;19.04.2016
24,2558;20.04.2016
27,6983;21.04.2016
26,5967;22.04.2016
22,165;23.04.2016
13,4508;24.04.2016
27,8792;25.04.2016
28,4292;26.04.2016
25,9825;27.04.2016
30,5517;28.04.2016
23,9992;29.04.2016
23,8967;30.04.2016
16,6733;01.05.2016
28,9342;02.05.2016
29,9442;03.05.2016
27,6;04.05.2016
16,9808;05.05.2016
22,2767;06.05.2016
12,0692;07.05.2016
-36,46;08.05.2016
22,8475;09.05.2016
28,9925;10.05.2016
26,4292;11.05.2016
27,9508;12.05.2016
30,015;13.05.2016
11,2258;14.05.2016
0,0667;15.05.2016
20,9975;16.05.2016
31,79;17.05.2016
32,76;18.05.2016
38,4558;19.05.2016
28,2033;20.05.2016
19,2792;21.05.2016
-0,7283;22.05.2016
33,6508;23.05.2016
33,1958;24.05.2016
33,1558;25.05.2016
27,6992;26.05.2016
30,9517;27.05.2016
23,5242;28.05.2016
11,4925;29.05.2016
29,4217;30.05.2016
33,135;31.05.2016
34,6033;01.06.2016
31,9417;02.06.2016
31,6867;03.06.2016
25,5433;04.06.2016
18,0725;05.06.2016
33,1558;06.06.2016
30,7667;07.06.2016
31,1142;08.06.2016
35,1308;09.06.2016
26,255;10.06.2016
27,5442;11.06.2016
22,7467;12.06.2016
33,9975;13.06.2016
33,3283;14.06.2016
32,6825;15.06.2016
32,5917;16.06.2016
29,8817;17.06.2016
21,03;18.06.2016
16,2783;19.06.2016
28,3925;20.06.2016
37,7058;21.06.2016
34,965;22.06.2016
30,3758;23.06.2016
31,8583;24.06.2016
29,0908;25.06.2016
13,8533;26.06.2016
28,9325;27.06.2016
36,8883;28.06.2016
27,925;29.06.2016
32,62;30.06.2016
27,1608;01.07.2016
21,3492;02.07.2016
12,155;03.07.2016
32,6783;04.07.2016
27,8808;05.07.2016
14,82;06.07.2016
29,8058;07.07.2016
30,2767;08.07.2016
18,5325;09.07.2016
11,1125;10.07.2016
25,3933;11.07.2016
31,8767;12.07.2016
36,2108;13.07.2016
26,3808;14.07.2016
27,9025;15.07.2016
24,1825;16.07.2016
19,3625;17.07.2016
30,5183;18.07.2016
34,735;19.07.2016
30,77;20.07.2016
35,3558;21.07.2016
33,55;22.07.2016
29,6875;23.07.2016
25,7267;24.07.2016
35,2167;25.07.2016
35,3;26.07.2016
36,6492;27.07.2016
33,7092;28.07.2016
31,5408;29.07.2016
27,0617;30.07.2016
25,1575;31.07.2016
30,8067;01.08.2016
36,4142;02.08.2016
31,9108;03.08.2016
29,4867;04.08.2016
34,17;05.08.2016
22,8383;06.08.2016
10,2617;07.08.2016
21,735;08.08.2016
31,635;09.08.2016
29,5533;10.08.2016
30,2367;11.08.2016
30,8267;12.08.2016
16,6067;13.08.2016
20,125;14.08.2016
28,8;15.08.2016
31,6642;16.08.2016
31,2442;17.08.2016
32,7983;18.08.2016
32,0317;19.08.2016
24,5758;20.08.2016
12,6383;21.08.2016
31,2808;22.08.2016
34,3292;23.08.2016
31,8392;24.08.2016
30,9767;25.08.2016
31,6917;26.08.2016
25,97;27.08.2016
19,4767;28.08.2016
29,8225;29.08.2016
34,0983;30.08.2016
32,5317;31.08.2016
33,365;01.09.2016
32,1542;02.09.2016
29,6458;03.09.2016
23,7958;04.09.2016
43,62;05.09.2016
35,575;06.09.2016
32,54;07.09.2016
33,0217;08.09.2016
34,9942;09.09.2016
28,0667;10.09.2016
27,0975;11.09.2016
36,4958;12.09.2016
34,4217;13.09.2016
31,9433;14.09.2016
30,0708;15.09.2016
37,0825;16.09.2016
29,8517;17.09.2016
25,8567;18.09.2016
40,9592;19.09.2016
39,7217;20.09.2016
39,1342;21.09.2016
34,0417;22.09.2016
32,5433;23.09.2016
30,3592;24.09.2016
21,7675;25.09.2016
41,4767;26.09.2016
37,0992;27.09.2016
25,345;28.09.2016
22,545;29.09.2016
37,1575;30.09.2016
35,7442;01.10.2016
31,3033;02.10.2016
32,3725;03.10.2016
34,0525;04.10.2016
32,0942;05.10.2016
37,6358;06.10.2016
45,0883;07.10.2016
40,0383;08.10.2016
33,6575;09.10.2016
61,235;10.10.2016
43,3883;11.10.2016
41,7117;12.10.2016
37,4492;13.10.2016
33,4333;14.10.2016
37,195;15.10.2016
36,1767;16.10.2016
49,285;17.10.2016
45,4092;18.10.2016
46,7758;19.10.2016
46,9875;20.10.2016
44,1775;21.10.2016
39,4825;22.10.2016
35,7108;23.10.2016
48,1042;24.10.2016
65,1542;25.10.2016
52,2158;26.10.2016
44,2033;27.10.2016
40,0875;28.10.2016
36,845;29.10.2016
39,0083;30.10.2016
46,8817;31.10.2016
37,1233;01.11.2016
39,1392;02.11.2016
52,285;03.11.2016
45,2158;04.11.2016
42,2342;05.11.2016
39,9733;06.11.2016
49,5417;07.11.2016
67,5233;08.11.2016
58,1367;09.11.2016
65,0925;10.11.2016
55,875;11.11.2016
43,1108;12.11.2016
39,8958;13.11.2016
43,8217;14.11.2016
45,7525;15.11.2016
48,42;16.11.2016
40,6417;17.11.2016
34,94;18.11.2016
40,7583;19.11.2016
-5,5875;20.11.2016
43,8417;21.11.2016
45,3817;22.11.2016
53,6075;23.11.2016
45,1392;24.11.2016
48,8917;25.11.2016
44,4675;26.11.2016
35,7875;27.11.2016
47,87;28.11.2016
47,9217;29.11.2016
40,8625;30.11.2016
34,205;01.12.2016
49,3808;02.12.2016
45,74;03.12.2016
39,3942;04.12.2016
57,6825;05.12.2016
70,55;06.12.2016
42,5258;07.12.2016
37,79;08.12.2016
41,4808;09.12.2016
37,2067;10.12.2016
29,4775;11.12.2016
60,0675;12.12.2016
60,4367;13.12.2016
76,8417;14.12.2016
59,6458;15.12.2016
64,6933;16.12.2016
53,7083;17.12.2016
48,6558;18.12.2016
71,2875;19.12.2016
57,725;20.12.2016
45,3708;21.12.2016
52,9142;22.12.2016
46,4342;23.12.2016
14,1617;24.12.2016
7,3925;25.12.2016
-4,2367;26.12.2016
18,7375;27.12.2016
50,7608;28.12.2016
52,8358;29.12.2016
47,265;30.12.2016
42,1958;31.12.2016
34,4442;01.01.2017
56,0375;02.01.2017
44,43;03.01.2017
38,4208;04.01.2017
58,7575;05.01.2017
57,1575;06.01.2017
42,4683;07.01.2017
48,055;08.01.2017
68,5725;09.01.2017
71,4308;10.01.2017
38,5133;11.01.2017
44,6033;12.01.2017
44,8733;13.01.2017
37,1567;14.01.2017
42,04;15.01.2017
105,1942;16.01.2017
118,2783;17.01.2017
90,2125;18.01.2017
85,0125;19.01.2017
78,9275;20.01.2017
53,6575;21.01.2017
43,5833;22.01.2017
95,7642;23.01.2017
130,1842;24.01.2017
113,7817;25.01.2017
56,435;26.01.2017
49,815;27.01.2017
46,7517;28.01.2017
39,7642;29.01.2017
62,5283;30.01.2017
88,9567;31.01.2017
58,9242;01.02.2017
53,2933;02.02.2017
55,6567;03.02.2017
51,3208;04.02.2017
46,3117;05.02.2017
77,2758;06.02.2017
63,49;07.02.2017
72,905;08.02.2017
68,2433;09.02.2017
52,265;10.02.2017
41,205;11.02.2017
34,1525;12.02.2017
48,2992;13.02.2017
47,1292;14.02.2017
52,6725;15.02.2017
44,6733;16.02.2017
47,69;17.02.2017
44,93;18.02.2017
34,9808;19.02.2017
36,7467;20.02.2017
40,0208;21.02.2017
32,345;22.02.2017
35,65;23.02.2017
39,8033;24.02.2017
33,5992;25.02.2017
15,7858;26.02.2017
34,6483;27.02.2017
38,2308;28.02.2017
39,2467;01.03.2017
25,9658;02.03.2017
42,4658;03.03.2017
37,0567;04.03.2017
16,6817;05.03.2017
44,5292;06.03.2017
52,1758;07.03.2017
38,5675;08.03.2017
43,3083;09.03.2017
37,4467;10.03.2017
34,2417;11.03.2017
16,1458;12.03.2017
38,6258;13.03.2017
38,2317;14.03.2017
37,4625;15.03.2017
36,0342;16.03.2017
30,87;17.03.2017
22,6692;18.03.2017
14,4333;19.03.2017
35,4292;20.03.2017
33,2533;21.03.2017
38,8717;22.03.2017
36,2683;23.03.2017
35,6158;24.03.2017
26,4467;25.03.2017
24,76;26.03.2017
35,5242;27.03.2017
36,2025;28.03.2017
30,8208;29.03.2017
35,4675;30.03.2017
32,7233;31.03.2017
29,4725;01.04.2017
27,3525;02.04.2017
40,0008;03.04.2017
41,14;04.04.2017
34,775;05.04.2017
34,085;06.04.2017
37,4733;07.04.2017
33,2342;08.04.2017
25,1842;09.04.2017
26,6183;10.04.2017
35,5633;11.04.2017
28,3758;12.04.2017
30,4242;13.04.2017
29,6983;14.04.2017
9,2625;15.04.2017
21,11;16.04.2017
22,7608;17.04.2017
35,6925;18.04.2017
38,3667;19.04.2017
37,8275;20.04.2017
29,095;21.04.2017
11,505;22.04.2017
4,8558;23.04.2017
27,2925;24.04.2017
37,2542;25.04.2017
43,5875;26.04.2017
38,0892;27.04.2017
39,0492;28.04.2017
28,65;29.04.2017
-20,5658;30.04.2017
-31,725;01.05.2017
33,4758;02.05.2017
36,1675;03.05.2017
35,3367;04.05.2017
41,8825;05.05.2017
31,6358;06.05.2017
28,1525;07.05.2017
36,3292;08.05.2017
42,4208;09.05.2017
40,0283;10.05.2017
36,4392;11.05.2017
37,5275;12.05.2017
31,5692;13.05.2017
26,3192;14.05.2017
39,0542;15.05.2017
35,9575;16.05.2017
34,05;17.05.2017
35,1383;18.05.2017
37,3733;19.05.2017
25,1775;20.05.2017
16,2567;21.05.2017
38,8908;22.05.2017
34,5517;23.05.2017
34,0017;24.05.2017
25,1775;25.05.2017
33,3158;26.05.2017
24,5583;27.05.2017
17,0833;28.05.2017
40,5442;29.05.2017
38,8725;30.05.2017
33,1508;31.05.2017
37,0667;01.06.2017
38,5183;02.06.2017
30,1808;03.06.2017
18,14;04.06.2017
27,5983;05.06.2017
24,835;06.06.2017
12,8917;07.06.2017
33,6042;08.06.2017
35,33;09.06.2017
29,69;10.06.2017
18,44;11.06.2017
22,8092;12.06.2017
33,3267;13.06.2017
40,1583;14.06.2017
32,0433;15.06.2017
14,9967;16.06.2017
24,2508;17.06.2017
26,07;18.06.2017
40,2642;19.06.2017
36,545;20.06.2017
41,7742;21.06.2017
36,54;22.06.2017
30,395;23.06.2017
18,0958;24.06.2017
13,2833;25.06.2017
32,0675;26.06.2017
44,6125;27.06.2017
39,2667;28.06.2017
43,03;29.06.2017
31,8767;30.06.2017
29,1325;01.07.2017
21,1483;02.07.2017
33,5908;03.07.2017
35,5358;04.07.2017
41,2733;05.07.2017
42,0183;06.07.2017
39,2167;07.07.2017
34,0842;08.07.2017
32,5792;09.07.2017
45,43;10.07.2017
39,1475;11.07.2017
38,3242;12.07.2017
35,2192;13.07.2017
38,1083;14.07.2017
32,1417;15.07.2017
28,7592;16.07.2017
40,1975;17.07.2017
39,7333;18.07.2017
37,82;19.07.2017
39,5267;20.07.2017
37,7533;21.07.2017
33,8033;22.07.2017
26,715;23.07.2017
43,2433;24.07.2017
37,9267;25.07.2017
36,8933;26.07.2017
37,2258;27.07.2017
30,7792;28.07.2017
18,0217;29.07.2017
-11,1975;30.07.2017
32,9792;31.07.2017
37,7817;01.08.2017
34,9942;02.08.2017
28,4367;03.08.2017
21,6517;04.08.2017
28,2233;05.08.2017
16,4983;06.08.2017
34,2308;07.08.2017
33,7008;08.08.2017
32,0892;09.08.2017
39,7725;10.08.2017
44,6117;11.08.2017
21,7683;12.08.2017
19,61;13.08.2017
35,735;14.08.2017
27,535;15.08.2017
39,2842;16.08.2017
35,04;17.08.2017
35,87;18.08.2017
11,4775;19.08.2017
2,5775;20.08.2017
33,6733;21.08.2017
39,2867;22.08.2017
38,9967;23.08.2017
37,1225;24.08.2017
39,7767;25.08.2017
34,7108;26.08.2017
27,525;27.08.2017
40,9342;28.08.2017
39,7183;29.08.2017
38,7642;30.08.2017
42,9542;31.08.2017
42,7108;01.09.2017
35,205;02.09.2017
29,6867;03.09.2017
38,0858;04.09.2017
40,6425;05.09.2017
33,3125;06.09.2017
39,1142;07.09.2017
26,4725;08.09.2017
34,985;09.09.2017
21,4867;10.09.2017
30,4642;11.09.2017
35,9667;12.09.2017
13,1467;13.09.2017
32,0933;14.09.2017
40,1333;15.09.2017
38,8058;16.09.2017
33,3183;17.09.2017
45,8642;18.09.2017
45,7808;19.09.2017
42,715;20.09.2017
41,9642;21.09.2017
43,25;22.09.2017
37,6758;23.09.2017
35,7025;24.09.2017
47,3283;25.09.2017
43,7717;26.09.2017
43,7025;27.09.2017
44,4158;28.09.2017
44,3058;29.09.2017
39,6892;30.09.2017
35,78;01.10.2017
23,135;02.10.2017
26,5633;03.10.2017
32,085;04.10.2017
20,2042;05.10.2017
35,065;06.10.2017
6,9942;07.10.2017
31,8892;08.10.2017
48,5767;09.10.2017
42,035;10.10.2017
38,8825;11.10.2017
26,5783;12.10.2017
44,4383;13.10.2017
31,535;14.10.2017
31,3683;15.10.2017
44,8292;16.10.2017
40,2808;17.10.2017
62,1583;18.10.2017
53,6808;19.10.2017
40,9417;20.10.2017
38,445;21.10.2017
23,3508;22.10.2017
47,8008;23.10.2017
42,3192;24.10.2017
38,6917;25.10.2017
44,5083;26.10.2017
34,8092;27.10.2017
-3,6258;28.10.2017
-45,265;29.10.2017
41,0417;30.10.2017
40,4775;31.10.2017
35,0025;01.11.2017
40,0675;02.11.2017
59,4492;03.11.2017
37,3983;04.11.2017
36,855;05.11.2017
62,965;06.11.2017
62,9575;07.11.2017
89,905;08.11.2017
59,2992;09.11.2017
35,3917;10.11.2017
29,6492;11.11.2017
43,1883;12.11.2017
53,0208;13.11.2017
42,9083;14.11.2017
81,6517;15.11.2017
54,8842;16.11.2017
48,5592;17.11.2017
23,83;18.11.2017
13,6633;19.11.2017
49,995;20.11.2017
60,295;21.11.2017
39,5442;22.11.2017
27,68;23.11.2017
47,3925;24.11.2017
44,7283;25.11.2017
19,8725;26.11.2017
35,375;27.11.2017
45,7117;28.11.2017
92,4458;29.11.2017
87,4883;30.11.2017
75,8667;01.12.2017
43,2092;02.12.2017
35,4542;03.12.2017
43,2967;04.12.2017
42,4508;05.12.2017
38,9933;06.12.2017
36,8533;07.12.2017
38,8967;08.12.2017
19,6867;09.12.2017
21,7083;10.12.2017
55,7817;11.12.2017
41,2867;12.12.2017
32,8492;13.12.2017
38,3167;14.12.2017
54,9842;15.12.2017
42,0175;16.12.2017
40,9675;17.12.2017
69,9475;18.12.2017
74,1275;19.12.2017
76,205;20.12.2017
50,3583;21.12.2017
45,1908;22.12.2017
14,4633;23.12.2017
3,985;24.12.2017
18,0533;25.12.2017
-12,4858;26.12.2017
45,4633;27.12.2017
39,7817;28.12.2017
30,8175;29.12.2017
16,0275;30.12.2017
4,9183;31.12.2017
-21,4642;01.01.2018
46,7567;02.01.2018
14,4883;03.01.2018
44,78;04.01.2018
45,245;05.01.2018
42,3258;06.01.2018
27,1217;07.01.2018
40,715;08.01.2018
38,275;09.01.2018
48,6683;10.01.2018
55,545;11.01.2018
47,0692;12.01.2018
37,0633;13.01.2018
31,9483;14.01.2018
31,2917;15.01.2018
39,5208;16.01.2018
37,3883;17.01.2018
37,695;18.01.2018
46,0908;19.01.2018
41,3867;20.01.2018
38,8942;21.01.2018
46,7667;22.01.2018
42,4208;23.01.2018
29,9592;24.01.2018
44,0475;25.01.2018
51,6058;26.01.2018
39,085;27.01.2018
11,7842;28.01.2018
28,5183;29.01.2018
44,1692;30.01.2018
31,145;31.01.2018
38,6392;01.02.2018
45,4392;02.02.2018
44,8525;03.02.2018
34,7792;04.02.2018
52,8742;05.02.2018
54,2075;06.02.2018
54,2233;07.02.2018
57,4275;08.02.2018
45,0342;09.02.2018
44,0392;10.02.2018
13,4092;11.02.2018
41,4717;12.02.2018
44,0983;13.02.2018
43,5992;14.02.2018
39,07;15.02.2018
43,07;16.02.2018
43,7917;17.02.2018
37,8167;18.02.2018
58,1025;19.02.2018
55,77;20.02.2018
51,9783;21.02.2018
51,95;22.02.2018
47,4242;23.02.2018
16,9675;24.02.2018
36,0342;25.02.2018
49,7675;26.02.2018
53,22;27.02.2018
38,3692;28.02.2018
28,6367;01.03.2018
43,6733;02.03.2018
34,8642;03.03.2018
32,8525;04.03.2018
61,2733;05.03.2018
56,455;06.03.2018
54,8492;07.03.2018
39,6475;08.03.2018
44,0592;09.03.2018
37,1892;10.03.2018
28,8675;11.03.2018
46,2533;12.03.2018
43,9083;13.03.2018
54,7175;14.03.2018
25,4175;15.03.2018
37,4442;16.03.2018
7,2358;17.03.2018
-1,3233;18.03.2018
56,8317;19.03.2018
43,6883;20.03.2018
57,6558;21.03.2018
48,4958;22.03.2018
57,8575;23.03.2018
42,8158;24.03.2018
35,4192;25.03.2018
57,6058;26.03.2018
48,7075;27.03.2018
44,6983;28.03.2018
42,5925;29.03.2018
29,1225;30.03.2018
28,5525;31.03.2018
20,7708;01.04.2018
28,4733;02.04.2018
41,2267;03.04.2018
40,4983;04.04.2018
31,9717;05.04.2018
36,785;06.04.2018
12,6683;07.04.2018
18,9625;08.04.2018
46,2108;09.04.2018
38,5775;10.04.2018
33,815;11.04.2018
29,6333;12.04.2018
41,0442;13.04.2018
34,8083;14.04.2018
29,4908;15.04.2018
51,5117;16.04.2018
44,6617;17.04.2018
42,1283;18.04.2018
41,6142;19.04.2018
39,8233;20.04.2018
27,1075;21.04.2018
14,6125;22.04.2018
35,4692;23.04.2018
33,1558;24.04.2018
25,5158;25.04.2018
30,4233;26.04.2018
40,6783;27.04.2018
27,6392;28.04.2018
18,8892;29.04.2018
12,2058;30.04.2018
-15,81;01.05.2018
42,9167;02.05.2018
41,515;03.05.2018
42,4042;04.05.2018
26,4892;05.05.2018
15,525;06.05.2018
39,74;07.05.2018
28,0725;08.05.2018
40,9792;09.05.2018
23,4908;10.05.2018
44,3583;11.05.2018
32,7675;12.05.2018
14,1017;13.05.2018
39,2225;14.05.2018
46,3958;15.05.2018
43,9117;16.05.2018
37,9508;17.05.2018
40,8075;18.05.2018
34,865;19.05.2018
12,4858;20.05.2018
-0,6333;21.05.2018
49,3092;22.05.2018
44,3467;23.05.2018
40,88;24.05.2018
41,4533;25.05.2018
35,2567;26.05.2018
30,365;27.05.2018
49,6908;28.05.2018
45,4092;29.05.2018
49,7667;30.05.2018
41,3683;31.05.2018
55,5608;01.06.2018
40,0983;02.06.2018
27,7717;03.06.2018
51,2142;04.06.2018
54,8725;05.06.2018
53,3517;06.06.2018
53,6258;07.06.2018
51,8842;08.06.2018
42,2233;09.06.2018
36,8333;10.06.2018
52,3725;11.06.2018
55,3783;12.06.2018
52,0142;13.06.2018
44,32;14.06.2018
53,3567;15.06.2018
39,4;16.06.2018
16,4583;17.06.2018
46,4492;18.06.2018
50,6958;19.06.2018
47,265;20.06.2018
25,2592;21.06.2018
22,735;22.06.2018
23,7442;23.06.2018
28,8367;24.06.2018
49,0017;25.06.2018
52,7517;26.06.2018
48,765;27.06.2018
47,7467;28.06.2018
45,9925;29.06.2018
38,365;30.06.2018
25,2883;01.07.2018
50,2767;02.07.2018
50,2092;03.07.2018
55,2842;04.07.2018
54,4217;05.07.2018
48,8675;06.07.2018
24,6117;07.07.2018
30,1667;08.07.2018
46,8242;09.07.2018
57,0242;10.07.2018
55,7075;11.07.2018
56,2542;12.07.2018
52,0567;13.07.2018
47,18;14.07.2018
43,8608;15.07.2018
57,5658;16.07.2018
55,0817;17.07.2018
52,01;18.07.2018
54,545;19.07.2018
56,6125;20.07.2018
51,9633;21.07.2018
44,7192;22.07.2018
57,8867;23.07.2018
59,8617;24.07.2018
61,3583;25.07.2018
58,3675;26.07.2018
56,5208;27.07.2018
46,0583;28.07.2018
42,4217;29.07.2018
58,315;30.07.2018
59,7967;31.07.2018
60,5167;01.08.2018
64,8292;02.08.2018
67,7217;03.08.2018
50,9817;04.08.2018
47,2367;05.08.2018
67,7817;06.08.2018
70,3883;07.08.2018
57,8275;08.08.2018
60,1808;09.08.2018
50,9783;10.08.2018
40,1592;11.08.2018
36,4058;12.08.2018
60,3117;13.08.2018
56,7917;14.08.2018
54,1492;15.08.2018
56,9158;16.08.2018
61,23;17.08.2018
52,6842;18.08.2018
46,8325;19.08.2018
60,3708;20.08.2018
71,6083;21.08.2018
68,6192;22.08.2018
65,9133;23.08.2018
57,6975;24.08.2018
51,6208;25.08.2018
45,4067;26.08.2018
51,5933;27.08.2018
70,03;28.08.2018
66,52;29.08.2018
59,2433;30.08.2018
69,5492;31.08.2018
62,1192;01.09.2018
54,3608;02.09.2018
70,7833;03.09.2018
72,1958;04.09.2018
70,5525;05.09.2018
70,8333;06.09.2018
65,585;07.09.2018
46,0158;08.09.2018
48,2275;09.09.2018
67,8208;10.09.2018
56,9;11.09.2018
64,77;12.09.2018
77,2533;13.09.2018
69,3733;14.09.2018
50,1067;15.09.2018
44,5042;16.09.2018
67,9917;17.09.2018
60,5808;18.09.2018
61,6742;19.09.2018
60,5558;20.09.2018
39,58;21.09.2018
23,6067;22.09.2018
52,28;23.09.2018
41,2925;24.09.2018
67,6333;25.09.2018
46,1933;26.09.2018
58,6042;27.09.2018
53,9;28.09.2018
45,5342;29.09.2018
40,9992;30.09.2018
66,7625;01.10.2018
43;02.10.2018
17,125;03.10.2018
71,6217;04.10.2018
62,1342;05.10.2018
61,38;06.10.2018
56,455;07.10.2018
67,7633;08.10.2018
76,1692;09.10.2018
68,2867;10.10.2018
61,6642;11.10.2018
62,0917;12.10.2018
49,49;13.10.2018
30,8542;14.10.2018
68,63;15.10.2018
80,3275;16.10.2018
78,8508;17.10.2018
68,0783;18.10.2018
74,6533;19.10.2018
61,705;20.10.2018
57,285;21.10.2018
61,125;22.10.2018
38,6625;23.10.2018
60,3758;24.10.2018
54,0475;25.10.2018
64,1492;26.10.2018
58,0625;27.10.2018
46,105;28.10.2018
54,0592;29.10.2018
39,7858;30.10.2018
57,9858;31.10.2018
53,5333;01.11.2018
62,6658;02.11.2018
58,2275;03.11.2018
51,9517;04.11.2018
66,8883;05.11.2018
66,9192;06.11.2018
63,9492;07.11.2018
72,5183;08.11.2018
66,4842;09.11.2018
46,0208;10.11.2018
42,3658;11.11.2018
63,6608;12.11.2018
57,0892;13.11.2018
70,7475;14.11.2018
71,6633;15.11.2018
65,0567;16.11.2018
51,3258;17.11.2018
49,9783;18.11.2018
53,1425;19.11.2018
53,6133;20.11.2018
62,54;21.11.2018
95,6283;22.11.2018
97,4775;23.11.2018
69,7317;24.11.2018
58,1133;25.11.2018
90,3925;26.11.2018
91,5117;27.11.2018
57,1083;28.11.2018
57,1383;29.11.2018
67,4092;30.11.2018
54,0692;01.12.2018
34,3575;02.12.2018
53,8583;03.12.2018
57,1733;04.12.2018
67,9983;05.12.2018
62,8717;06.12.2018
50,7367;07.12.2018
17,8117;08.12.2018
18,6433;09.12.2018
47,6983;10.12.2018
65,3575;11.12.2018
82,8758;12.12.2018
77,1392;13.12.2018
84,985;14.12.2018
58,9258;15.12.2018
55,4808;16.12.2018
80,5658;17.12.2018
66,6375;18.12.2018
66,51;19.12.2018
63,3533;20.12.2018
56,0842;21.12.2018
52,6758;22.12.2018
50,0025;23.12.2018
52,5783;24.12.2018
23,1733;25.12.2018
56,7267;26.12.2018
66,2475;27.12.2018
66,1592;28.12.2018
54,5917;29.12.2018
50,0392;30.12.2018
62,3283;31.12.2018
-0,795;01.01.2019
51,3908;02.01.2019
64,9992;03.01.2019
53,3158;04.01.2019
51,3;05.01.2019
57,6917;06.01.2019
61,8167;07.01.2019
43,5317;08.01.2019
49,7967;09.01.2019
79,2083;10.01.2019
52,4808;11.01.2019
41,1283;12.01.2019
16,8783;13.01.2019
47,3083;14.01.2019
52,7425;15.01.2019
53,7283;16.01.2019
51,5983;17.01.2019
71,0942;18.01.2019
58,8958;19.01.2019
55,9592;20.01.2019
79,8083;21.01.2019
69,4983;22.01.2019
88,8733;23.01.2019
102,7383;24.01.2019
74,645;25.01.2019
55,485;26.01.2019
42,3883;27.01.2019
55,625;28.01.2019
68,7633;29.01.2019
57,3992;30.01.2019
67,7183;31.01.2019
62,1608;01.02.2019
54,0633;02.02.2019
49,4567;03.02.2019
46,1908;04.02.2019
61,3583;05.02.2019
55,955;06.02.2019
46,7583;07.02.2019
47,5275;08.02.2019
11,23;09.02.2019
35,4483;10.02.2019
42,4733;11.02.2019
53,3408;12.02.2019
49,2408;13.02.2019
52,5275;14.02.2019
49,9175;15.02.2019
40,0617;16.02.2019
39,8733;17.02.2019
49,7067;18.02.2019
43,2342;19.02.2019
50,0167;20.02.2019
44,9333;21.02.2019
50,9658;22.02.2019
41,5592;23.02.2019
39,785;24.02.2019
46,4425;25.02.2019
46,5808;26.02.2019
45,6692;27.02.2019
43,1708;28.02.2019
49,5025;01.03.2019
44,2358;02.03.2019
10,5183;03.03.2019
17,6033;04.03.2019
40,6592;05.03.2019
34,9183;06.03.2019
32,4125;07.03.2019
32,7475;08.03.2019
8,0208;09.03.2019
28,7217;10.03.2019
44,0825;11.03.2019
39,5333;12.03.2019
19,5833;13.03.2019
37,815;14.03.2019
33,615;15.03.2019
28,6058;16.03.2019
-1,6383;17.03.2019
35,3083;18.03.2019
48,0683;19.03.2019
42,7983;20.03.2019
40,525;21.03.2019
40,735;22.03.2019
34,4467;23.03.2019
31,8658;24.03.2019
33,6192;25.03.2019
36,4192;26.03.2019
41,9683;27.03.2019
45,6258;28.03.2019
39,5075;29.03.2019
33,2267;30.03.2019
22,3733;31.03.2019
38,8133;01.04.2019
34,705;02.04.2019
46,4283;03.04.2019
44,5625;04.04.2019
44,36;05.04.2019
37,6758;06.04.2019
35,9783;07.04.2019
46,1217;08.04.2019
43,8483;09.04.2019
44,22;10.04.2019
46,0075;11.04.2019
46,2283;12.04.2019
40,7717;13.04.2019
36,1642;14.04.2019
41,1575;15.04.2019
41,78;16.04.2019
41,7567;17.04.2019
40,27;18.04.2019
30,3242;19.04.2019
32,3275;20.04.2019
26,6817;21.04.2019
-36,3592;22.04.2019
15,2467;23.04.2019
37,6308;24.04.2019
40,0258;25.04.2019
46,2008;26.04.2019
32,54;27.04.2019
34,5775;28.04.2019
45,175;29.04.2019
44,095;30.04.2019
18,6933;01.05.2019
39,4325;02.05.2019
42,2958;03.05.2019
39,5742;04.05.2019
27,3192;05.05.2019
45,1858;06.05.2019
52,7533;07.05.2019
40,1358;08.05.2019
49,5758;09.05.2019
44,9842;10.05.2019
37,1425;11.05.2019
8,7242;12.05.2019
38,9483;13.05.2019
39,9792;14.05.2019
41,5325;15.05.2019
41,6458;16.05.2019
44,9767;17.05.2019
36,3842;18.05.2019
33,4933;19.05.2019
51,4542;20.05.2019
48,2042;21.05.2019
42,0483;22.05.2019
40,3767;23.05.2019
40,1775;24.05.2019
35,1392;25.05.2019
14,4658;26.05.2019
39,8167;27.05.2019
47,5275;28.05.2019
44,9125;29.05.2019
9,9467;30.05.2019
36,0492;31.05.2019
27,99;01.06.2019
13,9008;02.06.2019
40,0917;03.06.2019
41,6825;04.06.2019
42,285;05.06.2019
36,9808;06.06.2019
36,4558;07.06.2019
-65,9408;08.06.2019
21,2233;09.06.2019
30,8658;10.06.2019
51,6167;11.06.2019
46,8333;12.06.2019
36,5892;13.06.2019
44,68;14.06.2019
29,1817;15.06.2019
29,1817;16.06.2019
42,3008;17.06.2019
44,0617;18.06.2019
43,2467;19.06.2019
36,7683;20.06.2019
38,6175;21.06.2019
31,6067;22.06.2019
14,8792;23.06.2019
36,375;24.06.2019
43,6975;25.06.2019
39,0742;26.06.2019
36,39;27.06.2019
43,9533;28.06.2019
30,7908;29.06.2019
5,1292;30.06.2019
33,1033;01.07.2019
33,1058;02.07.2019
34,6342;03.07.2019
33,2575;04.07.2019
35,4808;05.07.2019
28,5158;06.07.2019
21,9825;07.07.2019
37,2592;08.07.2019
38,4458;09.07.2019
42,6533;10.07.2019
50,51;11.07.2019
47,4108;12.07.2019
36,6908;13.07.2019
35,4258;14.07.2019
42,8642;15.07.2019
44,8117;16.07.2019
47,1942;17.07.2019
44,59;18.07.2019
45,9033;19.07.2019
33,275;20.07.2019
27,6492;21.07.2019
43,4858;22.07.2019
47,69;23.07.2019
53,8683;24.07.2019
53,5275;25.07.2019
46,8733;26.07.2019
36,1142;27.07.2019
32,1125;28.07.2019
49,1617;29.07.2019
45,9175;30.07.2019
50,3058;31.07.2019
44,555;01.08.2019
44,8117;02.08.2019
35,1258;03.08.2019
31,5992;04.08.2019
49,8042;05.08.2019
42,8142;06.08.2019
43,2125;07.08.2019
33,6175;08.08.2019
40,055;09.08.2019
-2,7725;10.08.2019
4,2783;11.08.2019
43,1025;12.08.2019
36,4033;13.08.2019
38,8283;14.08.2019
31,3342;15.08.2019
37,6367;16.08.2019
27,3033;17.08.2019
23,9467;18.08.2019
33,4558;19.08.2019
42,4475;20.08.2019
41,85;21.08.2019
36,5092;22.08.2019
37,7692;23.08.2019
31,5125;24.08.2019
29,76;25.08.2019
48,0583;26.08.2019
50,5867;27.08.2019
55,3175;28.08.2019
47,3692;29.08.2019
41,5792;30.08.2019
32,68;31.08.2019
30,1592;01.09.2019
43,2542;02.09.2019
36,3708;03.09.2019
34,4983;04.09.2019
32,21;05.09.2019
33,6317;06.09.2019
37,9183;07.09.2019
36,9433;08.09.2019
49,8483;09.09.2019
37,2658;10.09.2019
34,2283;11.09.2019
40,8333;12.09.2019
42,1383;13.09.2019
35,7817;14.09.2019
17,3233;15.09.2019
53,06;16.09.2019
31,93;17.09.2019
36,3367;18.09.2019
46,6308;19.09.2019
44,7117;20.09.2019
34,9;21.09.2019
29,145;22.09.2019
51,7983;23.09.2019
52,4917;24.09.2019
52,8083;25.09.2019
46,8267;26.09.2019
42,6017;27.09.2019
23,3958;28.09.2019
9,6883;29.09.2019
30,2292;30.09.2019
45,9308;01.10.2019
43,8183;02.10.2019
45,0992;03.10.2019
49,2633;04.10.2019
40,3583;05.10.2019
32,9492;06.10.2019
52,7058;07.10.2019
40,6333;08.10.2019
40,7717;09.10.2019
33,1967;10.10.2019
29,6433;11.10.2019
23,2458;12.10.2019
21,7683;13.10.2019
47,0717;14.10.2019
52,0192;15.10.2019
43,6775;16.10.2019
51,24;17.10.2019
37,6667;18.10.2019
36,8158;19.10.2019
37,9508;20.10.2019
51,3608;21.10.2019
52,5683;22.10.2019
49,9767;23.10.2019
44,0908;24.10.2019
41,7817;25.10.2019
21,2008;26.10.2019
33,2675;27.10.2019
49,7225;28.10.2019
55,2325;29.10.2019
54,4483;30.10.2019
46,5258;31.10.2019
34,5917;01.11.2019
30,12;02.11.2019
35,9967;03.11.2019
46,3967;04.11.2019
51,08;05.11.2019
61,8108;06.11.2019
47,4525;07.11.2019
55,1425;08.11.2019
44,13;09.11.2019
43,0825;10.11.2019
46,2875;11.11.2019
47,6933;12.11.2019
55,215;13.11.2019
51,1033;14.11.2019
41,9442;15.11.2019
40,06;16.11.2019
40,5508;17.11.2019
49,6758;18.11.2019
56,2117;19.11.2019
62,4125;20.11.2019
58,18;21.11.2019
48,8817;22.11.2019
33,9308;23.11.2019
41,6925;24.11.2019
58,7733;25.11.2019
53,62;26.11.2019
44,3325;27.11.2019
38,1683;28.11.2019
47,5642;29.11.2019
45,4808;30.11.2019
46,5417;01.12.2019
50,565;02.12.2019
59,2208;03.12.2019
54,6767;04.12.2019
46,4767;05.12.2019
37,8292;06.12.2019
36,3417;07.12.2019
-13,655;08.12.2019
39,7067;09.12.2019
47,5392;10.12.2019
50,4967;11.12.2019
50,4642;12.12.2019
43,9633;13.12.2019
24,8525;14.12.2019
14,7658;15.12.2019
46,0467;16.12.2019
40,9342;17.12.2019
48,105;18.12.2019
39,0633;19.12.2019
32,2242;20.12.2019
36,7492;21.12.2019
36,5067;22.12.2019
36,3542;23.12.2019
33,295;24.12.2019
33,01;25.12.2019
37,25;26.12.2019
42,6408;27.12.2019
37,4192;28.12.2019
33,3042;29.12.2019
32,5217;30.12.2019
40,3617;31.12.2019
34,115;01.01.2020
45,1833;02.01.2020
35,3525;03.01.2020
21,7158;04.01.2020
38,5825;05.01.2020
43,9817;06.01.2020
48,0417;07.01.2020
43,9333;08.01.2020
39,105;09.01.2020
37,11;10.01.2020
35,13;11.01.2020
23,9658;12.01.2020
46,7608;13.01.2020
29,8917;14.01.2020
30,25;15.01.2020
44,0425;16.01.2020
42,6775;17.01.2020
35,71;18.01.2020
35,38;19.01.2020
50,3192;20.01.2020
46,5925;21.01.2020
52,4433;22.01.2020
59,2083;23.01.2020
58,8625;24.01.2020
44,1483;25.01.2020
37,4842;26.01.2020
43,415;27.01.2020
36,0083;28.01.2020
39,3217;29.01.2020
38,6967;30.01.2020
32,8783;31.01.2020
14,47;01.02.2020
31,435;02.02.2020
33,9775;03.02.2020
32,5458;04.02.2020
41,4192;05.02.2020
41,9267;06.02.2020
40,2975;07.02.2020
31,2642;08.02.2020
-2,6533;09.02.2020
16,2058;10.02.2020
16,05;11.02.2020
24,2225;12.02.2020
41,9633;13.02.2020
42,2917;14.02.2020
23,3617;15.02.2020
-11,6025;16.02.2020
32,6033;17.02.2020
23,5317;18.02.2020
34,3325;19.02.2020
32,555;20.02.2020
30,1958;21.02.2020
-2,5067;22.02.2020
13,0008;23.02.2020
39,6558;24.02.2020
28,8225;25.02.2020
34,4983;26.02.2020
44,9858;27.02.2020
33,8225;28.02.2020
9,6892;29.02.2020
7,7233;01.03.2020
38,8375;02.03.2020
41,1583;03.03.2020
45,9308;04.03.2020
41,1108;05.03.2020
34,185;06.03.2020
31,02;07.03.2020
15,5867;08.03.2020
43,2317;09.03.2020
28,3892;10.03.2020
30,6517;11.03.2020
14,0208;12.03.2020
14,325;13.03.2020
29,9575;14.03.2020
-3,5883;15.03.2020
34,1667;16.03.2020
28,92;17.03.2020
26,8092;18.03.2020
29,8617;19.03.2020
26,0083;20.03.2020
10,1;21.03.2020
-11,2467;22.03.2020
17,505;23.03.2020
20,0408;24.03.2020
23,5483;25.03.2020
22,1908;26.03.2020
20,9342;27.03.2020
9,745;28.03.2020
-1,19;29.03.2020
23,1258;30.03.2020
24,505;31.03.2020
22,3317;01.04.2020
16,3058;02.04.2020
21,5942;03.04.2020
17,9025;04.04.2020
-4,89;05.04.2020
18,6117;06.04.2020
21,9867;07.04.2020
25,385;08.04.2020
21,9508;09.04.2020
19,03;10.04.2020
16,9292;11.04.2020
7,6325;12.04.2020
-35,2658;13.04.2020
21,7233;14.04.2020
16,865;15.04.2020
23,3267;16.04.2020
27,61;17.04.2020
19,2875;18.04.2020
2,5217;19.04.2020
-3,9792;20.04.2020
-39,3583;21.04.2020
3,105;22.04.2020
24,8267;23.04.2020
17,8067;24.04.2020
15,6367;25.04.2020
14,9333;26.04.2020
24,5725;27.04.2020
26,6167;28.04.2020
24,0683;29.04.2020
20,1867;30.04.2020
3,2642;01.05.2020
10,7242;02.05.2020
10,8283;03.05.2020
27,0633;04.05.2020
21,0483;05.05.2020
20,5908;06.05.2020
22,5;07.05.2020
21,6667;08.05.2020
20,4933;09.05.2020
9,1417;10.05.2020
16,3567;11.05.2020
21,5892;12.05.2020
33,4958;13.05.2020
23,5908;14.05.2020
21,2683;15.05.2020
13,94;16.05.2020
2,23;17.05.2020
18,7883;18.05.2020
23,0717;19.05.2020
31,2925;20.05.2020
17,065;21.05.2020
18,6608;22.05.2020
8,2033;23.05.2020
-45,6375;24.05.2020
19,1275;25.05.2020
25,7875;26.05.2020
22,2217;27.05.2020
19,9983;28.05.2020
21,9892;29.05.2020
8,925;30.05.2020
-6,98;31.05.2020
-0,3908;01.06.2020
27,3908;02.06.2020
29,1483;03.06.2020
29,8933;04.06.2020
27,5883;05.06.2020
4,6292;06.06.2020
15,9908;07.06.2020
34,0217;08.06.2020
42,4858;09.06.2020
35,2458;10.06.2020
24,5908;11.06.2020
20,5242;12.06.2020
18,58;13.06.2020
18,1717;14.06.2020
34,6017;15.06.2020
37,4442;16.06.2020
40,2242;17.06.2020
34,76;18.06.2020
31,0742;19.06.2020
21,8808;20.06.2020
16,2975;21.06.2020
30,6475;22.06.2020
32,6508;23.06.2020
36,7683;24.06.2020
36,3367;25.06.2020
36,53;26.06.2020
24,025;27.06.2020
12,1375;28.06.2020
29,5225;29.06.2020
11,015;30.06.2020
33,0158;01.07.2020
41,08;02.07.2020
34,5642;03.07.2020
9,1975;04.07.2020
-36,1983;05.07.2020
9,26;06.07.2020
30,6392;07.07.2020
44,8208;08.07.2020
44,9333;09.07.2020
37,1125;10.07.2020
26,3233;11.07.2020
20,08;12.07.2020
35,5475;13.07.2020
38,41;14.07.2020
45,795;15.07.2020
49,8733;16.07.2020
39,3733;17.07.2020
26,6267;18.07.2020
24,9125;19.07.2020
32,4383;20.07.2020
29,8967;21.07.2020
34,6192;22.07.2020
34,7275;23.07.2020
31,84;24.07.2020
22,6033;25.07.2020
2,2742;26.07.2020
35,2458;27.07.2020
20,5;28.07.2020
12,2625;29.07.2020
34,1167;30.07.2020
38,2633;31.07.2020
27,2175;01.08.2020
26,7525;02.08.2020
40,6058;03.08.2020
39,8042;04.08.2020
28,365;05.08.2020
34,2267;06.08.2020
36,6333;07.08.2020
30,42;08.08.2020
27,355;09.08.2020
39,8317;10.08.2020
38,2475;11.08.2020
39,5017;12.08.2020
41,9075;13.08.2020
44,6467;14.08.2020
30,0033;15.08.2020
26,0817;16.08.2020
43,9808;17.08.2020
44,3917;18.08.2020
39,3058;19.08.2020
41,1842;20.08.2020
32,0858;21.08.2020
20,5967;22.08.2020
7,7875;23.08.2020
48,8383;24.08.2020
40,8383;25.08.2020
17,5017;26.08.2020
51,5067;27.08.2020
43,0067;28.08.2020
35,9967;29.08.2020
32,2683;30.08.2020
64,8633;31.08.2020
54,7242;01.09.2020
53,6458;02.09.2020
41,2342;03.09.2020
41,1217;04.09.2020
31,2925;05.09.2020
34,4142;06.09.2020
47,7983;07.09.2020
38,8817;08.09.2020
36,9158;09.09.2020
52,7183;10.09.2020
48,485;11.09.2020
24,7233;12.09.2020
5,2675;13.09.2020
58,5267;14.09.2020
81,315;15.09.2020
57,0325;16.09.2020
50,3858;17.09.2020
43,8158;18.09.2020
36,9058;19.09.2020
36,2883;20.09.2020
70,9725;21.09.2020
56,9583;22.09.2020
49,6158;23.09.2020
41,2375;24.09.2020
45,6017;25.09.2020
35,5425;26.09.2020
35,6408;27.09.2020
54,4442;28.09.2020
69,7425;29.09.2020
55,6917;30.09.2020
44,0808;01.10.2020
41,1467;02.10.2020
22,2867;03.10.2020
-3,0508;04.10.2020
40,3667;05.10.2020
39,6675;06.10.2020
42,3933;07.10.2020
33,5508;08.10.2020
46,585;09.10.2020
32,4575;10.10.2020
33,3258;11.10.2020
55,1192;12.10.2020
52,3717;13.10.2020
37,8483;14.10.2020
47,4125;15.10.2020
53,2467;16.10.2020
42,9592;17.10.2020
31,3942;18.10.2020
50,8833;19.10.2020
38,8392;20.10.2020
35,7308;21.10.2020
41,3517;22.10.2020
52,4742;23.10.2020
33,9742;24.10.2020
18,2725;25.10.2020
47,2525;26.10.2020
40,3233;27.10.2020
39,9283;28.10.2020
39,7142;29.10.2020
37,2817;30.10.2020
32,8542;31.10.2020
18,2367;01.11.2020
32,6667;02.11.2020
